#
# A fatal error has been detected by the Java Runtime Environment:
#
#  EXCEPTION_ACCESS_VIOLATION (0xc0000005) at pc=0x00007ff94b74c3d6, pid=31048, tid=16892
#
# JRE version: OpenJDK Runtime Environment Temurin-21.0.8+9 (21.0.8+9) (build 21.0.8+9-LTS)
# Java VM: OpenJDK 64-Bit Server VM Temurin-21.0.8+9 (21.0.8+9-LTS, mixed mode, sharing, tiered, compressed oops, compressed class ptrs, g1 gc, windows-amd64)
# Problematic frame:
# C  [skiko-windows-x64.dll+0xec3d6]
#
# No core dump will be written. Minidumps are not enabled by default on client versions of Windows
#
# If you would like to submit a bug report, please visit:
#   https://github.com/adoptium/adoptium-support/issues
# The crash happened outside the Java Virtual Machine in native code.
# See problematic frame for where to report the bug.
#

---------------  S U M M A R Y ------------

Command Line: -Dorg.gradle.internal.worker.tmpdir=C:\Users\kruz18\IdeaProjects\NotePen2\reflow\impl\build\tmp\jvmTest\work -Xmx512m -Dfile.encoding=UTF-8 -Duser.country=RU -Duser.language=ru -Duser.variant -ea worker.org.gradle.process.internal.worker.GradleWorkerMain 'Gradle Test Executor 7'

Host: AMD Ryzen 7 5700X 8-Core Processor             , 16 cores, 63G,  Windows 11 , 64 bit Build 26100 (10.0.26100.8328)
Time: Sat Jun  6 12:12:26 2026 elapsed time: 40.982215 seconds (0d 0h 0m 40s)

---------------  T H R E A D  ---------------

Current thread (0x0000017e46d374d0):  JavaThread "AWT-EventQueue-0"        [_thread_in_native, id=16892, stack(0x00000036a7100000,0x00000036a7200000) (1024K)]

Stack: [0x00000036a7100000,0x00000036a7200000],  sp=0x00000036a71f94a0,  free space=997k
Native frames: (J=compiled Java code, j=interpreted, Vv=VM code, C=native code)
C  [skiko-windows-x64.dll+0xec3d6]

Java frames: (J=compiled Java code, j=interpreted, Vv=VM code)
j  org.jetbrains.skia.paragraph.FontCollectionKt._nFindTypefaces(JLjava/lang/Object;II)J+0
j  org.jetbrains.skia.paragraph.FontCollectionKt.access$_nFindTypefaces(JLjava/lang/Object;II)J+5
j  org.jetbrains.skia.paragraph.FontCollection.findTypefaces([Ljava/lang/String;Lorg/jetbrains/skia/FontStyle;)[Lorg/jetbrains/skia/Typeface;+61
j  androidx.compose.ui.text.platform.FontCache.loadPlatformTypes-RetOiIg$ui_text(Landroidx/compose/ui/text/font/FontFamily;Landroidx/compose/ui/text/font/FontWeight;I)Landroidx/compose/ui/text/platform/FontLoadResult;+58
j  androidx.compose.ui.text.font.SkiaFontLoader.loadPlatformTypes-RetOiIg$ui_text(Landroidx/compose/ui/text/font/FontFamily;Landroidx/compose/ui/text/font/FontWeight;I)Landroidx/compose/ui/text/platform/FontLoadResult;+7
j  androidx.compose.ui.text.font.PlatformFontFamilyTypefaceAdapter.resolve(Landroidx/compose/ui/text/font/TypefaceRequest;Landroidx/compose/ui/text/font/PlatformFontLoader;Lkotlin/jvm/functions/Function1;Lkotlin/jvm/functions/Function1;)Landroidx/compose/ui/text/font/TypefaceResult;+52
j  androidx.compose.ui.text.font.FontFamilyResolverImpl.resolve$lambda$0(Landroidx/compose/ui/text/font/FontFamilyResolverImpl;Landroidx/compose/ui/text/font/TypefaceRequest;Lkotlin/jvm/functions/Function1;)Landroidx/compose/ui/text/font/TypefaceResult;+36
j  androidx.compose.ui.text.font.FontFamilyResolverImpl$$Lambda+0x0000017e01357bb8.invoke(Ljava/lang/Object;)Ljava/lang/Object;+12
J 8217 c1 androidx.compose.ui.text.font.TypefaceRequestCache.runCached(Landroidx/compose/ui/text/font/TypefaceRequest;Lkotlin/jvm/functions/Function1;)Landroidx/compose/runtime/State; (214 bytes) @ 0x0000017e6807c5fc [0x0000017e6807bd80+0x000000000000087c]
J 8229 c1 androidx.compose.ui.text.font.FontFamilyResolverImpl.resolve(Landroidx/compose/ui/text/font/TypefaceRequest;)Landroidx/compose/runtime/State; (18 bytes) @ 0x0000017e67d1ddb4 [0x0000017e67d1d9a0+0x0000000000000414]
J 8204 c1 androidx.compose.ui.text.font.FontFamilyResolverImpl.resolve-DPcqOEQ(Landroidx/compose/ui/text/font/FontFamily;Landroidx/compose/ui/text/font/FontWeight;II)Landroidx/compose/runtime/State; (63 bytes) @ 0x0000017e67a4213c [0x0000017e67a419c0+0x000000000000077c]
J 9120 c1 androidx.compose.ui.text.platform.ParagraphBuilder.build()Lorg/jetbrains/skia/paragraph/Paragraph; (551 bytes) @ 0x0000017e67ee54ac [0x0000017e67ee3220+0x000000000000228c]
J 8418 c1 androidx.compose.ui.text.platform.ParagraphLayouter.layoutParagraph(F)Lorg/jetbrains/skia/paragraph/Paragraph; (97 bytes) @ 0x0000017e6820498c [0x0000017e68204440+0x000000000000054c]
J 10708 c1 androidx.compose.ui.text.platform.SkiaParagraphIntrinsics.<init>(Ljava/lang/String;Landroidx/compose/ui/text/TextStyle;Ljava/util/List;Ljava/util/List;Landroidx/compose/ui/unit/Density;Landroidx/compose/ui/text/font/FontFamily$Resolver;)V (119 bytes) @ 0x0000017e6799d494 [0x0000017e6799ce20+0x0000000000000674]
J 10707 c1 androidx.compose.ui.text.platform.SkiaParagraphIntrinsics_skikoKt.ActualParagraphIntrinsics(Ljava/lang/String;Landroidx/compose/ui/text/TextStyle;Ljava/util/List;Ljava/util/List;Landroidx/compose/ui/unit/Density;Landroidx/compose/ui/text/font/FontFamily$Resolver;)Landroidx/compose/ui/text/ParagraphIntrinsics; (19 bytes) @ 0x0000017e6835bfac [0x0000017e6835bec0+0x00000000000000ec]
J 10732 c1 androidx.compose.ui.text.ParagraphIntrinsicsKt.ParagraphIntrinsics(Ljava/lang/String;Landroidx/compose/ui/text/TextStyle;Ljava/util/List;Landroidx/compose/ui/unit/Density;Landroidx/compose/ui/text/font/FontFamily$Resolver;Ljava/util/List;)Landroidx/compose/ui/text/ParagraphIntrinsics; (12 bytes) @ 0x0000017e68175f2c [0x0000017e68175ec0+0x000000000000006c]
j  androidx.compose.foundation.text.modifiers.ParagraphLayoutCache.setLayoutDirection(Landroidx/compose/ui/unit/LayoutDirection;)Landroidx/compose/ui/text/ParagraphIntrinsics;+61
j  androidx.compose.foundation.text.modifiers.ParagraphLayoutCache.layoutText-K40F9xA$foundation(JLandroidx/compose/ui/unit/LayoutDirection;)Landroidx/compose/ui/text/Paragraph;+2
j  androidx.compose.foundation.text.modifiers.ParagraphLayoutCache.layoutWithConstraints-K40F9xA(JLandroidx/compose/ui/unit/LayoutDirection;)Z+252
j  androidx.compose.foundation.text.modifiers.TextStringSimpleNode.measure-3p2s80s(Landroidx/compose/ui/layout/MeasureScope;Landroidx/compose/ui/layout/Measurable;J)Landroidx/compose/ui/layout/MeasureResult;+30
J 9262 c1 androidx.compose.ui.node.LayoutModifierNodeCoordinator.measure-BRTryo0(J)Landroidx/compose/ui/layout/Placeable; (353 bytes) @ 0x0000017e68147ba4 [0x0000017e68145740+0x0000000000002464]
J 9312 c1 androidx.compose.ui.node.MeasurePassDelegate$$Lambda+0x0000017e012a83f0.invoke()Ljava/lang/Object; (8 bytes) @ 0x0000017e6824a36c [0x0000017e6824a160+0x000000000000020c]
J 7534 c1 androidx.compose.runtime.snapshots.SnapshotStateObserver.observeReads(Ljava/lang/Object;Lkotlin/jvm/functions/Function1;Lkotlin/jvm/functions/Function0;)V (890 bytes) @ 0x0000017e67c926fc [0x0000017e67c905a0+0x000000000000215c]
J 9242 c1 androidx.compose.ui.node.MeasurePassDelegate.remeasure-BRTryo0(J)Z (465 bytes) @ 0x0000017e67c7532c [0x0000017e67c74480+0x0000000000000eac]
J 9266 c1 androidx.compose.ui.node.MeasurePassDelegate.measure-BRTryo0(J)Landroidx/compose/ui/layout/Placeable; (112 bytes) @ 0x0000017e6814c2cc [0x0000017e6814bc60+0x000000000000066c]
J 9727 c1 androidx.compose.foundation.layout.BoxMeasurePolicy.measure-3p2s80s(Landroidx/compose/ui/layout/MeasureScope;Ljava/util/List;J)Landroidx/compose/ui/layout/MeasureResult; (571 bytes) @ 0x0000017e6832fcf4 [0x0000017e6832f340+0x00000000000009b4]
J 9314 c1 androidx.compose.ui.node.InnerNodeCoordinator.measure-BRTryo0(J)Landroidx/compose/ui/layout/Placeable; (173 bytes) @ 0x0000017e682478c4 [0x0000017e68246aa0+0x0000000000000e24]
J 9622 c1 androidx.compose.foundation.layout.FillNode.measure-3p2s80s(Landroidx/compose/ui/layout/MeasureScope;Landroidx/compose/ui/layout/Measurable;J)Landroidx/compose/ui/layout/MeasureResult; (314 bytes) @ 0x0000017e682f9f0c [0x0000017e682f98a0+0x000000000000066c]
J 9262 c1 androidx.compose.ui.node.LayoutModifierNodeCoordinator.measure-BRTryo0(J)Landroidx/compose/ui/layout/Placeable; (353 bytes) @ 0x0000017e68147ba4 [0x0000017e68145740+0x0000000000002464]
J 9312 c1 androidx.compose.ui.node.MeasurePassDelegate$$Lambda+0x0000017e012a83f0.invoke()Ljava/lang/Object; (8 bytes) @ 0x0000017e6824a36c [0x0000017e6824a160+0x000000000000020c]
J 7534 c1 androidx.compose.runtime.snapshots.SnapshotStateObserver.observeReads(Ljava/lang/Object;Lkotlin/jvm/functions/Function1;Lkotlin/jvm/functions/Function0;)V (890 bytes) @ 0x0000017e67c926fc [0x0000017e67c905a0+0x000000000000215c]
J 9242 c1 androidx.compose.ui.node.MeasurePassDelegate.remeasure-BRTryo0(J)Z (465 bytes) @ 0x0000017e67c7532c [0x0000017e67c74480+0x0000000000000eac]
J 9266 c1 androidx.compose.ui.node.MeasurePassDelegate.measure-BRTryo0(J)Landroidx/compose/ui/layout/Placeable; (112 bytes) @ 0x0000017e6814c2cc [0x0000017e6814bc60+0x000000000000066c]
J 9727 c1 androidx.compose.foundation.layout.BoxMeasurePolicy.measure-3p2s80s(Landroidx/compose/ui/layout/MeasureScope;Ljava/util/List;J)Landroidx/compose/ui/layout/MeasureResult; (571 bytes) @ 0x0000017e6832fcf4 [0x0000017e6832f340+0x00000000000009b4]
j  androidx.compose.foundation.layout.BoxWithConstraintsKt.BoxWithConstraints$lambda$0$0(Landroidx/compose/ui/layout/MeasurePolicy;Lkotlin/jvm/functions/Function3;Landroidx/compose/ui/layout/SubcomposeMeasureScope;Landroidx/compose/ui/unit/Constraints;)Landroidx/compose/ui/layout/MeasureResult;+64
j  androidx.compose.foundation.layout.BoxWithConstraintsKt$$Lambda+0x0000017e01320ea8.invoke(Ljava/lang/Object;Ljava/lang/Object;)Ljava/lang/Object;+16
j  androidx.compose.ui.layout.LayoutNodeSubcompositionsState$createMeasurePolicy$1.measure-3p2s80s(Landroidx/compose/ui/layout/MeasureScope;Ljava/util/List;J)Landroidx/compose/ui/layout/MeasureResult;+174
J 9314 c1 androidx.compose.ui.node.InnerNodeCoordinator.measure-BRTryo0(J)Landroidx/compose/ui/layout/Placeable; (173 bytes) @ 0x0000017e682478c4 [0x0000017e68246aa0+0x0000000000000e24]
J 9622 c1 androidx.compose.foundation.layout.FillNode.measure-3p2s80s(Landroidx/compose/ui/layout/MeasureScope;Landroidx/compose/ui/layout/Measurable;J)Landroidx/compose/ui/layout/MeasureResult; (314 bytes) @ 0x0000017e682f9f0c [0x0000017e682f98a0+0x000000000000066c]
J 9262 c1 androidx.compose.ui.node.LayoutModifierNodeCoordinator.measure-BRTryo0(J)Landroidx/compose/ui/layout/Placeable; (353 bytes) @ 0x0000017e68147ba4 [0x0000017e68145740+0x0000000000002464]
J 9312 c1 androidx.compose.ui.node.MeasurePassDelegate$$Lambda+0x0000017e012a83f0.invoke()Ljava/lang/Object; (8 bytes) @ 0x0000017e6824a36c [0x0000017e6824a160+0x000000000000020c]
J 7534 c1 androidx.compose.runtime.snapshots.SnapshotStateObserver.observeReads(Ljava/lang/Object;Lkotlin/jvm/functions/Function1;Lkotlin/jvm/functions/Function0;)V (890 bytes) @ 0x0000017e67c926fc [0x0000017e67c905a0+0x000000000000215c]
J 9242 c1 androidx.compose.ui.node.MeasurePassDelegate.remeasure-BRTryo0(J)Z (465 bytes) @ 0x0000017e67c7532c [0x0000017e67c74480+0x0000000000000eac]
J 9266 c1 androidx.compose.ui.node.MeasurePassDelegate.measure-BRTryo0(J)Landroidx/compose/ui/layout/Placeable; (112 bytes) @ 0x0000017e6814c2cc [0x0000017e6814bc60+0x000000000000066c]
J 9727 c1 androidx.compose.foundation.layout.BoxMeasurePolicy.measure-3p2s80s(Landroidx/compose/ui/layout/MeasureScope;Ljava/util/List;J)Landroidx/compose/ui/layout/MeasureResult; (571 bytes) @ 0x0000017e6832fcf4 [0x0000017e6832f340+0x00000000000009b4]
J 9314 c1 androidx.compose.ui.node.InnerNodeCoordinator.measure-BRTryo0(J)Landroidx/compose/ui/layout/Placeable; (173 bytes) @ 0x0000017e682478c4 [0x0000017e68246aa0+0x0000000000000e24]
J 9312 c1 androidx.compose.ui.node.MeasurePassDelegate$$Lambda+0x0000017e012a83f0.invoke()Ljava/lang/Object; (8 bytes) @ 0x0000017e6824a36c [0x0000017e6824a160+0x000000000000020c]
J 7534 c1 androidx.compose.runtime.snapshots.SnapshotStateObserver.observeReads(Ljava/lang/Object;Lkotlin/jvm/functions/Function1;Lkotlin/jvm/functions/Function0;)V (890 bytes) @ 0x0000017e67c926fc [0x0000017e67c905a0+0x000000000000215c]
J 9242 c1 androidx.compose.ui.node.MeasurePassDelegate.remeasure-BRTryo0(J)Z (465 bytes) @ 0x0000017e67c7532c [0x0000017e67c74480+0x0000000000000eac]
J 9266 c1 androidx.compose.ui.node.MeasurePassDelegate.measure-BRTryo0(J)Landroidx/compose/ui/layout/Placeable; (112 bytes) @ 0x0000017e6814c2cc [0x0000017e6814bc60+0x000000000000066c]
J 9727 c1 androidx.compose.foundation.layout.BoxMeasurePolicy.measure-3p2s80s(Landroidx/compose/ui/layout/MeasureScope;Ljava/util/List;J)Landroidx/compose/ui/layout/MeasureResult; (571 bytes) @ 0x0000017e6833234c [0x0000017e6832f340+0x000000000000300c]
J 9314 c1 androidx.compose.ui.node.InnerNodeCoordinator.measure-BRTryo0(J)Landroidx/compose/ui/layout/Placeable; (173 bytes) @ 0x0000017e682478c4 [0x0000017e68246aa0+0x0000000000000e24]
j  androidx.compose.foundation.layout.PaddingNode.measure-3p2s80s(Landroidx/compose/ui/layout/MeasureScope;Landroidx/compose/ui/layout/Measurable;J)Landroidx/compose/ui/layout/MeasureResult;+57
J 9262 c1 androidx.compose.ui.node.LayoutModifierNodeCoordinator.measure-BRTryo0(J)Landroidx/compose/ui/layout/Placeable; (353 bytes) @ 0x0000017e68147ba4 [0x0000017e68145740+0x0000000000002464]
J 9622 c1 androidx.compose.foundation.layout.FillNode.measure-3p2s80s(Landroidx/compose/ui/layout/MeasureScope;Landroidx/compose/ui/layout/Measurable;J)Landroidx/compose/ui/layout/MeasureResult; (314 bytes) @ 0x0000017e682f9f0c [0x0000017e682f98a0+0x000000000000066c]
J 9262 c1 androidx.compose.ui.node.LayoutModifierNodeCoordinator.measure-BRTryo0(J)Landroidx/compose/ui/layout/Placeable; (353 bytes) @ 0x0000017e68147ba4 [0x0000017e68145740+0x0000000000002464]
J 9312 c1 androidx.compose.ui.node.MeasurePassDelegate$$Lambda+0x0000017e012a83f0.invoke()Ljava/lang/Object; (8 bytes) @ 0x0000017e6824a36c [0x0000017e6824a160+0x000000000000020c]
J 7534 c1 androidx.compose.runtime.snapshots.SnapshotStateObserver.observeReads(Ljava/lang/Object;Lkotlin/jvm/functions/Function1;Lkotlin/jvm/functions/Function0;)V (890 bytes) @ 0x0000017e67c926fc [0x0000017e67c905a0+0x000000000000215c]
J 9242 c1 androidx.compose.ui.node.MeasurePassDelegate.remeasure-BRTryo0(J)Z (465 bytes) @ 0x0000017e67c7532c [0x0000017e67c74480+0x0000000000000eac]
J 9266 c1 androidx.compose.ui.node.MeasurePassDelegate.measure-BRTryo0(J)Landroidx/compose/ui/layout/Placeable; (112 bytes) @ 0x0000017e6814c2cc [0x0000017e6814bc60+0x000000000000066c]
J 9727 c1 androidx.compose.foundation.layout.BoxMeasurePolicy.measure-3p2s80s(Landroidx/compose/ui/layout/MeasureScope;Ljava/util/List;J)Landroidx/compose/ui/layout/MeasureResult; (571 bytes) @ 0x0000017e6832fcf4 [0x0000017e6832f340+0x00000000000009b4]
J 9314 c1 androidx.compose.ui.node.InnerNodeCoordinator.measure-BRTryo0(J)Landroidx/compose/ui/layout/Placeable; (173 bytes) @ 0x0000017e682478c4 [0x0000017e68246aa0+0x0000000000000e24]
j  androidx.compose.foundation.layout.SizeNode.measure-3p2s80s(Landroidx/compose/ui/layout/MeasureScope;Landroidx/compose/ui/layout/Measurable;J)Landroidx/compose/ui/layout/MeasureResult;+307
J 9262 c1 androidx.compose.ui.node.LayoutModifierNodeCoordinator.measure-BRTryo0(J)Landroidx/compose/ui/layout/Placeable; (353 bytes) @ 0x0000017e68147ba4 [0x0000017e68145740+0x0000000000002464]
J 9312 c1 androidx.compose.ui.node.MeasurePassDelegate$$Lambda+0x0000017e012a83f0.invoke()Ljava/lang/Object; (8 bytes) @ 0x0000017e6824a36c [0x0000017e6824a160+0x000000000000020c]
J 7534 c1 androidx.compose.runtime.snapshots.SnapshotStateObserver.observeReads(Ljava/lang/Object;Lkotlin/jvm/functions/Function1;Lkotlin/jvm/functions/Function0;)V (890 bytes) @ 0x0000017e67c926fc [0x0000017e67c905a0+0x000000000000215c]
J 9242 c1 androidx.compose.ui.node.MeasurePassDelegate.remeasure-BRTryo0(J)Z (465 bytes) @ 0x0000017e67c7532c [0x0000017e67c74480+0x0000000000000eac]
J 9266 c1 androidx.compose.ui.node.MeasurePassDelegate.measure-BRTryo0(J)Landroidx/compose/ui/layout/Placeable; (112 bytes) @ 0x0000017e6814c2cc [0x0000017e6814bc60+0x000000000000066c]
j  androidx.compose.ui.layout.RootMeasurePolicy.measure-3p2s80s(Landroidx/compose/ui/layout/MeasureScope;Ljava/util/List;J)Landroidx/compose/ui/layout/MeasureResult;+62
J 9314 c1 androidx.compose.ui.node.InnerNodeCoordinator.measure-BRTryo0(J)Landroidx/compose/ui/layout/Placeable; (173 bytes) @ 0x0000017e682478c4 [0x0000017e68246aa0+0x0000000000000e24]
j  androidx.compose.ui.layout.RulerProviderModifierNode.measure-3p2s80s(Landroidx/compose/ui/layout/MeasureScope;Landroidx/compose/ui/layout/Measurable;J)Landroidx/compose/ui/layout/MeasureResult;+2
J 9262 c1 androidx.compose.ui.node.LayoutModifierNodeCoordinator.measure-BRTryo0(J)Landroidx/compose/ui/layout/Placeable; (353 bytes) @ 0x0000017e68147ba4 [0x0000017e68145740+0x0000000000002464]
J 9312 c1 androidx.compose.ui.node.MeasurePassDelegate$$Lambda+0x0000017e012a83f0.invoke()Ljava/lang/Object; (8 bytes) @ 0x0000017e6824a36c [0x0000017e6824a160+0x000000000000020c]
J 7534 c1 androidx.compose.runtime.snapshots.SnapshotStateObserver.observeReads(Ljava/lang/Object;Lkotlin/jvm/functions/Function1;Lkotlin/jvm/functions/Function0;)V (890 bytes) @ 0x0000017e67c91eac [0x0000017e67c905a0+0x000000000000190c]
J 9242 c1 androidx.compose.ui.node.MeasurePassDelegate.remeasure-BRTryo0(J)Z (465 bytes) @ 0x0000017e67c7532c [0x0000017e67c74480+0x0000000000000eac]
j  androidx.compose.ui.node.LayoutNode.remeasure-_Sx5XlM$ui(Landroidx/compose/ui/unit/Constraints;)Z+26
j  androidx.compose.ui.node.MeasureAndLayoutDelegate.doRemeasure-sdFAvZA(Landroidx/compose/ui/node/LayoutNode;Landroidx/compose/ui/unit/Constraints;)Z+6
j  androidx.compose.ui.node.MeasureAndLayoutDelegate.remeasureIfNeeded(Landroidx/compose/ui/node/LayoutNode;ZZ)Z+169
j  androidx.compose.ui.node.MeasureAndLayoutDelegate.access$remeasureIfNeeded(Landroidx/compose/ui/node/MeasureAndLayoutDelegate;Landroidx/compose/ui/node/LayoutNode;ZZ)Z+4
j  androidx.compose.ui.node.MeasureAndLayoutDelegate.measureAndLayout(Lkotlin/jvm/functions/Function0;)Z+346
J 8530 c1 androidx.compose.ui.node.RootNodeOwner$OwnerImpl.measureAndLayout(Z)V (111 bytes) @ 0x0000017e67ef01bc [0x0000017e67eefc80+0x000000000000053c]
J 8528 c1 androidx.compose.ui.scene.CanvasLayersComposeSceneImpl.measureAndLayout()V (148 bytes) @ 0x0000017e67ef1634 [0x0000017e67ef0dc0+0x0000000000000874]
J 9025 c1 androidx.compose.ui.scene.BaseComposeScene.render(Landroidx/compose/ui/graphics/Canvas;J)V (274 bytes) @ 0x0000017e68094a5c [0x0000017e680937a0+0x00000000000012bc]
J 9022 c1 androidx.compose.ui.test.SkikoComposeUiTest.render(J)V (37 bytes) @ 0x0000017e67bedc54 [0x0000017e67bed1e0+0x0000000000000a74]
j  androidx.compose.ui.test.SkikoComposeUiTest.advanceIfNeededAndRenderNextFrame$lambda$0(Landroidx/compose/ui/test/SkikoComposeUiTest;)Lkotlin/Unit;+10
j  androidx.compose.ui.test.SkikoComposeUiTest$$Lambda+0x0000017e0132e970.invoke()Ljava/lang/Object;+4
j  androidx.compose.ui.test.DesktopSynchronization_desktopKt.runOnUiThread$lambda$0(Lkotlin/jvm/functions/Function0;)Ljava/lang/Object;+1
j  androidx.compose.ui.test.DesktopSynchronization_desktopKt$$Lambda+0x0000017e01268f88.call()Ljava/lang/Object;+4
j  java.util.concurrent.FutureTask.run()V+39 java.base@21.0.8
j  java.awt.event.InvocationEvent.dispatch()V+11 java.desktop@21.0.8
j  java.awt.EventQueue.dispatchEventImpl(Ljava/awt/AWTEvent;Ljava/lang/Object;)V+21 java.desktop@21.0.8
j  java.awt.EventQueue$4.run()Ljava/lang/Void;+32 java.desktop@21.0.8
j  java.awt.EventQueue$4.run()Ljava/lang/Object;+1 java.desktop@21.0.8
J 11127 c1 java.security.AccessController.executePrivileged(Ljava/security/PrivilegedAction;Ljava/security/AccessControlContext;Ljava/lang/Class;)Ljava/lang/Object; java.base@21.0.8 (65 bytes) @ 0x0000017e684817c4 [0x0000017e68481660+0x0000000000000164]
j  java.security.AccessController.doPrivileged(Ljava/security/PrivilegedAction;Ljava/security/AccessControlContext;)Ljava/lang/Object;+13 java.base@21.0.8
j  java.security.ProtectionDomain$JavaSecurityAccessImpl.doIntersectionPrivilege(Ljava/security/PrivilegedAction;Ljava/security/AccessControlContext;Ljava/security/AccessControlContext;)Ljava/lang/Object;+18 java.base@21.0.8
j  java.awt.EventQueue.dispatchEvent(Ljava/awt/AWTEvent;)V+46 java.desktop@21.0.8
j  java.awt.EventDispatchThread.pumpOneEventForFilters(I)V+81 java.desktop@21.0.8
j  java.awt.EventDispatchThread.pumpEventsForFilter(ILjava/awt/Conditional;Ljava/awt/EventFilter;)V+35 java.desktop@21.0.8
j  java.awt.EventDispatchThread.pumpEventsForHierarchy(ILjava/awt/Conditional;Ljava/awt/Component;)V+11 java.desktop@21.0.8
j  java.awt.EventDispatchThread.pumpEvents(ILjava/awt/Conditional;)V+4 java.desktop@21.0.8
j  java.awt.EventDispatchThread.pumpEvents(Ljava/awt/Conditional;)V+3 java.desktop@21.0.8
j  java.awt.EventDispatchThread.run()V+9 java.desktop@21.0.8
v  ~StubRoutines::call_stub 0x0000017e6eb6100d

siginfo: EXCEPTION_ACCESS_VIOLATION (0xc0000005), reading address 0x0000000000000088


Registers:
RAX=0x0000000000000088, RBX=0x0000017e466df048, RCX=0x0000000000000080, RDX=0x00000000b25af8c5
RSP=0x00000036a71f94a0, RBP=0x0000000000050190, RSI=0x0000000000000000, RDI=0x0000017e466df048
R8 =0x00000036a71f941c, R9 =0x0000000000000003, R10=0xbd0939c338b4cdea, R11=0x000000000000000c
R12=0x00000036a71f9788, R13=0x0000000000000001, R14=0x0000000000000000, R15=0x00000036a71f9600
RIP=0x00007ff94b74c3d6, EFLAGS=0x0000000000010212

XMM[0]=0x0000000000000000 0x0000000000000000
XMM[1]=0x0000000040800000 0x000000003f800000
XMM[2]=0x0000000000000000 0x0000000000000000
XMM[3]=0x0000000000000000 0x0000000000000000
XMM[4]=0x0000000000000000 0x0000000000000000
XMM[5]=0x0000000000000000 0x0000000000000000
XMM[6]=0x0000000000000000 0x9e797174b481524d
XMM[7]=0x0000000000000000 0x0000000000000000
XMM[8]=0x0000000000000000 0x00000000ec376790
XMM[9]=0x0000000000000000 0x08e963551e21072f
XMM[10]=0x0000000000000000 0x000000001537a3da
XMM[11]=0x0000000000000000 0x2387762441a87d53
XMM[12]=0x0000000000000000 0x000000001e21072f
XMM[13]=0x0000000000000000 0x0000000000000000
XMM[14]=0x0000000000000000 0x0000000000000000
XMM[15]=0x0000000000000000 0x0000000000000000
  MXCSR=0x00001fa3


Register to memory mapping:

RAX=0x0000000000000088 is an unknown value
RBX=0x0000017e466df048 points into unknown readable memory: 0x0000000400000002 | 02 00 00 00 04 00 00 00
RCX=0x0000000000000080 is an unknown value
RDX=0x00000000b25af8c5 is an unknown value
RSP=0x00000036a71f94a0 is pointing into the stack for thread: 0x0000017e46d374d0
RBP=0x0000000000050190 is an unknown value
RSI=0x0 is null
RDI=0x0000017e466df048 points into unknown readable memory: 0x0000000400000002 | 02 00 00 00 04 00 00 00
R8 =0x00000036a71f941c is pointing into the stack for thread: 0x0000017e46d374d0
R9 =0x0000000000000003 is an unknown value
R10=0xbd0939c338b4cdea is an unknown value
R11=0x000000000000000c is an unknown value
R12=0x00000036a71f9788 is pointing into the stack for thread: 0x0000017e46d374d0
R13=0x0000000000000001 is an unknown value
R14=0x0 is null
R15=0x00000036a71f9600 is pointing into the stack for thread: 0x0000017e46d374d0

Top of Stack: (sp=0x00000036a71f94a0)
0x00000036a71f94a0:   0000000000000003 0000000000000000
0x00000036a71f94b0:   0000000000050190 00007ff94b74abcb
0x00000036a71f94c0:   0000000000000000 00000036a71f9600
0x00000036a71f94d0:   00000036a71f9620 00000036a71f96f8
0x00000036a71f94e0:   0000000000050190 0000017e466df048
0x00000036a71f94f0:   00000036a71f97a8 00000036a71f9788
0x00000036a71f9500:   0000017e42760db0 0000017e466df030
0x00000036a71f9510:   00000036a71f9600 00007ff94b74a309
0x00000036a71f9520:   0000000000000020 00007ffa0afb0139
0x00000036a71f9530:   00000036a71f95e8 00000000ffffffff
0x00000036a71f9540:   0000017e46d374d0 00000036a71f9758
0x00000036a71f9550:   0000000000000001 0000e239b00b9f07
0x00000036a71f9560:   000000000000000f 000000000000000f
0x00000036a71f9570:   0000017e45e7bc5e 00000001fffffffc
0x00000036a71f9580:   0000017e457a5170 00000036a71f9708
0x00000036a71f9590:   0000000000000018 00007ff94c15de44
0x00000036a71f95a0:   000000000000000f 00007ff94c82f257
0x00000036a71f95b0:   00000000ec3777f0 0000000000000000
0x00000036a71f95c0:   00000036a71f968c 0000017e45e7bc5e
0x00000036a71f95d0:   0000017e46e572e7 0000017e46e572e7
0x00000036a71f95e0:   0000017e45e7bc40 00000036a71f9708
0x00000036a71f95f0:   0000017e46d374d0 00007ffa0afbe0fb
0x00000036a71f9600:   0000017e472d90d0 0000017e472d90d8
0x00000036a71f9610:   0000017e472d90d8 0000000000050190
0x00000036a71f9620:   0000017e46d374d0 00007ff94c82e73f
0x00000036a71f9630:   0000017e46d37888 0000c5fc00000000
0x00000036a71f9640:   0000017e46d37888 0000017e457a5170
0x00000036a71f9650:   0000017e457a5170 00007ff94b6767d8
0x00000036a71f9660:   0000017e46d37800 0000c5fc50b815bb
0x00000036a71f9670:   9e797174b481524d 0000000000000000
0x00000036a71f9680:   0000017e45e7bc40 0000017e46d37888
0x00000036a71f9690:   00000036a71f9888 00000036a71f96f8 

Instructions: (pc=0x00007ff94b74c3d6)
0x00007ff94b74c2d6:   48 81 fa 00 10 00 00 72 18 48 8b 41 f8 48 83 c1
0x00007ff94b74c2e6:   f8 48 29 c1 48 83 f9 20 73 37 48 83 c2 27 48 89
0x00007ff94b74c2f6:   c1 e8 c0 dd 94 00 48 89 3e 4a 8d 04 e7 48 89 46
0x00007ff94b74c306:   08 4a 8d 04 ef 48 89 46 10 48 89 d8 48 83 c4 30
0x00007ff94b74c316:   5b 5f 5e 41 5c 41 5d 41 5e 41 5f c3 e8 c9 ba f1
0x00007ff94b74c326:   ff 48 c7 44 24 20 00 00 00 00 31 c9 31 d2 45 31
0x00007ff94b74c336:   c0 45 31 c9 e8 81 35 9e 00 cc 41 57 41 56 41 55
0x00007ff94b74c346:   41 54 56 57 55 53 48 83 ec 38 48 89 d6 48 89 cb
0x00007ff94b74c356:   e8 a5 d6 ff ff 83 f8 02 ba 01 00 00 00 0f 43 d0
0x00007ff94b74c366:   44 8b 6b 04 48 c7 44 24 20 00 00 00 00 45 85 ed
0x00007ff94b74c376:   0f 8e 06 01 00 00 41 ff cd 41 21 d5 48 89 74 24
0x00007ff94b74c386:   28 48 8d 46 20 48 89 44 24 30 45 31 f6 eb 2f 38
0x00007ff94b74c396:   c8 0f 84 dc 00 00 00 0f 1f 00 8b 43 04 45 85 ed
0x00007ff94b74c3a6:   89 c1 ba 00 00 00 00 0f 4f ca 41 01 cd 41 ff cd
0x00007ff94b74c3b6:   41 ff c6 41 39 c6 89 fa 0f 8d be 00 00 00 49 63
0x00007ff94b74c3c6:   c5 48 8b 73 08 48 89 c1 48 c1 e1 07 48 8d 04 c1
0x00007ff94b74c3d6:   8b 0c 06 85 c9 0f 84 a1 00 00 00 89 d7 39 ca 75
0x00007ff94b74c3e6:   b9 48 01 c6 48 8b 44 24 28 4c 8b 38 48 8b 68 08
0x00007ff94b74c3f6:   48 89 e8 4c 29 f8 4c 8b 66 08 48 8b 4e 10 4c 29
0x00007ff94b74c406:   e1 48 39 c8 75 94 0f 1f 40 00 49 39 ef 74 20 4c
0x00007ff94b74c416:   89 f9 4c 89 e2 e8 a0 2a f8 ff 84 c0 0f 84 78 ff
0x00007ff94b74c426:   ff ff 49 83 c7 08 49 83 c4 08 49 39 ef 75 e0 48
0x00007ff94b74c436:   8b 44 24 28 8b 40 18 3b 46 20 0f 85 5a ff ff ff
0x00007ff94b74c446:   48 8b 44 24 28 0f b6 40 60 0f b6 4e 68 3c 01 0f
0x00007ff94b74c456:   85 3a ff ff ff 84 c9 0f 84 32 ff ff ff 48 8d 56
0x00007ff94b74c466:   28 48 8b 4c 24 30 e8 9f 8d 20 00 84 c0 0f 84 27
0x00007ff94b74c476:   ff ff ff 48 83 c6 08 48 89 74 24 20 48 8b 44 24
0x00007ff94b74c486:   20 48 83 c4 38 5b 5d 5f 5e 41 5c 41 5d 41 5e 41
0x00007ff94b74c496:   5f c3 cc cc cc cc cc cc cc cc 41 57 41 56 56 57
0x00007ff94b74c4a6:   53 48 83 ec 20 48 63 fa ba 88 00 00 00 48 89 f8
0x00007ff94b74c4b6:   48 f7 e2 41 0f 90 c0 48 83 c0 08 48 c7 c2 ff ff
0x00007ff94b74c4c6:   ff ff 48 0f 42 c2 48 89 ce 44 8b 71 04 c7 01 00 


Stack slot to memory mapping:

stack at sp + 0 slots: 0x0000000000000003 is an unknown value
stack at sp + 1 slots: 0x0 is null
stack at sp + 2 slots: 0x0000000000050190 is an unknown value
stack at sp + 3 slots: 0x00007ff94b74abcb skiko-windows-x64.dll
stack at sp + 4 slots: 0x0 is null
stack at sp + 5 slots: 0x00000036a71f9600 is pointing into the stack for thread: 0x0000017e46d374d0
stack at sp + 6 slots: 0x00000036a71f9620 is pointing into the stack for thread: 0x0000017e46d374d0
stack at sp + 7 slots: 0x00000036a71f96f8 is pointing into the stack for thread: 0x0000017e46d374d0


Compiled method (c1) 41036 8217   !   3       androidx.compose.ui.text.font.TypefaceRequestCache::runCached (214 bytes)
 total in heap  [0x0000017e6807ba90,0x0000017e6807d990] = 7936
 relocation     [0x0000017e6807bbf0,0x0000017e6807bd78] = 392
 main code      [0x0000017e6807bd80,0x0000017e6807d080] = 4864
 stub code      [0x0000017e6807d080,0x0000017e6807d110] = 144
 oops           [0x0000017e6807d110,0x0000017e6807d120] = 16
 metadata       [0x0000017e6807d120,0x0000017e6807d180] = 96
 scopes data    [0x0000017e6807d180,0x0000017e6807d4e8] = 872
 scopes pcs     [0x0000017e6807d4e8,0x0000017e6807d748] = 608
 dependencies   [0x0000017e6807d748,0x0000017e6807d758] = 16
 handler table  [0x0000017e6807d758,0x0000017e6807d938] = 480
 nul chk table  [0x0000017e6807d938,0x0000017e6807d990] = 88

[Constant Pool (empty)]

[MachCode]
[Entry Point]
  # {method} {0x0000017e42772f78} 'runCached' '(Landroidx/compose/ui/text/font/TypefaceRequest;Lkotlin/jvm/functions/Function1;)Landroidx/compose/runtime/State;' in 'androidx/compose/ui/text/font/TypefaceRequestCache'
  # this:     rdx:rdx   = 'androidx/compose/ui/text/font/TypefaceRequestCache'
  # parm0:    r8:r8     = 'androidx/compose/ui/text/font/TypefaceRequest'
  # parm1:    r9:r9     = 'kotlin/jvm/functions/Function1'
  #           [sp+0x100]  (sp of caller)
  0x0000017e6807bd80: 448b 5208 | 49bb 0000 | 0000 7e01 | 0000 4d03 | d34c 3bd0 

  0x0000017e6807bd94: ;   {runtime_call ic_miss_stub}
  0x0000017e6807bd94: 0f85 e629 | b306 660f | 1f44 0000 
[Verified Entry Point]
  0x0000017e6807bda0: 8984 2400 | 80ff ff55 | 4881 ecf0 | 0000 0090 | 4181 7f20 | 6500 0000 

  0x0000017e6807bdb8: ;   {runtime_call StubRoutines (final stubs)}
  0x0000017e6807bdb8: 7405 e8a1 | 8fb1 0648 | 8994 2490 | 0000 004c | 8984 2498 | 0000 004c | 898c 24a0 

  0x0000017e6807bdd4: ;   {metadata(method data for {method} {0x0000017e42772f78} 'runCached' '(Landroidx/compose/ui/text/font/TypefaceRequest;Lkotlin/jvm/functions/Function1;)Landroidx/compose/runtime/State;' in 'androidx/compose/ui/text/font/TypefaceRequestCache')}
  0x0000017e6807bdd4: 0000 0048 | b830 a504 | 437e 0100 | 008b b0cc | 0000 0083 | c602 89b0 | cc00 0000 | 81e6 fe07 
  0x0000017e6807bdf4: 0000 85f6 | 0f84 ab0f | 0000 8b72 | 0c48 8dbc | 24d0 0000 | 0048 8977 | 0848 8b06 | 4883 c801 
  0x0000017e6807be14: 4889 07f0 | 480f b13e | 0f84 1200 | 0000 482b | c448 2507 | f0ff ff48 | 8907 0f85 | 9b0f 0000 
  0x0000017e6807be34: 49ff 8748 | 0500 0048 | 89b4 24a8 | 0000 008b | 7a10 483b | 0748 8bdf 

  0x0000017e6807be4c: ;   {metadata(method data for {method} {0x0000017e42772f78} 'runCached' '(Landroidx/compose/ui/text/font/TypefaceRequest;Lkotlin/jvm/functions/Function1;)Landroidx/compose/runtime/State;' in 'androidx/compose/ui/text/font/TypefaceRequestCache')}
  0x0000017e6807be4c: 48b8 30a5 | 0443 7e01 | 0000 4883 | 8010 0100 | 0001 498b | d84c 8bc3 

  0x0000017e6807be64: ;   {optimized virtual_call}
  0x0000017e6807be64: 488b d7e8 

  0x0000017e6807be68: ; ImmutableOopMap {[144]=Oop [152]=Oop [160]=Oop [168]=Oop [216]=Oop }
                      ;*invokevirtual get {reexecute=0 rethrow=0 return_oop=0}
                      ; - androidx.compose.ui.text.font.TypefaceRequestCache::runCached@23 (line 177)
  0x0000017e6807be68: 3423 1700 

  0x0000017e6807be6c: ;   {other}
  0x0000017e6807be6c: 0f1f 8400 | dc03 0000 | 4885 c075 

  0x0000017e6807be78: ;   {metadata(method data for {method} {0x0000017e42772f78} 'runCached' '(Landroidx/compose/ui/text/font/TypefaceRequest;Lkotlin/jvm/functions/Function1;)Landroidx/compose/runtime/State;' in 'androidx/compose/ui/text/font/TypefaceRequestCache')}
  0x0000017e6807be78: 1648 ba30 | a504 437e | 0100 0080 | 8a41 0100 | 0001 e9e7 

  0x0000017e6807be8c: ;   {metadata('androidx/compose/ui/text/font/TypefaceResult')}
  0x0000017e6807be8c: 0000 0048 | bfb8 7935 | 017e 0100 | 008b 5008 | 49ba 0000 | 0000 7e01 | 0000 4903 | d248 3b7a 
  0x0000017e6807beac: 200f 841a | 0000 0048 | 3bd7 0f84 | 1100 0000 

  0x0000017e6807bebc: ;   {runtime_call slow_subtype_check Runtime1 stub}
  0x0000017e6807bebc: 5257 e83d | 89bf 065a | 5a85 d20f | 848d 0000 

  0x0000017e6807becc: ;   {metadata(method data for {method} {0x0000017e42772f78} 'runCached' '(Landroidx/compose/ui/text/font/TypefaceRequest;Lkotlin/jvm/functions/Function1;)Landroidx/compose/runtime/State;' in 'androidx/compose/ui/text/font/TypefaceRequestCache')}
  0x0000017e6807becc: 0048 ba30 | a504 437e | 0100 008b | 7808 49ba | 0000 0000 | 7e01 0000 | 4903 fa48 | 3bba 5801 
  0x0000017e6807beec: 0000 750d | 4883 8260 | 0100 0001 | e979 0000 | 0048 3bba | 6801 0000 | 750d 4883 | 8270 0100 
  0x0000017e6807bf0c: 0001 e963 | 0000 0048 | 83ba 5801 | 0000 0075 | 1748 89ba | 5801 0000 | 48c7 8260 | 0100 0001 
  0x0000017e6807bf2c: 0000 00e9 | 4200 0000 | 4883 ba68 | 0100 0000 | 7517 4889 | ba68 0100 | 0048 c782 | 7001 0000 
  0x0000017e6807bf4c: 0100 0000 | e921 0000 | 00e9 1c00 

  0x0000017e6807bf58: ;   {metadata(method data for {method} {0x0000017e42772f78} 'runCached' '(Landroidx/compose/ui/text/font/TypefaceRequest;Lkotlin/jvm/functions/Function1;)Landroidx/compose/runtime/State;' in 'androidx/compose/ui/text/font/TypefaceRequestCache')}
  0x0000017e6807bf58: 0000 48ba | 30a5 0443 | 7e01 0000 | 4883 aa48 | 0100 0001 | e976 0e00 | 00e9 0000 | 0000 488b 
  0x0000017e6807bf78: f048 85f6 

  0x0000017e6807bf7c: ;   {metadata(method data for {method} {0x0000017e42772f78} 'runCached' '(Landroidx/compose/ui/text/font/TypefaceRequest;Lkotlin/jvm/functions/Function1;)Landroidx/compose/runtime/State;' in 'androidx/compose/ui/text/font/TypefaceRequestCache')}
  0x0000017e6807bf7c: 49b8 30a5 | 0443 7e01 | 0000 48c7 | c280 0100 | 0074 0748 | c7c2 9001 | 0000 498b | 3c10 488d 
  0x0000017e6807bf9c: 7f01 4989 | 3c10 0f84 | dc01 0000 | 4885 f60f | 8428 0000 

  0x0000017e6807bfb0: ;   {metadata('androidx/compose/ui/text/font/TypefaceResult$Immutable')}
  0x0000017e6807bfb0: 0048 bb40 | e835 017e | 0100 008b | 5608 49ba | 0000 0000 | 7e01 0000 | 4903 d248 | 3bda 0f85 
  0x0000017e6807bfd0: 1c0e 0000 | e900 0000 | 004c 8bc6 

  0x0000017e6807bfdc: ; implicit exception: dispatches to 0x0000017e6807cdf5
  0x0000017e6807bfdc: 483b 064c 

  0x0000017e6807bfe0: ;   {metadata(method data for {method} {0x0000017e42772f78} 'runCached' '(Landroidx/compose/ui/text/font/TypefaceRequest;Lkotlin/jvm/functions/Function1;)Landroidx/compose/runtime/State;' in 'androidx/compose/ui/text/font/TypefaceRequestCache')}
  0x0000017e6807bfe0: 8bc6 48ba | 30a5 0443 | 7e01 0000 | 4883 82b8 | 0100 0001 | 440f be46 | 0c41 83e0 | 0145 85c0 
  0x0000017e6807c000: ;   {metadata(method data for {method} {0x0000017e42772f78} 'runCached' '(Landroidx/compose/ui/text/font/TypefaceRequest;Lkotlin/jvm/functions/Function1;)Landroidx/compose/runtime/State;' in 'androidx/compose/ui/text/font/TypefaceRequestCache')}
  0x0000017e6807c000: 49b8 30a5 | 0443 7e01 | 0000 48c7 | c2e8 0100 | 0075 0748 | c7c2 d801 | 0000 498b | 3c10 488d 
  0x0000017e6807c020: 7f01 4989 | 3c10 0f85 | e509 0000 | 488b 9424 | 9000 0000 | 8b72 1048 | 3b06 4c8b 

  0x0000017e6807c03c: ;   {metadata(method data for {method} {0x0000017e42772f78} 'runCached' '(Landroidx/compose/ui/text/font/TypefaceRequest;Lkotlin/jvm/functions/Function1;)Landroidx/compose/runtime/State;' in 'androidx/compose/ui/text/font/TypefaceRequestCache')}
  0x0000017e6807c03c: c648 bf30 | a504 437e | 0100 0048 | 8387 3002 | 0000 014c | 8b84 2498 | 0000 0048 | 8bd6 0f1f 
  0x0000017e6807c05c: ;   {optimized virtual_call}
  0x0000017e6807c05c: 4400 00e8 

  0x0000017e6807c060: ; ImmutableOopMap {[144]=Oop [152]=Oop [160]=Oop [168]=Oop [216]=Oop }
                      ;*invokevirtual remove {reexecute=0 rethrow=0 return_oop=0}
                      ; - androidx.compose.ui.text.font.TypefaceRequestCache::runCached@66 (line 181)
  0x0000017e6807c060: 1c2a b306 

  0x0000017e6807c064: ;   {other}
  0x0000017e6807c064: 0f1f 8400 | d405 0001 | 4885 c075 

  0x0000017e6807c070: ;   {metadata(method data for {method} {0x0000017e42772f78} 'runCached' '(Landroidx/compose/ui/text/font/TypefaceRequest;Lkotlin/jvm/functions/Function1;)Landroidx/compose/runtime/State;' in 'androidx/compose/ui/text/font/TypefaceRequestCache')}
  0x0000017e6807c070: 1648 ba30 | a504 437e | 0100 0080 | 8a61 0200 | 0001 e9e7 

  0x0000017e6807c084: ;   {metadata('androidx/compose/ui/text/font/TypefaceResult')}
  0x0000017e6807c084: 0000 0048 | beb8 7935 | 017e 0100 | 008b 5008 | 49ba 0000 | 0000 7e01 | 0000 4903 | d248 3b72 
  0x0000017e6807c0a4: 200f 841a | 0000 0048 | 3bd6 0f84 | 1100 0000 

  0x0000017e6807c0b4: ;   {runtime_call slow_subtype_check Runtime1 stub}
  0x0000017e6807c0b4: 5256 e845 | 87bf 065a | 5a85 d20f | 848d 0000 

  0x0000017e6807c0c4: ;   {metadata(method data for {method} {0x0000017e42772f78} 'runCached' '(Landroidx/compose/ui/text/font/TypefaceRequest;Lkotlin/jvm/functions/Function1;)Landroidx/compose/runtime/State;' in 'androidx/compose/ui/text/font/TypefaceRequestCache')}
  0x0000017e6807c0c4: 0048 ba30 | a504 437e | 0100 008b | 7008 49ba | 0000 0000 | 7e01 0000 | 4903 f248 | 3bb2 7802 
  0x0000017e6807c0e4: 0000 750d | 4883 8280 | 0200 0001 | e979 0000 | 0048 3bb2 | 8802 0000 | 750d 4883 | 8290 0200 
  0x0000017e6807c104: 0001 e963 | 0000 0048 | 83ba 7802 | 0000 0075 | 1748 89b2 | 7802 0000 | 48c7 8280 | 0200 0001 
  0x0000017e6807c124: 0000 00e9 | 4200 0000 | 4883 ba88 | 0200 0000 | 7517 4889 | b288 0200 | 0048 c782 | 9002 0000 
  0x0000017e6807c144: 0100 0000 | e921 0000 | 00e9 1c00 

  0x0000017e6807c150: ;   {metadata(method data for {method} {0x0000017e42772f78} 'runCached' '(Landroidx/compose/ui/text/font/TypefaceRequest;Lkotlin/jvm/functions/Function1;)Landroidx/compose/runtime/State;' in 'androidx/compose/ui/text/font/TypefaceRequestCache')}
  0x0000017e6807c150: 0000 48ba | 30a5 0443 | 7e01 0000 | 4883 aa68 | 0200 0001 | e996 0c00 | 00e9 0000 

  0x0000017e6807c16c: ;   {metadata(method data for {method} {0x0000017e42772f78} 'runCached' '(Landroidx/compose/ui/text/font/TypefaceRequest;Lkotlin/jvm/functions/Function1;)Landroidx/compose/runtime/State;' in 'androidx/compose/ui/text/font/TypefaceRequestCache')}
  0x0000017e6807c16c: 0000 49b8 | 30a5 0443 | 7e01 0000 | 41ff 80a0 | 0200 00e9 | 0a00 0000 

  0x0000017e6807c184: ;   {oop(nullptr)}
  0x0000017e6807c184: 48b8 0000 | 0000 0000 | 0000 488d | 8424 d000 | 0000 4c8b | 004d 85c0 | 0f84 0f00 | 0000 488b 
  0x0000017e6807c1a4: 5008 f04c | 0fb1 020f | 8557 0c00 | 0049 ff8f | 4805 0000 

  0x0000017e6807c1b8: ;   {metadata(method data for {method} {0x0000017e42772f78} 'runCached' '(Landroidx/compose/ui/text/font/TypefaceRequest;Lkotlin/jvm/functions/Function1;)Landroidx/compose/runtime/State;' in 'androidx/compose/ui/text/font/TypefaceRequestCache')}
  0x0000017e6807c1b8: 49b8 30a5 | 0443 7e01 | 0000 41ff | 80b8 0200 | 004c 8b84 | 2498 0000 

  0x0000017e6807c1d0: ;   {metadata(method data for {method} {0x0000017e42772f78} 'runCached' '(Landroidx/compose/ui/text/font/TypefaceRequest;Lkotlin/jvm/functions/Function1;)Landroidx/compose/runtime/State;' in 'androidx/compose/ui/text/font/TypefaceRequestCache')}
  0x0000017e6807c1d0: 0048 be30 | a504 437e | 0100 0048 | 8db6 e002 | 0000 4d85 | c075 0cf6 | 4618 0175 | 06f0 4883 
  0x0000017e6807c1f0: ;   {metadata(method data for {method} {0x0000017e42772f78} 'runCached' '(Landroidx/compose/ui/text/font/TypefaceRequest;Lkotlin/jvm/functions/Function1;)Landroidx/compose/runtime/State;' in 'androidx/compose/ui/text/font/TypefaceRequestCache')}
  0x0000017e6807c1f0: 4e18 0148 | be30 a504 | 437e 0100 | 0048 8386 | d002 0000 

  0x0000017e6807c204: ;   {metadata(method data for {method} {0x0000017e000afc90} 'linkToTargetMethod' '(Ljava/lang/Object;Ljava/lang/Object;Ljava/lang/Object;)Ljava/lang/Object;' in 'java/lang/invoke/Invokers$Holder')}
  0x0000017e6807c204: 0148 be70 | c228 417e | 0100 008b | becc 0000 | 0083 c702 | 89be cc00 | 0000 81e7 | feff 1f00 
  0x0000017e6807c224: 85ff 0f84 | f20b 0000 

  0x0000017e6807c22c: ;   {metadata(method data for {method} {0x0000017e000b5d50} 'newInvokeSpecial' '(Ljava/lang/Object;Ljava/lang/Object;Ljava/lang/Object;)Ljava/lang/Object;' in 'java/lang/invoke/DirectMethodHandle$Holder')}
  0x0000017e6807c22c: 48be a0c4 | 2841 7e01 | 0000 488d | b648 0200 

  0x0000017e6807c23c: ;   {oop(a 'java/lang/invoke/DirectMethodHandle$Constructor'{0x00000000f252b2b8})}
  0x0000017e6807c23c: 0048 bfb8 | b252 f200 | 0000 0048 | 85ff 750a | f606 0175 | 05f0 4883 

  0x0000017e6807c254: ;   {metadata(method data for {method} {0x0000017e000afc90} 'linkToTargetMethod' '(Ljava/lang/Object;Ljava/lang/Object;Ljava/lang/Object;)Ljava/lang/Object;' in 'java/lang/invoke/Invokers$Holder')}
  0x0000017e6807c254: 0e01 48be | 70c2 2841 | 7e01 0000 | 4883 8648 | 0100 0001 

  0x0000017e6807c268: ;   {metadata(method data for {method} {0x0000017e000b5d50} 'newInvokeSpecial' '(Ljava/lang/Object;Ljava/lang/Object;Ljava/lang/Object;)Ljava/lang/Object;' in 'java/lang/invoke/DirectMethodHandle$Holder')}
  0x0000017e6807c268: 48be a0c4 | 2841 7e01 | 0000 8b9e | cc00 0000 | 83c3 0289 | 9ecc 0000 | 0081 e3fe | ff1f 0085 
  0x0000017e6807c288: db0f 84b0 

  0x0000017e6807c28c: ;   {metadata(method data for {method} {0x0000017e000b5d50} 'newInvokeSpecial' '(Ljava/lang/Object;Ljava/lang/Object;Ljava/lang/Object;)Ljava/lang/Object;' in 'java/lang/invoke/DirectMethodHandle$Holder')}
  0x0000017e6807c28c: 0b00 0048 | bea0 c428 | 417e 0100 | 0048 8db6 | 2001 0000 | 4885 ff75 | 0cf6 4608 | 0175 06f0 
  0x0000017e6807c2ac: 4883 4e08 

  0x0000017e6807c2b0: ;   {metadata(method data for {method} {0x0000017e000b5d50} 'newInvokeSpecial' '(Ljava/lang/Object;Ljava/lang/Object;Ljava/lang/Object;)Ljava/lang/Object;' in 'java/lang/invoke/DirectMethodHandle$Holder')}
  0x0000017e6807c2b0: 0148 bea0 | c428 417e | 0100 0048 | 8386 1001 

  0x0000017e6807c2c0: ;   {metadata(method data for {method} {0x0000017e000a2650} 'allocateInstance' '(Ljava/lang/Object;)Ljava/lang/Object;' in 'java/lang/invoke/DirectMethodHandle')}
  0x0000017e6807c2c0: 0000 0148 | bec8 3321 | 417e 0100 | 008b 9ecc | 0000 0083 | c302 899e | cc00 0000 | 81e3 feff 
  0x0000017e6807c2e0: 1f00 85db | 0f84 760b 

  0x0000017e6807c2e8: ;   {oop(a 'jdk/internal/misc/Unsafe'{0x00000000e0252600})}
  0x0000017e6807c2e8: 0000 48be | 0026 25e0 | 0000 0000 

  0x0000017e6807c2f4: ;   {metadata(method data for {method} {0x0000017e000a2650} 'allocateInstance' '(Ljava/lang/Object;)Ljava/lang/Object;' in 'java/lang/invoke/DirectMethodHandle')}
  0x0000017e6807c2f4: 488b de48 | b8c8 3321 | 417e 0100 | 0048 8380 | 4801 0000 

  0x0000017e6807c308: ;   {oop(a 'java/lang/Class'{0x00000000f25111b8} = 'androidx/compose/ui/text/font/TypefaceRequestCache$$Lambda+0x0000017e0135c228')}
  0x0000017e6807c308: 0149 b8b8 | 1151 f200 | 0000 0048 | 8bd6 4889 | bc24 b000 

  0x0000017e6807c31c: ;   {optimized virtual_call}
  0x0000017e6807c31c: 0000 90e8 

  0x0000017e6807c320: ; ImmutableOopMap {[144]=Oop [152]=Oop [160]=Oop [176]=Oop }
                      ;*invokevirtual allocateInstance {reexecute=0 rethrow=0 return_oop=0}
                      ; - java.lang.invoke.DirectMethodHandle::allocateInstance@12 (line 501)
                      ; - java.lang.invoke.DirectMethodHandle$Holder::newInvokeSpecial@1
                      ; - java.lang.invoke.Invokers$Holder::linkToTargetMethod@6
                      ; - androidx.compose.ui.text.font.TypefaceRequestCache::runCached@100 (line 197)
  0x0000017e6807c320: 3c6c 2507 

  0x0000017e6807c324: ;   {other}
  0x0000017e6807c324: 0f1f 8400 | 9408 0002 

  0x0000017e6807c32c: ;   {metadata(method data for {method} {0x0000017e000b5d50} 'newInvokeSpecial' '(Ljava/lang/Object;Ljava/lang/Object;Ljava/lang/Object;)Ljava/lang/Object;' in 'java/lang/invoke/DirectMethodHandle$Holder')}
  0x0000017e6807c32c: 49b8 a0c4 | 2841 7e01 | 0000 4d8d | 8030 0100 | 0048 85c0 | 750b 41f6 | 0001 7505 | f049 8308 
  0x0000017e6807c34c: ;   {metadata(method data for {method} {0x0000017e000b5d50} 'newInvokeSpecial' '(Ljava/lang/Object;Ljava/lang/Object;Ljava/lang/Object;)Ljava/lang/Object;' in 'java/lang/invoke/DirectMethodHandle$Holder')}
  0x0000017e6807c34c: 0149 b8a0 | c428 417e | 0100 004d | 8d80 5001 | 0000 488b | bc24 b000 | 0000 4885 | ff75 0d41 
  0x0000017e6807c36c: f640 0801 | 7506 f049 | 8348 0801 

  0x0000017e6807c378: ;   {metadata(method data for {method} {0x0000017e000b5d50} 'newInvokeSpecial' '(Ljava/lang/Object;Ljava/lang/Object;Ljava/lang/Object;)Ljava/lang/Object;' in 'java/lang/invoke/DirectMethodHandle$Holder')}
  0x0000017e6807c378: 49b8 a0c4 | 2841 7e01 | 0000 4983 | 8040 0100 

  0x0000017e6807c388: ;   {metadata(method data for {method} {0x0000017e000a30f8} 'constructorMethod' '(Ljava/lang/Object;)Ljava/lang/Object;' in 'java/lang/invoke/DirectMethodHandle')}
  0x0000017e6807c388: 0001 49b8 | e836 2141 | 7e01 0000 | 418b 90cc | 0000 0083 | c202 4189 | 90cc 0000 | 0081 e2fe 
  0x0000017e6807c3a8: ff1f 0085 | d20f 84ce 

  0x0000017e6807c3b0: ;   {metadata(method data for {method} {0x0000017e000b5d50} 'newInvokeSpecial' '(Ljava/lang/Object;Ljava/lang/Object;Ljava/lang/Object;)Ljava/lang/Object;' in 'java/lang/invoke/DirectMethodHandle$Holder')}
  0x0000017e6807c3b0: 0a00 0049 | b8a0 c428 | 417e 0100 | 004d 8d80 | 6001 0000 

  0x0000017e6807c3c4: ;   {oop(a 'java/lang/invoke/MemberName'{0x00000000f252b330} = {method} {0x0000017e42cb37f0} '<init>' '(Landroidx/compose/ui/text/font/TypefaceRequestCache;Landroidx/compose/ui/text/font/TypefaceRequest;)V' in 'androidx/compose/ui/text/font/TypefaceRequestCache$$Lambda+0x0000017e0135c228')}
  0x0000017e6807c3c4: 48ba 30b3 | 52f2 0000 | 0000 4885 | d275 0b41 | f600 0175 | 05f0 4983 | 0801 483b | 004c 8bc0 
  0x0000017e6807c3e4: ;   {metadata(method data for {method} {0x0000017e000b5d50} 'newInvokeSpecial' '(Ljava/lang/Object;Ljava/lang/Object;Ljava/lang/Object;)Ljava/lang/Object;' in 'java/lang/invoke/DirectMethodHandle$Holder')}
  0x0000017e6807c3e4: 48ba a0c4 | 2841 7e01 | 0000 4883 | 82a8 0100 

  0x0000017e6807c3f4: ;   {metadata(method data for {method} {0x0000017e42cb37f0} '<init>' '(Landroidx/compose/ui/text/font/TypefaceRequestCache;Landroidx/compose/ui/text/font/TypefaceRequest;)V' in 'androidx/compose/ui/text/font/TypefaceRequestCache$$Lambda+0x0000017e0135c228')}
  0x0000017e6807c3f4: 0001 49b8 | 50c0 0443 | 7e01 0000 | 418b 90cc | 0000 0083 | c202 4189 | 90cc 0000 | 0081 e2fe 
  0x0000017e6807c414: ff1f 0085 | d20f 8488 | 0a00 004c 

  0x0000017e6807c420: ;   {metadata(method data for {method} {0x0000017e42cb37f0} '<init>' '(Landroidx/compose/ui/text/font/TypefaceRequestCache;Landroidx/compose/ui/text/font/TypefaceRequest;)V' in 'androidx/compose/ui/text/font/TypefaceRequestCache$$Lambda+0x0000017e0135c228')}
  0x0000017e6807c420: 8bc0 48ba | 50c0 0443 | 7e01 0000 | 4883 8210 | 0100 0001 

  0x0000017e6807c434: ;   {metadata(method data for {method} {0x0000017e00476d38} '<init>' '()V' in 'java/lang/Object')}
  0x0000017e6807c434: 49b8 a878 | 0041 7e01 | 0000 418b | 90cc 0000 | 0083 c202 | 4189 90cc | 0000 0081 | e2fe ff1f 
  0x0000017e6807c454: 0085 d20f | 846b 0a00 | 0045 0fbe | 4740 4585 | c00f 857e | 0a00 0048 | 8b94 2490 | 0000 004c 
  0x0000017e6807c474: 8bd2 4489 | 500c 4c8b | c04c 33c2 | 49c1 e814 | 4983 f800 | 0f85 770a | 0000 450f | be47 4045 
  0x0000017e6807c494: 85c0 0f85 | 810a 0000 | 4c8b 8424 | 9800 0000 | 4d8b d044 | 8950 1048 | 8bf0 4933 | f048 c1ee 
  0x0000017e6807c4b4: 1448 83fe | 000f 857a 

  0x0000017e6807c4bc: ;   {metadata(method data for {method} {0x0000017e000afc90} 'linkToTargetMethod' '(Ljava/lang/Object;Ljava/lang/Object;Ljava/lang/Object;)Ljava/lang/Object;' in 'java/lang/invoke/Invokers$Holder')}
  0x0000017e6807c4bc: 0a00 0048 | be70 c228 | 417e 0100 | 0048 8db6 | a001 0000 | 4885 c075 | 0af6 0601 | 7505 f048 
  0x0000017e6807c4dc: ;   {metadata(method data for {method} {0x0000017e42772f78} 'runCached' '(Landroidx/compose/ui/text/font/TypefaceRequest;Lkotlin/jvm/functions/Function1;)Landroidx/compose/runtime/State;' in 'androidx/compose/ui/text/font/TypefaceRequestCache')}
  0x0000017e6807c4dc: 830e 0148 | be30 a504 | 437e 0100 | 0048 8db6 | 0003 0000 | 4885 c075 | 0cf6 0601 | 754d f048 
  0x0000017e6807c4fc: 830e 01eb | 468b 7808 | 49ba 0000 | 0000 7e01 | 0000 4903 | fa4c 8bd7 | 4833 3e48 | f7c7 fcff 
  0x0000017e6807c51c: ffff 7427 | 40f6 c702 | 7521 48f7 | 06fe ffff | ff74 1549 | 8bfa 4833 | 3e48 f7c7 | fcff ffff 
  0x0000017e6807c53c: 7409 4883 | 0e02 eb03 | 4889 3e4c | 8b8c 24a0 | 0000 0049 | 3b01 498b 

  0x0000017e6807c554: ;   {metadata(method data for {method} {0x0000017e42772f78} 'runCached' '(Landroidx/compose/ui/text/font/TypefaceRequest;Lkotlin/jvm/functions/Function1;)Landroidx/compose/runtime/State;' in 'androidx/compose/ui/text/font/TypefaceRequestCache')}
  0x0000017e6807c554: f148 bf30 | a504 437e | 0100 008b | 7608 49ba | 0000 0000 | 7e01 0000 | 4903 f248 | 3bb7 2003 
  0x0000017e6807c574: 0000 750d | 4883 8728 | 0300 0001 | e960 0000 | 0048 3bb7 | 3003 0000 | 750d 4883 | 8738 0300 
  0x0000017e6807c594: 0001 e94a | 0000 0048 | 83bf 2003 | 0000 0075 | 1748 89b7 | 2003 0000 | 48c7 8728 | 0300 0001 
  0x0000017e6807c5b4: 0000 00e9 | 2900 0000 | 4883 bf30 | 0300 0000 | 7517 4889 | b730 0300 | 0048 c787 | 3803 0000 
  0x0000017e6807c5d4: 0100 0000 | e908 0000 | 0048 8387 | 1003 0000 | 014c 8bc0 | 498b d166 | 9048 b8e0 | a379 477e 
  0x0000017e6807c5f4: ;   {virtual_call}
  0x0000017e6807c5f4: 0100 00e8 

  0x0000017e6807c5f8: ; ImmutableOopMap {[144]=Oop [152]=Oop }
                      ;*invokeinterface invoke {reexecute=0 rethrow=0 return_oop=0}
                      ; - androidx.compose.ui.text.font.TypefaceRequestCache::runCached@105 (line 197)
  0x0000017e6807c5f8: b97b b306 

  0x0000017e6807c5fc: ;   {other}
  0x0000017e6807c5fc: 0f1f 8400 | 6c0b 0003 | 4885 c075 

  0x0000017e6807c608: ;   {metadata(method data for {method} {0x0000017e42772f78} 'runCached' '(Landroidx/compose/ui/text/font/TypefaceRequest;Lkotlin/jvm/functions/Function1;)Landroidx/compose/runtime/State;' in 'androidx/compose/ui/text/font/TypefaceRequestCache')}
  0x0000017e6807c608: 1749 b830 | a504 437e | 0100 0041 | 8088 4103 | 0000 01e9 | ec00 0000 

  0x0000017e6807c620: ;   {metadata('androidx/compose/ui/text/font/TypefaceResult')}
  0x0000017e6807c620: 48ba b879 | 3501 7e01 | 0000 448b | 4008 49ba | 0000 0000 | 7e01 0000 | 4d03 c249 | 3b50 200f 
  0x0000017e6807c640: 841e 0000 | 004c 3bc2 | 0f84 1500 | 0000 4150 

  0x0000017e6807c650: ;   {runtime_call slow_subtype_check Runtime1 stub}
  0x0000017e6807c650: 52e8 aa81 | bf06 4158 | 4158 4585 | c00f 848d 

  0x0000017e6807c660: ;   {metadata(method data for {method} {0x0000017e42772f78} 'runCached' '(Landroidx/compose/ui/text/font/TypefaceRequest;Lkotlin/jvm/functions/Function1;)Landroidx/compose/runtime/State;' in 'androidx/compose/ui/text/font/TypefaceRequestCache')}
  0x0000017e6807c660: 0000 0049 | b830 a504 | 437e 0100 | 008b 5008 | 49ba 0000 | 0000 7e01 | 0000 4903 | d249 3b90 
  0x0000017e6807c680: 5803 0000 | 750d 4983 | 8060 0300 | 0001 e979 | 0000 0049 | 3b90 6803 | 0000 750d | 4983 8070 
  0x0000017e6807c6a0: 0300 0001 | e963 0000 | 0049 83b8 | 5803 0000 | 0075 1749 | 8990 5803 | 0000 49c7 | 8060 0300 
  0x0000017e6807c6c0: 0001 0000 | 00e9 4200 | 0000 4983 | b868 0300 | 0000 7517 | 4989 9068 | 0300 0049 | c780 7003 
  0x0000017e6807c6e0: 0000 0100 | 0000 e921 | 0000 00e9 | 1c00 0000 

  0x0000017e6807c6f0: ;   {metadata(method data for {method} {0x0000017e42772f78} 'runCached' '(Landroidx/compose/ui/text/font/TypefaceRequest;Lkotlin/jvm/functions/Function1;)Landroidx/compose/runtime/State;' in 'androidx/compose/ui/text/font/TypefaceRequestCache')}
  0x0000017e6807c6f0: 49b8 30a5 | 0443 7e01 | 0000 4983 | a848 0300 | 0001 e94f | 0800 00e9 | 0000 0000 | 488b f048 
  0x0000017e6807c710: 89b4 24b8 

  0x0000017e6807c714: ;   {metadata(method data for {method} {0x0000017e42772f78} 'runCached' '(Landroidx/compose/ui/text/font/TypefaceRequest;Lkotlin/jvm/functions/Function1;)Landroidx/compose/runtime/State;' in 'androidx/compose/ui/text/font/TypefaceRequestCache')}
  0x0000017e6807c714: 0000 0048 | b830 a504 | 437e 0100 | 00ff 8080 | 0300 0048 | 8b94 2490 | 0000 008b | 7a0c 4889 
  0x0000017e6807c734: bc24 c000 | 0000 4c8d | 8424 d000 | 0000 4989 | 7808 488b | 0748 83c8 | 0149 8900 | f04c 0fb1 
  0x0000017e6807c754: 070f 8412 | 0000 0048 | 2bc4 4825 | 07f0 ffff | 4989 000f | 85f7 0700 | 0049 ff87 | 4805 0000 
  0x0000017e6807c774: 8b5a 1048 | 3b03 4c8b 

  0x0000017e6807c77c: ;   {metadata(method data for {method} {0x0000017e42772f78} 'runCached' '(Landroidx/compose/ui/text/font/TypefaceRequest;Lkotlin/jvm/functions/Function1;)Landroidx/compose/runtime/State;' in 'androidx/compose/ui/text/font/TypefaceRequestCache')}
  0x0000017e6807c77c: c348 b830 | a504 437e | 0100 0048 | 8380 e003 | 0000 014c | 8b84 2498 | 0000 0048 | 8bd3 0f1f 
  0x0000017e6807c79c: ;   {optimized virtual_call}
  0x0000017e6807c79c: 4400 00e8 

  0x0000017e6807c7a0: ; ImmutableOopMap {[144]=Oop [152]=Oop [184]=Oop [192]=Oop [216]=Oop }
                      ;*invokevirtual get {reexecute=0 rethrow=0 return_oop=0}
                      ; - androidx.compose.ui.text.font.TypefaceRequestCache::runCached@163 (line 219)
  0x0000017e6807c7a0: fc19 1700 

  0x0000017e6807c7a4: ;   {other}
  0x0000017e6807c7a4: 0f1f 8400 | 140d 0004 

  0x0000017e6807c7ac: ;   {metadata(method data for {method} {0x0000017e42772f78} 'runCached' '(Landroidx/compose/ui/text/font/TypefaceRequest;Lkotlin/jvm/functions/Function1;)Landroidx/compose/runtime/State;' in 'androidx/compose/ui/text/font/TypefaceRequestCache')}
  0x0000017e6807c7ac: 4885 c049 | b830 a504 | 437e 0100 | 0049 c7c1 | 1804 0000 | 7507 49c7 | c128 0400 | 004b 8b14 
  0x0000017e6807c7cc: 0848 8d52 | 014b 8914 | 080f 85d9 | 0000 0048 | 8bb4 24b8 | 0000 0048 | 85f6 0f84 | 2900 0000 
  0x0000017e6807c7ec: ;   {metadata('androidx/compose/ui/text/font/TypefaceResult$Immutable')}
  0x0000017e6807c7ec: 48bf 40e8 | 3501 7e01 | 0000 448b | 4e08 49ba | 0000 0000 | 7e01 0000 | 4d03 ca49 | 3bf9 0f85 
  0x0000017e6807c80c: 6c07 0000 | e900 0000 | 004c 8bc6 

  0x0000017e6807c818: ; implicit exception: dispatches to 0x0000017e6807cf81
  0x0000017e6807c818: 483b 064c 

  0x0000017e6807c81c: ;   {metadata(method data for {method} {0x0000017e42772f78} 'runCached' '(Landroidx/compose/ui/text/font/TypefaceRequest;Lkotlin/jvm/functions/Function1;)Landroidx/compose/runtime/State;' in 'androidx/compose/ui/text/font/TypefaceRequestCache')}
  0x0000017e6807c81c: 8bc6 49b9 | 30a5 0443 | 7e01 0000 

  0x0000017e6807c828: ;   {metadata('androidx/compose/ui/text/font/TypefaceResult$Immutable')}
  0x0000017e6807c828: 49ba 40e8 | 3501 7e01 | 0000 4d89 | 9148 0400 | 0049 8381 | 5004 0000 | 0144 0fbe | 460c 4183 
  0x0000017e6807c848: e001 4585 

  0x0000017e6807c84c: ;   {metadata(method data for {method} {0x0000017e42772f78} 'runCached' '(Landroidx/compose/ui/text/font/TypefaceRequest;Lkotlin/jvm/functions/Function1;)Landroidx/compose/runtime/State;' in 'androidx/compose/ui/text/font/TypefaceRequestCache')}
  0x0000017e6807c84c: c049 b830 | a504 437e | 0100 0049 | c7c1 7004 | 0000 7407 | 49c7 c180 | 0400 004b | 8b14 0848 
  0x0000017e6807c86c: 8d52 014b | 8914 080f | 843b 0000 | 004c 8b84 | 2498 0000 | 0048 8b94 | 2490 0000 | 008b 5210 
  0x0000017e6807c88c: ; implicit exception: dispatches to 0x0000017e6807cf86
  0x0000017e6807c88c: 483b 024c 

  0x0000017e6807c890: ;   {metadata(method data for {method} {0x0000017e42772f78} 'runCached' '(Landroidx/compose/ui/text/font/TypefaceRequest;Lkotlin/jvm/functions/Function1;)Landroidx/compose/runtime/State;' in 'androidx/compose/ui/text/font/TypefaceRequestCache')}
  0x0000017e6807c890: 8bca 48bb | 30a5 0443 | 7e01 0000 | 4883 8390 | 0400 0001 

  0x0000017e6807c8a4: ;   {optimized virtual_call}
  0x0000017e6807c8a4: 4c8b cee8 

  0x0000017e6807c8a8: ; ImmutableOopMap {[184]=Oop [192]=Oop [216]=Oop }
                      ;*invokevirtual put {reexecute=0 rethrow=0 return_oop=0}
                      ; - androidx.compose.ui.text.font.TypefaceRequestCache::runCached@184 (line 220)
  0x0000017e6807c8a8: 1508 0000 

  0x0000017e6807c8ac: ;   {other}
  0x0000017e6807c8ac: 0f1f 8400 | 1c0e 0005 | 488d 8424 | d000 0000 | 488b 1048 | 85d2 0f84 | 0f00 0000 | 488b 7008 
  0x0000017e6807c8cc: f048 0fb1 | 160f 85b4 | 0600 0049 | ff8f 4805 

  0x0000017e6807c8dc: ;   {metadata(method data for {method} {0x0000017e42772f78} 'runCached' '(Landroidx/compose/ui/text/font/TypefaceRequest;Lkotlin/jvm/functions/Function1;)Landroidx/compose/runtime/State;' in 'androidx/compose/ui/text/font/TypefaceRequestCache')}
  0x0000017e6807c8dc: 0000 48b8 | 30a5 0443 | 7e01 0000 | ff80 c804 | 0000 488b | b424 b800 | 0000 4885 

  0x0000017e6807c8f8: ;   {metadata(method data for {method} {0x0000017e42772f78} 'runCached' '(Landroidx/compose/ui/text/font/TypefaceRequest;Lkotlin/jvm/functions/Function1;)Landroidx/compose/runtime/State;' in 'androidx/compose/ui/text/font/TypefaceRequestCache')}
  0x0000017e6807c8f8: f675 1648 | b830 a504 | 437e 0100 | 0080 88d9 | 0400 0001 | e9e7 0000 

  0x0000017e6807c910: ;   {metadata('androidx/compose/runtime/State')}
  0x0000017e6807c910: 0048 bf20 | b126 017e | 0100 008b | 4608 49ba | 0000 0000 | 7e01 0000 | 4903 c248 | 3b78 200f 
  0x0000017e6807c930: 841a 0000 | 0048 3bc7 | 0f84 1100 | 0000 5057 

  0x0000017e6807c940: ;   {runtime_call slow_subtype_check Runtime1 stub}
  0x0000017e6807c940: e8bb 7ebf | 0658 5885 | c00f 848d 

  0x0000017e6807c94c: ;   {metadata(method data for {method} {0x0000017e42772f78} 'runCached' '(Landroidx/compose/ui/text/font/TypefaceRequest;Lkotlin/jvm/functions/Function1;)Landroidx/compose/runtime/State;' in 'androidx/compose/ui/text/font/TypefaceRequestCache')}
  0x0000017e6807c94c: 0000 0048 | b830 a504 | 437e 0100 | 008b 7e08 | 49ba 0000 | 0000 7e01 | 0000 4903 | fa48 3bb8 
  0x0000017e6807c96c: f004 0000 | 750d 4883 | 80f8 0400 | 0001 e979 | 0000 0048 | 3bb8 0005 | 0000 750d | 4883 8008 
  0x0000017e6807c98c: 0500 0001 | e963 0000 | 0048 83b8 | f004 0000 | 0075 1748 | 89b8 f004 | 0000 48c7 | 80f8 0400 
  0x0000017e6807c9ac: 0001 0000 | 00e9 4200 | 0000 4883 | b800 0500 | 0000 7517 | 4889 b800 | 0500 0048 | c780 0805 
  0x0000017e6807c9cc: 0000 0100 | 0000 e921 | 0000 00e9 | 1c00 0000 

  0x0000017e6807c9dc: ;   {metadata(method data for {method} {0x0000017e42772f78} 'runCached' '(Landroidx/compose/ui/text/font/TypefaceRequest;Lkotlin/jvm/functions/Function1;)Landroidx/compose/runtime/State;' in 'androidx/compose/ui/text/font/TypefaceRequestCache')}
  0x0000017e6807c9dc: 48b8 30a5 | 0443 7e01 | 0000 4883 | a8e0 0400 | 0001 e9ae | 0500 00e9 | 0000 0000 | 488b c648 
  0x0000017e6807c9fc: 81c4 f000 

  0x0000017e6807ca00: ;   {poll_return}
  0x0000017e6807ca00: 0000 5d49 | 3ba7 4804 | 0000 0f87 | 9a05 0000 | c348 8b84 | 24a8 0000 | 0048 85f6 

  0x0000017e6807ca1c: ;   {metadata(method data for {method} {0x0000017e42772f78} 'runCached' '(Landroidx/compose/ui/text/font/TypefaceRequest;Lkotlin/jvm/functions/Function1;)Landroidx/compose/runtime/State;' in 'androidx/compose/ui/text/font/TypefaceRequestCache')}
  0x0000017e6807ca1c: 7516 48bf | 30a5 0443 | 7e01 0000 | 808f f101 | 0000 01e9 | e700 0000 

  0x0000017e6807ca34: ;   {metadata('androidx/compose/runtime/State')}
  0x0000017e6807ca34: 48b9 20b1 | 2601 7e01 | 0000 8b7e | 0849 ba00 | 0000 007e | 0100 0049 | 03fa 483b | 4f20 0f84 
  0x0000017e6807ca54: 1a00 0000 | 483b f90f | 8411 0000 

  0x0000017e6807ca60: ;   {runtime_call slow_subtype_check Runtime1 stub}
  0x0000017e6807ca60: 0057 51e8 | 987d bf06 | 5f5f 85ff | 0f84 8d00 

  0x0000017e6807ca70: ;   {metadata(method data for {method} {0x0000017e42772f78} 'runCached' '(Landroidx/compose/ui/text/font/TypefaceRequest;Lkotlin/jvm/functions/Function1;)Landroidx/compose/runtime/State;' in 'androidx/compose/ui/text/font/TypefaceRequestCache')}
  0x0000017e6807ca70: 0000 48bf | 30a5 0443 | 7e01 0000 | 8b4e 0849 | ba00 0000 | 007e 0100 | 0049 03ca | 483b 8f08 
  0x0000017e6807ca90: 0200 0075 | 0d48 8387 | 1002 0000 | 01e9 7900 | 0000 483b | 8f18 0200 | 0075 0d48 | 8387 2002 
  0x0000017e6807cab0: 0000 01e9 | 6300 0000 | 4883 bf08 | 0200 0000 | 7517 4889 | 8f08 0200 | 0048 c787 | 1002 0000 
  0x0000017e6807cad0: 0100 0000 | e942 0000 | 0048 83bf | 1802 0000 | 0075 1748 | 898f 1802 | 0000 48c7 | 8720 0200 
  0x0000017e6807caf0: 0001 0000 | 00e9 2100 | 0000 e91c 

  0x0000017e6807cafc: ;   {metadata(method data for {method} {0x0000017e42772f78} 'runCached' '(Landroidx/compose/ui/text/font/TypefaceRequest;Lkotlin/jvm/functions/Function1;)Landroidx/compose/runtime/State;' in 'androidx/compose/ui/text/font/TypefaceRequestCache')}
  0x0000017e6807cafc: 0000 0048 | bf30 a504 | 437e 0100 | 0048 83af | f801 0000 | 01e9 aa04 | 0000 e900 | 0000 0048 
  0x0000017e6807cb1c: 8bd6 488d | 8424 d000 | 0000 488b | 3048 85f6 | 0f84 0f00 | 0000 488b | 7808 f048 | 0fb1 370f 
  0x0000017e6807cb3c: 8588 0400 | 0049 ff8f | 4805 0000 | 488b c248 | 81c4 f000 

  0x0000017e6807cb50: ;   {poll_return}
  0x0000017e6807cb50: 0000 5d49 | 3ba7 4804 | 0000 0f87 | 7f04 0000 | c349 8b87 | f804 0000 | 4d33 d24d | 8997 f804 
  0x0000017e6807cb70: 0000 4d33 | d24d 8997 | 0005 0000 | 488b d048 | 8d84 24d0 | 0000 0048 | 8b30 4885 | f60f 840f 
  0x0000017e6807cb90: 0000 0048 | 8b78 08f0 | 480f b137 | 0f85 5304 | 0000 49ff | 8f48 0500 | 0048 8bc2 | e9bc 0400 
  0x0000017e6807cbb0: 0049 8b87 | f804 0000 | 4d33 d24d | 8997 f804 | 0000 4d33 | d24d 8997 | 0005 0000 | 488b d048 
  0x0000017e6807cbd0: 8d84 24d0 | 0000 0048 | 8b30 4885 | f60f 840f | 0000 0048 | 8b78 08f0 | 480f b137 | 0f85 1904 
  0x0000017e6807cbf0: 0000 49ff | 8f48 0500 | 0048 8bc2 | e96c 0400 | 0049 8b87 | f804 0000 | 4d33 d24d | 8997 f804 
  0x0000017e6807cc10: 0000 4d33 | d24d 8997 | 0005 0000 | 4c8b c090 

  0x0000017e6807cc20: ;   {no_reloc}
  0x0000017e6807cc20: e90b 0400 | 0000 0000 | 0000 498b | 87b8 0100 | 0048 8d78 | 2849 3bbf | c801 0000 | 0f87 f803 
  0x0000017e6807cc40: 0000 4989 | bfb8 0100 | 0048 c700 | 0100 0000 | 488b ca49 | ba00 0000 | 007e 0100 | 0049 2bca 
  0x0000017e6807cc60: 8948 0848 | 33c9 8948 | 0c48 33c9 | 4889 4810 | 4889 4818 | 4889 4820 | 4d85 c075 

  0x0000017e6807cc7c: ;   {metadata(method data for {method} {0x0000017e42772f78} 'runCached' '(Landroidx/compose/ui/text/font/TypefaceRequest;Lkotlin/jvm/functions/Function1;)Landroidx/compose/runtime/State;' in 'androidx/compose/ui/text/font/TypefaceRequestCache')}
  0x0000017e6807cc7c: 1648 ba30 | a504 437e | 0100 0080 | 8a91 0300 | 0001 e9cf 

  0x0000017e6807cc90: ;   {metadata('java/lang/Throwable')}
  0x0000017e6807cc90: 0000 0048 | be80 c400 | 007e 0100 | 0041 8b50 | 0849 ba00 | 0000 007e | 0100 0049 | 03d2 483b 
  0x0000017e6807ccb0: 7238 0f85 | 8e00 0000 

  0x0000017e6807ccb8: ;   {metadata(method data for {method} {0x0000017e42772f78} 'runCached' '(Landroidx/compose/ui/text/font/TypefaceRequest;Lkotlin/jvm/functions/Function1;)Landroidx/compose/runtime/State;' in 'androidx/compose/ui/text/font/TypefaceRequestCache')}
  0x0000017e6807ccb8: 48ba 30a5 | 0443 7e01 | 0000 418b | 7008 49ba | 0000 0000 | 7e01 0000 | 4903 f248 | 3bb2 a803 
  0x0000017e6807ccd8: 0000 750d | 4883 82b0 | 0300 0001 | e979 0000 | 0048 3bb2 | b803 0000 | 750d 4883 | 82c0 0300 
  0x0000017e6807ccf8: 0001 e963 | 0000 0048 | 83ba a803 | 0000 0075 | 1748 89b2 | a803 0000 | 48c7 82b0 | 0300 0001 
  0x0000017e6807cd18: 0000 00e9 | 4200 0000 | 4883 bab8 | 0300 0000 | 7517 4889 | b2b8 0300 | 0048 c782 | c003 0000 
  0x0000017e6807cd38: 0100 0000 | e921 0000 | 00e9 1c00 

  0x0000017e6807cd44: ;   {metadata(method data for {method} {0x0000017e42772f78} 'runCached' '(Landroidx/compose/ui/text/font/TypefaceRequest;Lkotlin/jvm/functions/Function1;)Landroidx/compose/runtime/State;' in 'androidx/compose/ui/text/font/TypefaceRequestCache')}
  0x0000017e6807cd44: 0000 48ba | 30a5 0443 | 7e01 0000 | 4883 aa98 | 0300 0001 | e9ea 0200 | 00e9 0000 | 0000 4d8b 
  0x0000017e6807cd64: c84c 8bc0 

  0x0000017e6807cd68: ;   {metadata(method data for {method} {0x0000017e42772f78} 'runCached' '(Landroidx/compose/ui/text/font/TypefaceRequest;Lkotlin/jvm/functions/Function1;)Landroidx/compose/runtime/State;' in 'androidx/compose/ui/text/font/TypefaceRequestCache')}
  0x0000017e6807cd68: 48ba 30a5 | 0443 7e01 | 0000 4883 | 82d0 0300 

  0x0000017e6807cd78: ;   {oop("Could not load font"{0x00000000f3435188})}
  0x0000017e6807cd78: 0001 49b8 | 8851 43f3 | 0000 0000 | 488b d048 | 8984 24c8 

  0x0000017e6807cd8c: ;   {optimized virtual_call}
  0x0000017e6807cd8c: 0000 00e8 

  0x0000017e6807cd90: ; ImmutableOopMap {[200]=Oop }
                      ;*invokespecial <init> {reexecute=0 rethrow=0 return_oop=0}
                      ; - androidx.compose.ui.text.font.TypefaceRequestCache::runCached@131 (line 214)
  0x0000017e6807cd90: ec1c b306 

  0x0000017e6807cd94: ;   {other}
  0x0000017e6807cd94: 0f1f 8400 | 0413 0006 | 488b 8424 | c800 0000 | e9c4 0200 

  0x0000017e6807cda8: ;   {metadata({method} {0x0000017e42772f78} 'runCached' '(Landroidx/compose/ui/text/font/TypefaceRequest;Lkotlin/jvm/functions/Function1;)Landroidx/compose/runtime/State;' in 'androidx/compose/ui/text/font/TypefaceRequestCache')}
  0x0000017e6807cda8: 0049 ba70 | 2f77 427e | 0100 004c | 8954 2408 | 48c7 0424 | ffff ffff 

  0x0000017e6807cdc0: ;   {runtime_call counter_overflow Runtime1 stub}
  0x0000017e6807cdc0: e83b a1bf 

  0x0000017e6807cdc4: ; ImmutableOopMap {rdx=Oop r8=Oop r9=Oop [144]=Oop [152]=Oop [160]=Oop }
                      ;*synchronization entry
                      ; - androidx.compose.ui.text.font.TypefaceRequestCache::runCached@-1 (line 176)
  0x0000017e6807cdc4: 06e9 34f0 

  0x0000017e6807cdc8: ;   {runtime_call throw_null_pointer_exception Runtime1 stub}
  0x0000017e6807cdc8: ffff e831 

  0x0000017e6807cdcc: ; ImmutableOopMap {rdx=Oop r8=Oop r9=Oop rsi=Oop [144]=Oop [152]=Oop [160]=Oop }
                      ;*monitorenter {reexecute=0 rethrow=0 return_oop=0}
                      ; - androidx.compose.ui.text.font.TypefaceRequestCache::runCached@13 (line 261)
  0x0000017e6807cdcc: 50bf 0648 | 8974 2408 | 4889 3c24 

  0x0000017e6807cdd8: ;   {runtime_call monitorenter_nofpu Runtime1 stub}
  0x0000017e6807cdd8: e823 80bf 

  0x0000017e6807cddc: ; ImmutableOopMap {rdx=Oop r8=Oop r9=Oop rsi=Oop [144]=Oop [152]=Oop [160]=Oop [216]=Oop }
                      ;*monitorenter {reexecute=0 rethrow=0 return_oop=0}
                      ; - androidx.compose.ui.text.font.TypefaceRequestCache::runCached@13 (line 261)
  0x0000017e6807cddc: 06e9 59f0 

  0x0000017e6807cde0: ;   {runtime_call throw_null_pointer_exception Runtime1 stub}
  0x0000017e6807cde0: ffff e819 

  0x0000017e6807cde4: ; ImmutableOopMap {rdx=Oop r8=Oop rdi=Oop [144]=Oop [152]=Oop [160]=Oop [168]=Oop [216]=Oop }
                      ;*invokevirtual get {reexecute=0 rethrow=0 return_oop=0}
                      ; - androidx.compose.ui.text.font.TypefaceRequestCache::runCached@23 (line 177)
  0x0000017e6807cde4: 50bf 0648 

  0x0000017e6807cde8: ;   {runtime_call throw_class_cast_exception Runtime1 stub}
  0x0000017e6807cde8: 8904 24e8 

  0x0000017e6807cdec: ; ImmutableOopMap {[144]=Oop [152]=Oop [160]=Oop [168]=Oop [216]=Oop }
                      ;*checkcast {reexecute=0 rethrow=0 return_oop=0}
                      ; - androidx.compose.ui.text.font.TypefaceRequestCache::runCached@26 (line 177)
  0x0000017e6807cdec: 1074 bf06 

  0x0000017e6807cdf0: ;   {runtime_call throw_incompatible_class_change_error Runtime1 stub}
  0x0000017e6807cdf0: e80b 77bf 

  0x0000017e6807cdf4: ; ImmutableOopMap {rsi=Oop [144]=Oop [152]=Oop [160]=Oop [168]=Oop [216]=Oop }
                      ;*invokeinterface getCacheable {reexecute=0 rethrow=0 return_oop=0}
                      ; - androidx.compose.ui.text.font.TypefaceRequestCache::runCached@40 (line 178)
                      ;   {runtime_call throw_null_pointer_exception Runtime1 stub}
  0x0000017e6807cdf4: 06e8 0650 

  0x0000017e6807cdf8: ; ImmutableOopMap {rsi=Oop [144]=Oop [152]=Oop [160]=Oop [168]=Oop [216]=Oop }
                      ;*invokeinterface getCacheable {reexecute=0 rethrow=0 return_oop=0}
                      ; - androidx.compose.ui.text.font.TypefaceRequestCache::runCached@40 (line 178)
                      ;   {runtime_call throw_null_pointer_exception Runtime1 stub}
  0x0000017e6807cdf8: bf06 e801 

  0x0000017e6807cdfc: ; ImmutableOopMap {rdx=Oop rsi=Oop [144]=Oop [152]=Oop [160]=Oop [168]=Oop [216]=Oop }
                      ;*invokevirtual remove {reexecute=0 rethrow=0 return_oop=0}
                      ; - androidx.compose.ui.text.font.TypefaceRequestCache::runCached@66 (line 181)
  0x0000017e6807cdfc: 50bf 0648 

  0x0000017e6807ce00: ;   {runtime_call throw_class_cast_exception Runtime1 stub}
  0x0000017e6807ce00: 8904 24e8 

  0x0000017e6807ce04: ; ImmutableOopMap {[144]=Oop [152]=Oop [160]=Oop [168]=Oop [216]=Oop }
                      ;*checkcast {reexecute=0 rethrow=0 return_oop=0}
                      ; - androidx.compose.ui.text.font.TypefaceRequestCache::runCached@69 (line 181)
  0x0000017e6807ce04: f873 bf06 | 488d 8424 | d000 0000 | 4889 0424 

  0x0000017e6807ce14: ;   {runtime_call monitorexit_nofpu Runtime1 stub}
  0x0000017e6807ce14: e8e7 85bf | 06e9 9af3 

  0x0000017e6807ce1c: ;   {metadata({method} {0x0000017e000afc90} 'linkToTargetMethod' '(Ljava/lang/Object;Ljava/lang/Object;Ljava/lang/Object;)Ljava/lang/Object;' in 'java/lang/invoke/Invokers$Holder')}
  0x0000017e6807ce1c: ffff 49ba | 88fc 0a00 | 7e01 0000 | 4c89 5424 | 0848 c704 | 24ff ffff 

  0x0000017e6807ce34: ;   {runtime_call counter_overflow Runtime1 stub}
  0x0000017e6807ce34: ffe8 c6a0 

  0x0000017e6807ce38: ; ImmutableOopMap {r8=Oop [144]=Oop [152]=Oop [160]=Oop }
                      ;*synchronization entry
                      ; - java.lang.invoke.Invokers$Holder::linkToTargetMethod@-1
                      ; - androidx.compose.ui.text.font.TypefaceRequestCache::runCached@100 (line 197)
  0x0000017e6807ce38: bf06 e9ed 

  0x0000017e6807ce3c: ;   {metadata({method} {0x0000017e000b5d50} 'newInvokeSpecial' '(Ljava/lang/Object;Ljava/lang/Object;Ljava/lang/Object;)Ljava/lang/Object;' in 'java/lang/invoke/DirectMethodHandle$Holder')}
  0x0000017e6807ce3c: f3ff ff49 | ba48 5d0b | 007e 0100 | 004c 8954 | 2408 48c7 | 0424 ffff 

  0x0000017e6807ce54: ;   {runtime_call counter_overflow Runtime1 stub}
  0x0000017e6807ce54: ffff e8a5 

  0x0000017e6807ce58: ; ImmutableOopMap {r8=Oop rdi=Oop [144]=Oop [152]=Oop [160]=Oop }
                      ;*synchronization entry
                      ; - java.lang.invoke.DirectMethodHandle$Holder::newInvokeSpecial@-1
                      ; - java.lang.invoke.Invokers$Holder::linkToTargetMethod@6
                      ; - androidx.compose.ui.text.font.TypefaceRequestCache::runCached@100 (line 197)
  0x0000017e6807ce58: a0bf 06e9 | 2ff4 ffff 

  0x0000017e6807ce60: ;   {metadata({method} {0x0000017e000a2650} 'allocateInstance' '(Ljava/lang/Object;)Ljava/lang/Object;' in 'java/lang/invoke/DirectMethodHandle')}
  0x0000017e6807ce60: 49ba 4826 | 0a00 7e01 | 0000 4c89 | 5424 0848 | c704 24ff 

  0x0000017e6807ce74: ;   {runtime_call counter_overflow Runtime1 stub}
  0x0000017e6807ce74: ffff ffe8 

  0x0000017e6807ce78: ; ImmutableOopMap {r8=Oop rdi=Oop [144]=Oop [152]=Oop [160]=Oop }
                      ;*synchronization entry
                      ; - java.lang.invoke.DirectMethodHandle::allocateInstance@-1 (line 500)
                      ; - java.lang.invoke.DirectMethodHandle$Holder::newInvokeSpecial@1
                      ; - java.lang.invoke.Invokers$Holder::linkToTargetMethod@6
                      ; - androidx.compose.ui.text.font.TypefaceRequestCache::runCached@100 (line 197)
  0x0000017e6807ce78: 84a0 bf06 | e969 f4ff 

  0x0000017e6807ce80: ;   {metadata({method} {0x0000017e000a30f8} 'constructorMethod' '(Ljava/lang/Object;)Ljava/lang/Object;' in 'java/lang/invoke/DirectMethodHandle')}
  0x0000017e6807ce80: ff49 baf0 | 300a 007e | 0100 004c | 8954 2408 | 48c7 0424 | ffff ffff 

  0x0000017e6807ce98: ;   {runtime_call counter_overflow Runtime1 stub}
  0x0000017e6807ce98: e863 a0bf 

  0x0000017e6807ce9c: ; ImmutableOopMap {rax=Oop [144]=Oop [152]=Oop [160]=Oop }
                      ;*synchronization entry
                      ; - java.lang.invoke.DirectMethodHandle::constructorMethod@-1 (line 494)
                      ; - java.lang.invoke.DirectMethodHandle$Holder::newInvokeSpecial@6
                      ; - java.lang.invoke.Invokers$Holder::linkToTargetMethod@6
                      ; - androidx.compose.ui.text.font.TypefaceRequestCache::runCached@100 (line 197)
  0x0000017e6807ce9c: 06e9 11f5 

  0x0000017e6807cea0: ;   {runtime_call throw_null_pointer_exception Runtime1 stub}
  0x0000017e6807cea0: ffff e859 

  0x0000017e6807cea4: ; ImmutableOopMap {rax=Oop [144]=Oop [152]=Oop [160]=Oop }
                      ;*invokestatic linkToSpecial {reexecute=0 rethrow=0 return_oop=0}
                      ; - java.lang.invoke.DirectMethodHandle$Holder::newInvokeSpecial@19
                      ; - java.lang.invoke.Invokers$Holder::linkToTargetMethod@6
                      ; - androidx.compose.ui.text.font.TypefaceRequestCache::runCached@100 (line 197)
                      ;   {metadata({method} {0x0000017e42cb37f0} '<init>' '(Landroidx/compose/ui/text/font/TypefaceRequestCache;Landroidx/compose/ui/text/font/TypefaceRequest;)V' in 'androidx/compose/ui/text/font/TypefaceRequestCache$$Lambda+0x0000017e0135c228')}
  0x0000017e6807cea4: 4fbf 0649 | bae8 37cb | 427e 0100 | 004c 8954 | 2408 48c7 | 0424 ffff 

  0x0000017e6807cebc: ;   {runtime_call counter_overflow Runtime1 stub}
  0x0000017e6807cebc: ffff e83d 

  0x0000017e6807cec0: ; ImmutableOopMap {rax=Oop [144]=Oop [152]=Oop [160]=Oop }
                      ;*synchronization entry
                      ; - androidx.compose.ui.text.font.TypefaceRequestCache$$Lambda/0x0000017e0135c228::<init>@-1
                      ; - java.lang.invoke.DirectMethodHandle$Holder::newInvokeSpecial@19
                      ; - java.lang.invoke.Invokers$Holder::linkToTargetMethod@6
                      ; - androidx.compose.ui.text.font.TypefaceRequestCache::runCached@100 (line 197)
  0x0000017e6807cec0: a0bf 06e9 | 57f5 ffff 

  0x0000017e6807cec8: ;   {metadata({method} {0x0000017e00476d38} '<init>' '()V' in 'java/lang/Object')}
  0x0000017e6807cec8: 49ba 306d | 4700 7e01 | 0000 4c89 | 5424 0848 | c704 24ff 

  0x0000017e6807cedc: ;   {runtime_call counter_overflow Runtime1 stub}
  0x0000017e6807cedc: ffff ffe8 

  0x0000017e6807cee0: ; ImmutableOopMap {rax=Oop [144]=Oop [152]=Oop [160]=Oop }
                      ;*synchronization entry
                      ; - java.lang.Object::<init>@-1 (line 45)
                      ; - androidx.compose.ui.text.font.TypefaceRequestCache$$Lambda/0x0000017e0135c228::<init>@1
                      ; - java.lang.invoke.DirectMethodHandle$Holder::newInvokeSpecial@19
                      ; - java.lang.invoke.Invokers$Holder::linkToTargetMethod@6
                      ; - androidx.compose.ui.text.font.TypefaceRequestCache::runCached@100 (line 197)
  0x0000017e6807cee0: 1ca0 bf06 | e974 f5ff | ff44 8b40 | 0c49 83f8 | 000f 8474 | f5ff ff4c 

  0x0000017e6807cef8: ;   {runtime_call g1_pre_barrier_slow}
  0x0000017e6807cef8: 8904 24e8 | 00a6 bf06 | e966 f5ff | ff48 83fa | 000f 847f | f5ff ff48 

  0x0000017e6807cf10: ;   {runtime_call g1_post_barrier_slow}
  0x0000017e6807cf10: 8904 24e8 | e8a8 bf06 | e971 f5ff | ff44 8b40 | 1049 83f8 | 000f 8471 | f5ff ff4c 

  0x0000017e6807cf2c: ;   {runtime_call g1_pre_barrier_slow}
  0x0000017e6807cf2c: 8904 24e8 | cca5 bf06 | e963 f5ff | ff49 83f8 | 000f 847c | f5ff ff48 

  0x0000017e6807cf44: ;   {runtime_call g1_post_barrier_slow}
  0x0000017e6807cf44: 8904 24e8 | b4a8 bf06 | e96e f5ff 

  0x0000017e6807cf50: ;   {runtime_call throw_null_pointer_exception Runtime1 stub}
  0x0000017e6807cf50: ffe8 aa4e 

  0x0000017e6807cf54: ; ImmutableOopMap {rax=Oop rdx=Oop r8=Oop r9=Oop [144]=Oop [152]=Oop [160]=Oop }
                      ;*invokeinterface invoke {reexecute=0 rethrow=0 return_oop=0}
                      ; - androidx.compose.ui.text.font.TypefaceRequestCache::runCached@105 (line 197)
  0x0000017e6807cf54: bf06 4889 

  0x0000017e6807cf58: ;   {runtime_call throw_class_cast_exception Runtime1 stub}
  0x0000017e6807cf58: 0424 e8a1 

  0x0000017e6807cf5c: ; ImmutableOopMap {[144]=Oop [152]=Oop }
                      ;*checkcast {reexecute=0 rethrow=0 return_oop=0}
                      ; - androidx.compose.ui.text.font.TypefaceRequestCache::runCached@110 (line 197)
                      ;   {runtime_call throw_null_pointer_exception Runtime1 stub}
  0x0000017e6807cf5c: 72bf 06e8 

  0x0000017e6807cf60: ; ImmutableOopMap {rsi=Oop rdx=Oop rdi=Oop [144]=Oop [152]=Oop [184]=Oop [192]=Oop }
                      ;*monitorenter {reexecute=0 rethrow=0 return_oop=0}
                      ; - androidx.compose.ui.text.font.TypefaceRequestCache::runCached@153 (line 262)
  0x0000017e6807cf60: 9c4e bf06 | 4889 7c24 | 084c 8904 

  0x0000017e6807cf6c: ;   {runtime_call monitorenter_nofpu Runtime1 stub}
  0x0000017e6807cf6c: 24e8 8e7e 

  0x0000017e6807cf70: ; ImmutableOopMap {rsi=Oop rdx=Oop rdi=Oop [144]=Oop [152]=Oop [184]=Oop [192]=Oop [216]=Oop }
                      ;*monitorenter {reexecute=0 rethrow=0 return_oop=0}
                      ; - androidx.compose.ui.text.font.TypefaceRequestCache::runCached@153 (line 262)
  0x0000017e6807cf70: bf06 e9fd 

  0x0000017e6807cf74: ;   {runtime_call throw_null_pointer_exception Runtime1 stub}
  0x0000017e6807cf74: f7ff ffe8 

  0x0000017e6807cf78: ; ImmutableOopMap {rdx=Oop rbx=Oop [144]=Oop [152]=Oop [184]=Oop [192]=Oop [216]=Oop }
                      ;*invokevirtual get {reexecute=0 rethrow=0 return_oop=0}
                      ; - androidx.compose.ui.text.font.TypefaceRequestCache::runCached@163 (line 219)
  0x0000017e6807cf78: 844e bf06 

  0x0000017e6807cf7c: ;   {runtime_call throw_incompatible_class_change_error Runtime1 stub}
  0x0000017e6807cf7c: e87f 75bf 

  0x0000017e6807cf80: ; ImmutableOopMap {rsi=Oop [144]=Oop [152]=Oop [184]=Oop [192]=Oop [216]=Oop }
                      ;*invokeinterface getCacheable {reexecute=0 rethrow=0 return_oop=0}
                      ; - androidx.compose.ui.text.font.TypefaceRequestCache::runCached@170 (line 219)
                      ;   {runtime_call throw_null_pointer_exception Runtime1 stub}
  0x0000017e6807cf80: 06e8 7a4e 

  0x0000017e6807cf84: ; ImmutableOopMap {rsi=Oop [144]=Oop [152]=Oop [184]=Oop [192]=Oop [216]=Oop }
                      ;*invokeinterface getCacheable {reexecute=0 rethrow=0 return_oop=0}
                      ; - androidx.compose.ui.text.font.TypefaceRequestCache::runCached@170 (line 219)
                      ;   {runtime_call throw_null_pointer_exception Runtime1 stub}
  0x0000017e6807cf84: bf06 e875 

  0x0000017e6807cf88: ; ImmutableOopMap {rsi=Oop r8=Oop rdx=Oop [152]=Oop [184]=Oop [192]=Oop [216]=Oop }
                      ;*invokevirtual put {reexecute=0 rethrow=0 return_oop=0}
                      ; - androidx.compose.ui.text.font.TypefaceRequestCache::runCached@184 (line 220)
  0x0000017e6807cf88: 4ebf 0648 | 8d84 24d0 | 0000 0048 

  0x0000017e6807cf94: ;   {runtime_call monitorexit_nofpu Runtime1 stub}
  0x0000017e6807cf94: 8904 24e8 | 6484 bf06 | e93d f9ff | ff48 8934 

  0x0000017e6807cfa4: ;   {runtime_call throw_class_cast_exception Runtime1 stub}
  0x0000017e6807cfa4: 24e8 5672 

  0x0000017e6807cfa8: ; ImmutableOopMap {}
                      ;*checkcast {reexecute=0 rethrow=0 return_oop=0}
                      ; - androidx.compose.ui.text.font.TypefaceRequestCache::runCached@210 (line 223)
                      ;   {internal_word}
  0x0000017e6807cfa8: bf06 49ba | 03ca 0768 | 7e01 0000 | 4d89 9760 

  0x0000017e6807cfb8: ;   {runtime_call SafepointBlob}
  0x0000017e6807cfb8: 0400 00e9 | 4087 b306 | 4889 3424 

  0x0000017e6807cfc4: ;   {runtime_call throw_class_cast_exception Runtime1 stub}
  0x0000017e6807cfc4: e837 72bf 

  0x0000017e6807cfc8: ; ImmutableOopMap {rax=Oop [216]=Oop }
                      ;*checkcast {reexecute=0 rethrow=0 return_oop=0}
                      ; - androidx.compose.ui.text.font.TypefaceRequestCache::runCached@50 (line 179)
  0x0000017e6807cfc8: 0648 8d84 | 24d0 0000 | 0048 8904 

  0x0000017e6807cfd4: ;   {runtime_call monitorexit_nofpu Runtime1 stub}
  0x0000017e6807cfd4: 24e8 2684 | bf06 e969 

  0x0000017e6807cfdc: ;   {internal_word}
  0x0000017e6807cfdc: fbff ff49 | ba53 cb07 | 687e 0100 | 004d 8997 | 6004 0000 

  0x0000017e6807cff0: ;   {runtime_call SafepointBlob}
  0x0000017e6807cff0: e90b 87b3 | 0648 8d84 | 24d0 0000 | 0048 8904 

  0x0000017e6807d000: ;   {runtime_call monitorexit_nofpu Runtime1 stub}
  0x0000017e6807d000: 24e8 fa83 | bf06 e99e | fbff ff48 | 8d84 24d0 | 0000 0048 

  0x0000017e6807d014: ;   {runtime_call monitorexit_nofpu Runtime1 stub}
  0x0000017e6807d014: 8904 24e8 | e483 bf06 | e9d8 fbff 

  0x0000017e6807d020: ;   {metadata(nullptr)}
  0x0000017e6807d020: ff48 ba00 | 0000 0000 | 0000 00b8 | 000f 050a 

  0x0000017e6807d030: ;   {runtime_call load_klass_patching Runtime1 stub}
  0x0000017e6807d030: e84b 8ebf 

  0x0000017e6807d034: ; ImmutableOopMap {r8=Oop }
                      ;*new {reexecute=1 rethrow=0 return_oop=0}
                      ; - (reexecute) androidx.compose.ui.text.font.TypefaceRequestCache::runCached@120 (line 214)
  0x0000017e6807d034: 06e9 e6fb | ffff 488b 

  0x0000017e6807d03c: ;   {runtime_call fast_new_instance Runtime1 stub}
  0x0000017e6807d03c: d2e8 be56 

  0x0000017e6807d040: ; ImmutableOopMap {r8=Oop }
                      ;*new {reexecute=0 rethrow=0 return_oop=0}
                      ; - androidx.compose.ui.text.font.TypefaceRequestCache::runCached@120 (line 214)
  0x0000017e6807d040: bf06 e931 | fcff ff4c 

  0x0000017e6807d048: ;   {runtime_call throw_class_cast_exception Runtime1 stub}
  0x0000017e6807d048: 8904 24e8 

  0x0000017e6807d04c: ; ImmutableOopMap {rax=Oop }
                      ;*checkcast {reexecute=0 rethrow=0 return_oop=0}
                      ; - androidx.compose.ui.text.font.TypefaceRequestCache::runCached@128 (line 214)
  0x0000017e6807d04c: b071 bf06 | 498b 87f8 | 0400 0049 | c787 f804 | 0000 0000 | 0000 49c7 | 8700 0500 | 0000 0000 
  0x0000017e6807d06c: 0048 81c4 | f000 0000 

  0x0000017e6807d074: ;   {runtime_call unwind_exception Runtime1 stub}
  0x0000017e6807d074: 5de9 063a | bf06 f4f4 | f4f4 f4f4 
[Stub Code]
  0x0000017e6807d080: ;   {no_reloc}
  0x0000017e6807d080: 0f1f 4400 

  0x0000017e6807d084: ;   {static_stub}
  0x0000017e6807d084: 0048 bb00 | 0000 0000 

  0x0000017e6807d08c: ;   {runtime_call nmethod}
  0x0000017e6807d08c: 0000 00e9 | fbff ffff 

  0x0000017e6807d094: ;   {static_stub}
  0x0000017e6807d094: 48bb 0000 | 0000 0000 

  0x0000017e6807d09c: ;   {runtime_call nmethod}
  0x0000017e6807d09c: 0000 e9fb 

  0x0000017e6807d0a0: ;   {static_stub}
  0x0000017e6807d0a0: ffff ff48 | bb00 0000 | 0000 0000 

  0x0000017e6807d0ac: ;   {runtime_call nmethod}
  0x0000017e6807d0ac: 00e9 fbff 

  0x0000017e6807d0b0: ;   {static_stub}
  0x0000017e6807d0b0: ffff 48bb | 0000 0000 | 0000 0000 

  0x0000017e6807d0bc: ;   {runtime_call nmethod}
  0x0000017e6807d0bc: e9fb ffff 

  0x0000017e6807d0c0: ;   {static_stub}
  0x0000017e6807d0c0: ff48 bbd0 | 5377 427e 

  0x0000017e6807d0c8: ;   {runtime_call I2C/C2I adapters}
  0x0000017e6807d0c8: 0100 00e9 | 9bdc b206 

  0x0000017e6807d0d0: ;   {static_stub}
  0x0000017e6807d0d0: 48bb 0000 | 0000 0000 

  0x0000017e6807d0d8: ;   {runtime_call nmethod}
  0x0000017e6807d0d8: 0000 e9fb 

  0x0000017e6807d0dc: ;   {runtime_call handle_exception_from_callee Runtime1 stub}
  0x0000017e6807d0dc: ffff ffe8 | 1c6b bf06 

  0x0000017e6807d0e4: ;   {external_word}
  0x0000017e6807d0e4: 48b9 90e2 | dd4c f97f | 0000 4883 

  0x0000017e6807d0f0: ;   {runtime_call}
  0x0000017e6807d0f0: e4f0 48b8 | 1079 a04c | f97f 0000 

  0x0000017e6807d0fc: ;   {section_word}
  0x0000017e6807d0fc: ffd0 f449 | baff d007 | 687e 0100 

  0x0000017e6807d108: ;   {runtime_call DeoptimizationBlob}
  0x0000017e6807d108: 0041 52e9 | 9078 b306 
[/MachCode]


Compiled method (c1) 41065 8229       3       androidx.compose.ui.text.font.FontFamilyResolverImpl::resolve (18 bytes)
 total in heap  [0x0000017e67d1d790,0x0000017e67d1e1e8] = 2648
 relocation     [0x0000017e67d1d8f0,0x0000017e67d1d990] = 160
 main code      [0x0000017e67d1d9a0,0x0000017e67d1df70] = 1488
 stub code      [0x0000017e67d1df70,0x0000017e67d1dfc0] = 80
 oops           [0x0000017e67d1dfc0,0x0000017e67d1dfd0] = 16
 metadata       [0x0000017e67d1dfd0,0x0000017e67d1e008] = 56
 scopes data    [0x0000017e67d1e008,0x0000017e67d1e0f8] = 240
 scopes pcs     [0x0000017e67d1e0f8,0x0000017e67d1e1c8] = 208
 dependencies   [0x0000017e67d1e1c8,0x0000017e67d1e1d0] = 8
 nul chk table  [0x0000017e67d1e1d0,0x0000017e67d1e1e8] = 24

[Constant Pool (empty)]

[MachCode]
[Entry Point]
  # {method} {0x0000017e4275a080} 'resolve' '(Landroidx/compose/ui/text/font/TypefaceRequest;)Landroidx/compose/runtime/State;' in 'androidx/compose/ui/text/font/FontFamilyResolverImpl'
  # this:     rdx:rdx   = 'androidx/compose/ui/text/font/FontFamilyResolverImpl'
  # parm0:    r8:r8     = 'androidx/compose/ui/text/font/TypefaceRequest'
  #           [sp+0xd0]  (sp of caller)
  0x0000017e67d1d9a0: 448b 5208 | 49bb 0000 | 0000 7e01 | 0000 4d03 | d34c 3bd0 

  0x0000017e67d1d9b4: ;   {runtime_call ic_miss_stub}
  0x0000017e67d1d9b4: 0f85 c60d | e906 660f | 1f44 0000 
[Verified Entry Point]
  0x0000017e67d1d9c0: 8984 2400 | 80ff ff55 | 4881 ecc0 | 0000 0090 | 4181 7f20 | 6500 0000 

  0x0000017e67d1d9d8: ;   {runtime_call StubRoutines (final stubs)}
  0x0000017e67d1d9d8: 7405 e881 

  0x0000017e67d1d9dc: ;   {metadata(method data for {method} {0x0000017e4275a080} 'resolve' '(Landroidx/compose/ui/text/font/TypefaceRequest;)Landroidx/compose/runtime/State;' in 'androidx/compose/ui/text/font/FontFamilyResolverImpl')}
  0x0000017e67d1d9dc: 73e7 0648 | be90 9f04 | 437e 0100 | 008b becc | 0000 0083 | c702 89be | cc00 0000 | 81e7 fe07 
  0x0000017e67d1d9fc: 0000 85ff | 0f84 cc03 | 0000 8b72 

  0x0000017e67d1da08: ;   {metadata(method data for {method} {0x0000017e4275a080} 'resolve' '(Landroidx/compose/ui/text/font/TypefaceRequest;)Landroidx/compose/runtime/State;' in 'androidx/compose/ui/text/font/FontFamilyResolverImpl')}
  0x0000017e67d1da08: 1448 bf90 | 9f04 437e | 0100 0048 | 8dbf 2001 | 0000 4d85 | c075 0cf6 | 4718 0175 | 06f0 4883 
  0x0000017e67d1da28: ;   {metadata(method data for {method} {0x0000017e4275a080} 'resolve' '(Landroidx/compose/ui/text/font/TypefaceRequest;)Landroidx/compose/runtime/State;' in 'androidx/compose/ui/text/font/FontFamilyResolverImpl')}
  0x0000017e67d1da28: 4f18 0148 | bf90 9f04 | 437e 0100 | 0048 8387 | 1001 0000 

  0x0000017e67d1da3c: ;   {metadata(method data for {method} {0x0000017e000afc90} 'linkToTargetMethod' '(Ljava/lang/Object;Ljava/lang/Object;Ljava/lang/Object;)Ljava/lang/Object;' in 'java/lang/invoke/Invokers$Holder')}
  0x0000017e67d1da3c: 0148 bf70 | c228 417e | 0100 008b | 9fcc 0000 | 0083 c302 | 899f cc00 | 0000 81e3 | feff 1f00 
  0x0000017e67d1da5c: 85db 0f84 | 8f03 0000 

  0x0000017e67d1da64: ;   {metadata(method data for {method} {0x0000017e000b5d50} 'newInvokeSpecial' '(Ljava/lang/Object;Ljava/lang/Object;Ljava/lang/Object;)Ljava/lang/Object;' in 'java/lang/invoke/DirectMethodHandle$Holder')}
  0x0000017e67d1da64: 48bf a0c4 | 2841 7e01 | 0000 488d | bf48 0200 

  0x0000017e67d1da74: ;   {oop(a 'java/lang/invoke/DirectMethodHandle$Constructor'{0x00000000f252abb0})}
  0x0000017e67d1da74: 0048 bbb0 | ab52 f200 | 0000 0048 | 85db 750a | f607 0175 | 05f0 4883 

  0x0000017e67d1da8c: ;   {metadata(method data for {method} {0x0000017e000afc90} 'linkToTargetMethod' '(Ljava/lang/Object;Ljava/lang/Object;Ljava/lang/Object;)Ljava/lang/Object;' in 'java/lang/invoke/Invokers$Holder')}
  0x0000017e67d1da8c: 0f01 48bf | 70c2 2841 | 7e01 0000 | 4883 8748 | 0100 0001 

  0x0000017e67d1daa0: ;   {metadata(method data for {method} {0x0000017e000b5d50} 'newInvokeSpecial' '(Ljava/lang/Object;Ljava/lang/Object;Ljava/lang/Object;)Ljava/lang/Object;' in 'java/lang/invoke/DirectMethodHandle$Holder')}
  0x0000017e67d1daa0: 48bf a0c4 | 2841 7e01 | 0000 8b87 | cc00 0000 | 83c0 0289 | 87cc 0000 | 0025 feff | 1f00 85c0 
  0x0000017e67d1dac0: 0f84 4e03 

  0x0000017e67d1dac4: ;   {metadata(method data for {method} {0x0000017e000b5d50} 'newInvokeSpecial' '(Ljava/lang/Object;Ljava/lang/Object;Ljava/lang/Object;)Ljava/lang/Object;' in 'java/lang/invoke/DirectMethodHandle$Holder')}
  0x0000017e67d1dac4: 0000 48bf | a0c4 2841 | 7e01 0000 | 488d bf20 | 0100 0048 | 85db 750c | f647 0801 | 7506 f048 
  0x0000017e67d1dae4: 834f 0801 

  0x0000017e67d1dae8: ;   {metadata(method data for {method} {0x0000017e000b5d50} 'newInvokeSpecial' '(Ljava/lang/Object;Ljava/lang/Object;Ljava/lang/Object;)Ljava/lang/Object;' in 'java/lang/invoke/DirectMethodHandle$Holder')}
  0x0000017e67d1dae8: 48bf a0c4 | 2841 7e01 | 0000 4883 | 8710 0100 

  0x0000017e67d1daf8: ;   {metadata(method data for {method} {0x0000017e000a2650} 'allocateInstance' '(Ljava/lang/Object;)Ljava/lang/Object;' in 'java/lang/invoke/DirectMethodHandle')}
  0x0000017e67d1daf8: 0001 48bf | c833 2141 | 7e01 0000 | 8b87 cc00 | 0000 83c0 | 0289 87cc | 0000 0025 | feff 1f00 
  0x0000017e67d1db18: 85c0 0f84 | 1503 0000 

  0x0000017e67d1db20: ;   {oop(a 'jdk/internal/misc/Unsafe'{0x00000000e0252600})}
  0x0000017e67d1db20: 48bf 0026 | 25e0 0000 | 0000 488b 

  0x0000017e67d1db2c: ;   {metadata(method data for {method} {0x0000017e000a2650} 'allocateInstance' '(Ljava/lang/Object;)Ljava/lang/Object;' in 'java/lang/invoke/DirectMethodHandle')}
  0x0000017e67d1db2c: c748 b9c8 | 3321 417e | 0100 0048 | 8381 4801 | 0000 014c | 8984 24a0 

  0x0000017e67d1db44: ;   {oop(a 'java/lang/Class'{0x00000000f25110d8} = 'androidx/compose/ui/text/font/FontFamilyResolverImpl$$Lambda+0x0000017e01357bb8')}
  0x0000017e67d1db44: 0000 0049 | b8d8 1051 | f200 0000 | 0048 8994 | 2498 0000 | 0048 8bd7 | 4889 b424 | a800 0000 
  0x0000017e67d1db64: 4889 9c24 | 9000 0000 

  0x0000017e67d1db6c: ;   {optimized virtual_call}
  0x0000017e67d1db6c: 6666 90e8 

  0x0000017e67d1db70: ; ImmutableOopMap {[144]=Oop [152]=Oop [160]=Oop [168]=Oop }
                      ;*invokevirtual allocateInstance {reexecute=0 rethrow=0 return_oop=0}
                      ; - java.lang.invoke.DirectMethodHandle::allocateInstance@12 (line 501)
                      ; - java.lang.invoke.DirectMethodHandle$Holder::newInvokeSpecial@1
                      ; - java.lang.invoke.Invokers$Holder::linkToTargetMethod@6
                      ; - androidx.compose.ui.text.font.FontFamilyResolverImpl::resolve@7 (line 94)
  0x0000017e67d1db70: ec53 5b07 

  0x0000017e67d1db74: ;   {other}
  0x0000017e67d1db74: 0f1f 8400 | e403 0000 

  0x0000017e67d1db7c: ;   {metadata(method data for {method} {0x0000017e000b5d50} 'newInvokeSpecial' '(Ljava/lang/Object;Ljava/lang/Object;Ljava/lang/Object;)Ljava/lang/Object;' in 'java/lang/invoke/DirectMethodHandle$Holder')}
  0x0000017e67d1db7c: 49b8 a0c4 | 2841 7e01 | 0000 4d8d | 8030 0100 | 0048 85c0 | 750b 41f6 | 0001 7505 | f049 8308 
  0x0000017e67d1db9c: ;   {metadata(method data for {method} {0x0000017e000b5d50} 'newInvokeSpecial' '(Ljava/lang/Object;Ljava/lang/Object;Ljava/lang/Object;)Ljava/lang/Object;' in 'java/lang/invoke/DirectMethodHandle$Holder')}
  0x0000017e67d1db9c: 0149 b8a0 | c428 417e | 0100 004d | 8d80 5001 | 0000 488b | 9c24 9000 | 0000 4885 | db75 0d41 
  0x0000017e67d1dbbc: f640 0801 | 7506 f049 | 8348 0801 

  0x0000017e67d1dbc8: ;   {metadata(method data for {method} {0x0000017e000b5d50} 'newInvokeSpecial' '(Ljava/lang/Object;Ljava/lang/Object;Ljava/lang/Object;)Ljava/lang/Object;' in 'java/lang/invoke/DirectMethodHandle$Holder')}
  0x0000017e67d1dbc8: 49b8 a0c4 | 2841 7e01 | 0000 4983 | 8040 0100 

  0x0000017e67d1dbd8: ;   {metadata(method data for {method} {0x0000017e000a30f8} 'constructorMethod' '(Ljava/lang/Object;)Ljava/lang/Object;' in 'java/lang/invoke/DirectMethodHandle')}
  0x0000017e67d1dbd8: 0001 49b8 | e836 2141 | 7e01 0000 | 458b 88cc | 0000 0041 | 83c1 0245 | 8988 cc00 | 0000 4181 
  0x0000017e67d1dbf8: e1fe ff1f | 0045 85c9 | 0f84 5002 

  0x0000017e67d1dc04: ;   {metadata(method data for {method} {0x0000017e000b5d50} 'newInvokeSpecial' '(Ljava/lang/Object;Ljava/lang/Object;Ljava/lang/Object;)Ljava/lang/Object;' in 'java/lang/invoke/DirectMethodHandle$Holder')}
  0x0000017e67d1dc04: 0000 49b8 | a0c4 2841 | 7e01 0000 | 4d8d 8060 

  0x0000017e67d1dc14: ;   {oop(a 'java/lang/invoke/MemberName'{0x00000000f252ac28} = {method} {0x0000017e42cb2ed0} '<init>' '(Landroidx/compose/ui/text/font/FontFamilyResolverImpl;Landroidx/compose/ui/text/font/TypefaceRequest;)V' in 'androidx/compose/ui/text/font/FontFamilyResolverImpl$$Lambda+0x0000017e01357bb8')}
  0x0000017e67d1dc14: 0100 0049 | b928 ac52 | f200 0000 | 004d 85c9 | 750b 41f6 | 0001 7505 | f049 8308 | 0148 3b00 
  0x0000017e67d1dc34: ;   {metadata(method data for {method} {0x0000017e000b5d50} 'newInvokeSpecial' '(Ljava/lang/Object;Ljava/lang/Object;Ljava/lang/Object;)Ljava/lang/Object;' in 'java/lang/invoke/DirectMethodHandle$Holder')}
  0x0000017e67d1dc34: 4c8b c049 | b9a0 c428 | 417e 0100 | 0049 8381 | a801 0000 

  0x0000017e67d1dc48: ;   {metadata(method data for {method} {0x0000017e42cb2ed0} '<init>' '(Landroidx/compose/ui/text/font/FontFamilyResolverImpl;Landroidx/compose/ui/text/font/TypefaceRequest;)V' in 'androidx/compose/ui/text/font/FontFamilyResolverImpl$$Lambda+0x0000017e01357bb8')}
  0x0000017e67d1dc48: 0149 b850 | 9504 437e | 0100 0045 | 8b88 cc00 | 0000 4183 | c102 4589 | 88cc 0000 | 0041 81e1 
  0x0000017e67d1dc68: feff 1f00 | 4585 c90f | 8407 0200 | 004c 8bc0 

  0x0000017e67d1dc78: ;   {metadata(method data for {method} {0x0000017e42cb2ed0} '<init>' '(Landroidx/compose/ui/text/font/FontFamilyResolverImpl;Landroidx/compose/ui/text/font/TypefaceRequest;)V' in 'androidx/compose/ui/text/font/FontFamilyResolverImpl$$Lambda+0x0000017e01357bb8')}
  0x0000017e67d1dc78: 49b9 5095 | 0443 7e01 | 0000 4983 | 8110 0100 

  0x0000017e67d1dc88: ;   {metadata(method data for {method} {0x0000017e00476d38} '<init>' '()V' in 'java/lang/Object')}
  0x0000017e67d1dc88: 0001 49b8 | a878 0041 | 7e01 0000 | 458b 88cc | 0000 0041 | 83c1 0245 | 8988 cc00 | 0000 4181 
  0x0000017e67d1dca8: e1fe ff1f | 0045 85c9 | 0f84 e701 | 0000 450f | be47 4045 | 85c0 0f85 | fa01 0000 | 488b 9424 
  0x0000017e67d1dcc8: 9800 0000 | 4c8b d244 | 8950 0c4c | 8bc0 4c33 | c249 c1e8 | 1449 83f8 | 000f 85f3 | 0100 0045 
  0x0000017e67d1dce8: 0fbe 4740 | 4585 c00f | 85fd 0100 | 004c 8b84 | 24a0 0000 | 004d 8bd0 | 4489 5010 | 4c8b c84d 
  0x0000017e67d1dd08: 33c8 49c1 | e914 4983 | f900 0f85 | f601 0000 

  0x0000017e67d1dd18: ;   {metadata(method data for {method} {0x0000017e000afc90} 'linkToTargetMethod' '(Ljava/lang/Object;Ljava/lang/Object;Ljava/lang/Object;)Ljava/lang/Object;' in 'java/lang/invoke/Invokers$Holder')}
  0x0000017e67d1dd18: 49b9 70c2 | 2841 7e01 | 0000 4d8d | 89a0 0100 | 0048 85c0 | 750b 41f6 | 0101 7505 | f049 8309 
  0x0000017e67d1dd38: ;   {metadata(method data for {method} {0x0000017e4275a080} 'resolve' '(Landroidx/compose/ui/text/font/TypefaceRequest;)Landroidx/compose/runtime/State;' in 'androidx/compose/ui/text/font/FontFamilyResolverImpl')}
  0x0000017e67d1dd38: 0149 b990 | 9f04 437e | 0100 004d | 8d89 4001 | 0000 4885 | c075 0d41 | f601 0175 | 2ff0 4983 
  0x0000017e67d1dd58: 0901 eb28 | 8b50 0849 | ba00 0000 | 007e 0100 | 0049 03d2 | 4c8b d249 | 3311 48f7 | c2fc ffff 
  0x0000017e67d1dd78: ff74 09f6 | c202 7504 | 4983 0902 | 488b b424 | a800 0000 

  0x0000017e67d1dd8c: ; implicit exception: dispatches to 0x0000017e67d1df26
  0x0000017e67d1dd8c: 483b 064c 

  0x0000017e67d1dd90: ;   {metadata(method data for {method} {0x0000017e4275a080} 'resolve' '(Landroidx/compose/ui/text/font/TypefaceRequest;)Landroidx/compose/runtime/State;' in 'androidx/compose/ui/text/font/FontFamilyResolverImpl')}
  0x0000017e67d1dd90: 8bce 48ba | 909f 0443 | 7e01 0000 | 4883 8250 | 0100 0001 | 4c8b c848 | 8bd6 0f1f 

  0x0000017e67d1ddac: ;   {optimized virtual_call}
  0x0000017e67d1ddac: 4400 00e8 

  0x0000017e67d1ddb0: ; ImmutableOopMap {}
                      ;*invokevirtual runCached {reexecute=0 rethrow=0 return_oop=0}
                      ; - androidx.compose.ui.text.font.FontFamilyResolverImpl::resolve@12 (line 94)
  0x0000017e67d1ddb0: ecdf 3500 

  0x0000017e67d1ddb4: ;   {other}
  0x0000017e67d1ddb4: 0f1f 8400 | 2406 0001 | 4881 c4c0 | 0000 005d 

  0x0000017e67d1ddc4: ;   {poll_return}
  0x0000017e67d1ddc4: 493b a748 | 0400 000f | 875a 0100 

  0x0000017e67d1ddd0: ;   {metadata({method} {0x0000017e4275a080} 'resolve' '(Landroidx/compose/ui/text/font/TypefaceRequest;)Landroidx/compose/runtime/State;' in 'androidx/compose/ui/text/font/FontFamilyResolverImpl')}
  0x0000017e67d1ddd0: 00c3 49ba | 78a0 7542 | 7e01 0000 | 4c89 5424 | 0848 c704 | 24ff ffff 

  0x0000017e67d1dde8: ;   {runtime_call counter_overflow Runtime1 stub}
  0x0000017e67d1dde8: ffe8 1291 

  0x0000017e67d1ddec: ; ImmutableOopMap {rdx=Oop r8=Oop }
                      ;*synchronization entry
                      ; - androidx.compose.ui.text.font.FontFamilyResolverImpl::resolve@-1 (line 94)
  0x0000017e67d1ddec: f506 e913 

  0x0000017e67d1ddf0: ;   {metadata({method} {0x0000017e000afc90} 'linkToTargetMethod' '(Ljava/lang/Object;Ljava/lang/Object;Ljava/lang/Object;)Ljava/lang/Object;' in 'java/lang/invoke/Invokers$Holder')}
  0x0000017e67d1ddf0: fcff ff49 | ba88 fc0a | 007e 0100 | 004c 8954 | 2408 48c7 | 0424 ffff 

  0x0000017e67d1de08: ;   {runtime_call counter_overflow Runtime1 stub}
  0x0000017e67d1de08: ffff e8f1 

  0x0000017e67d1de0c: ; ImmutableOopMap {rdx=Oop r8=Oop rsi=Oop }
                      ;*synchronization entry
                      ; - java.lang.invoke.Invokers$Holder::linkToTargetMethod@-1
                      ; - androidx.compose.ui.text.font.FontFamilyResolverImpl::resolve@7 (line 94)
  0x0000017e67d1de0c: 90f5 06e9 | 50fc ffff 

  0x0000017e67d1de14: ;   {metadata({method} {0x0000017e000b5d50} 'newInvokeSpecial' '(Ljava/lang/Object;Ljava/lang/Object;Ljava/lang/Object;)Ljava/lang/Object;' in 'java/lang/invoke/DirectMethodHandle$Holder')}
  0x0000017e67d1de14: 49ba 485d | 0b00 7e01 | 0000 4c89 | 5424 0848 | c704 24ff 

  0x0000017e67d1de28: ;   {runtime_call counter_overflow Runtime1 stub}
  0x0000017e67d1de28: ffff ffe8 

  0x0000017e67d1de2c: ; ImmutableOopMap {rdx=Oop r8=Oop rsi=Oop rbx=Oop }
                      ;*synchronization entry
                      ; - java.lang.invoke.DirectMethodHandle$Holder::newInvokeSpecial@-1
                      ; - java.lang.invoke.Invokers$Holder::linkToTargetMethod@6
                      ; - androidx.compose.ui.text.font.FontFamilyResolverImpl::resolve@7 (line 94)
  0x0000017e67d1de2c: d090 f506 | e991 fcff 

  0x0000017e67d1de34: ;   {metadata({method} {0x0000017e000a2650} 'allocateInstance' '(Ljava/lang/Object;)Ljava/lang/Object;' in 'java/lang/invoke/DirectMethodHandle')}
  0x0000017e67d1de34: ff49 ba48 | 260a 007e | 0100 004c | 8954 2408 | 48c7 0424 | ffff ffff 

  0x0000017e67d1de4c: ;   {runtime_call counter_overflow Runtime1 stub}
  0x0000017e67d1de4c: e8af 90f5 

  0x0000017e67d1de50: ; ImmutableOopMap {rdx=Oop r8=Oop rsi=Oop rbx=Oop }
                      ;*synchronization entry
                      ; - java.lang.invoke.DirectMethodHandle::allocateInstance@-1 (line 500)
                      ; - java.lang.invoke.DirectMethodHandle$Holder::newInvokeSpecial@1
                      ; - java.lang.invoke.Invokers$Holder::linkToTargetMethod@6
                      ; - androidx.compose.ui.text.font.FontFamilyResolverImpl::resolve@7 (line 94)
  0x0000017e67d1de50: 06e9 cafc 

  0x0000017e67d1de54: ;   {metadata({method} {0x0000017e000a30f8} 'constructorMethod' '(Ljava/lang/Object;)Ljava/lang/Object;' in 'java/lang/invoke/DirectMethodHandle')}
  0x0000017e67d1de54: ffff 49ba | f030 0a00 | 7e01 0000 | 4c89 5424 | 0848 c704 | 24ff ffff 

  0x0000017e67d1de6c: ;   {runtime_call counter_overflow Runtime1 stub}
  0x0000017e67d1de6c: ffe8 8e90 

  0x0000017e67d1de70: ; ImmutableOopMap {rax=Oop [152]=Oop [160]=Oop [168]=Oop }
                      ;*synchronization entry
                      ; - java.lang.invoke.DirectMethodHandle::constructorMethod@-1 (line 494)
                      ; - java.lang.invoke.DirectMethodHandle$Holder::newInvokeSpecial@6
                      ; - java.lang.invoke.Invokers$Holder::linkToTargetMethod@6
                      ; - androidx.compose.ui.text.font.FontFamilyResolverImpl::resolve@7 (line 94)
  0x0000017e67d1de70: f506 e98f 

  0x0000017e67d1de74: ;   {runtime_call throw_null_pointer_exception Runtime1 stub}
  0x0000017e67d1de74: fdff ffe8 

  0x0000017e67d1de78: ; ImmutableOopMap {rax=Oop [152]=Oop [160]=Oop [168]=Oop }
                      ;*invokestatic linkToSpecial {reexecute=0 rethrow=0 return_oop=0}
                      ; - java.lang.invoke.DirectMethodHandle$Holder::newInvokeSpecial@19
                      ; - java.lang.invoke.Invokers$Holder::linkToTargetMethod@6
                      ; - androidx.compose.ui.text.font.FontFamilyResolverImpl::resolve@7 (line 94)
  0x0000017e67d1de78: 843f f506 

  0x0000017e67d1de7c: ;   {metadata({method} {0x0000017e42cb2ed0} '<init>' '(Landroidx/compose/ui/text/font/FontFamilyResolverImpl;Landroidx/compose/ui/text/font/TypefaceRequest;)V' in 'androidx/compose/ui/text/font/FontFamilyResolverImpl$$Lambda+0x0000017e01357bb8')}
  0x0000017e67d1de7c: 49ba c82e | cb42 7e01 | 0000 4c89 | 5424 0848 | c704 24ff 

  0x0000017e67d1de90: ;   {runtime_call counter_overflow Runtime1 stub}
  0x0000017e67d1de90: ffff ffe8 

  0x0000017e67d1de94: ; ImmutableOopMap {rax=Oop [152]=Oop [160]=Oop [168]=Oop }
                      ;*synchronization entry
                      ; - androidx.compose.ui.text.font.FontFamilyResolverImpl$$Lambda/0x0000017e01357bb8::<init>@-1
                      ; - java.lang.invoke.DirectMethodHandle$Holder::newInvokeSpecial@19
                      ; - java.lang.invoke.Invokers$Holder::linkToTargetMethod@6
                      ; - androidx.compose.ui.text.font.FontFamilyResolverImpl::resolve@7 (line 94)
  0x0000017e67d1de94: 6890 f506 | e9d8 fdff 

  0x0000017e67d1de9c: ;   {metadata({method} {0x0000017e00476d38} '<init>' '()V' in 'java/lang/Object')}
  0x0000017e67d1de9c: ff49 ba30 | 6d47 007e | 0100 004c | 8954 2408 | 48c7 0424 | ffff ffff 

  0x0000017e67d1deb4: ;   {runtime_call counter_overflow Runtime1 stub}
  0x0000017e67d1deb4: e847 90f5 

  0x0000017e67d1deb8: ; ImmutableOopMap {rax=Oop [152]=Oop [160]=Oop [168]=Oop }
                      ;*synchronization entry
                      ; - java.lang.Object::<init>@-1 (line 45)
                      ; - androidx.compose.ui.text.font.FontFamilyResolverImpl$$Lambda/0x0000017e01357bb8::<init>@1
                      ; - java.lang.invoke.DirectMethodHandle$Holder::newInvokeSpecial@19
                      ; - java.lang.invoke.Invokers$Holder::linkToTargetMethod@6
                      ; - androidx.compose.ui.text.font.FontFamilyResolverImpl::resolve@7 (line 94)
  0x0000017e67d1deb8: 06e9 f8fd | ffff 448b | 400c 4983 | f800 0f84 | f8fd ffff | 4c89 0424 

  0x0000017e67d1ded0: ;   {runtime_call g1_pre_barrier_slow}
  0x0000017e67d1ded0: e82b 96f5 | 06e9 eafd | ffff 4883 | fa00 0f84 | 03fe ffff | 4889 0424 

  0x0000017e67d1dee8: ;   {runtime_call g1_post_barrier_slow}
  0x0000017e67d1dee8: e813 99f5 | 06e9 f5fd | ffff 448b | 4010 4983 | f800 0f84 | f5fd ffff | 4c89 0424 

  0x0000017e67d1df04: ;   {runtime_call g1_pre_barrier_slow}
  0x0000017e67d1df04: e8f7 95f5 | 06e9 e7fd | ffff 4983 | f800 0f84 | 00fe ffff | 4889 0424 

  0x0000017e67d1df1c: ;   {runtime_call g1_post_barrier_slow}
  0x0000017e67d1df1c: e8df 98f5 | 06e9 f2fd 

  0x0000017e67d1df24: ;   {runtime_call throw_null_pointer_exception Runtime1 stub}
  0x0000017e67d1df24: ffff e8d5 

  0x0000017e67d1df28: ; ImmutableOopMap {rax=Oop r8=Oop rsi=Oop }
                      ;*invokevirtual runCached {reexecute=0 rethrow=0 return_oop=0}
                      ; - androidx.compose.ui.text.font.FontFamilyResolverImpl::resolve@12 (line 94)
                      ;   {internal_word}
  0x0000017e67d1df28: 3ef5 0649 | bac4 ddd1 | 677e 0100 | 004d 8997 | 6004 0000 

  0x0000017e67d1df3c: ;   {runtime_call SafepointBlob}
  0x0000017e67d1df3c: e9bf 77e9 | 0649 8b87 | f804 0000 | 49c7 87f8 | 0400 0000 | 0000 0049 | c787 0005 | 0000 0000 
  0x0000017e67d1df5c: 0000 4881 | c4c0 0000 

  0x0000017e67d1df64: ;   {runtime_call unwind_exception Runtime1 stub}
  0x0000017e67d1df64: 005d e915 | 2bf5 06f4 | f4f4 f4f4 
[Stub Code]
  0x0000017e67d1df70: ;   {no_reloc}
  0x0000017e67d1df70: 48bb 0000 | 0000 0000 

  0x0000017e67d1df78: ;   {runtime_call nmethod}
  0x0000017e67d1df78: 0000 e9fb 

  0x0000017e67d1df7c: ;   {static_stub}
  0x0000017e67d1df7c: ffff ff48 | bb00 0000 | 0000 0000 

  0x0000017e67d1df88: ;   {runtime_call nmethod}
  0x0000017e67d1df88: 00e9 fbff 

  0x0000017e67d1df8c: ;   {runtime_call handle_exception_from_callee Runtime1 stub}
  0x0000017e67d1df8c: ffff e86d 

  0x0000017e67d1df90: ;   {external_word}
  0x0000017e67d1df90: 5cf5 0648 | b990 e2dd | 4cf9 7f00 | 0048 83e4 

  0x0000017e67d1dfa0: ;   {runtime_call}
  0x0000017e67d1dfa0: f048 b810 | 79a0 4cf9 | 7f00 00ff 

  0x0000017e67d1dfac: ;   {section_word}
  0x0000017e67d1dfac: d0f4 49ba | aedf d167 | 7e01 0000 

  0x0000017e67d1dfb8: ;   {runtime_call DeoptimizationBlob}
  0x0000017e67d1dfb8: 4152 e9e1 | 69e9 06f4 
[/MachCode]


Compiled method (c1) 41075 8204       3       androidx.compose.ui.text.font.FontFamilyResolverImpl::resolve-DPcqOEQ (63 bytes)
 total in heap  [0x0000017e67a41790,0x0000017e67a426d0] = 3904
 relocation     [0x0000017e67a418f0,0x0000017e67a419a8] = 184
 main code      [0x0000017e67a419c0,0x0000017e67a422c0] = 2304
 stub code      [0x0000017e67a422c0,0x0000017e67a42328] = 104
 oops           [0x0000017e67a42328,0x0000017e67a42330] = 8
 metadata       [0x0000017e67a42330,0x0000017e67a42390] = 96
 scopes data    [0x0000017e67a42390,0x0000017e67a42530] = 416
 scopes pcs     [0x0000017e67a42530,0x0000017e67a42690] = 352
 dependencies   [0x0000017e67a42690,0x0000017e67a426b0] = 32
 nul chk table  [0x0000017e67a426b0,0x0000017e67a426d0] = 32

[Constant Pool (empty)]

[MachCode]
[Entry Point]
  # {method} {0x0000017e42759fa8} 'resolve-DPcqOEQ' '(Landroidx/compose/ui/text/font/FontFamily;Landroidx/compose/ui/text/font/FontWeight;II)Landroidx/compose/runtime/State;' in 'androidx/compose/ui/text/font/FontFamilyResolverImpl'
  # this:     rdx:rdx   = 'androidx/compose/ui/text/font/FontFamilyResolverImpl'
  # parm0:    r8:r8     = 'androidx/compose/ui/text/font/FontFamily'
  # parm1:    r9:r9     = 'androidx/compose/ui/text/font/FontWeight'
  # parm2:    rdi       = int
  # parm3:    rsi       = int
  #           [sp+0xb0]  (sp of caller)
  0x0000017e67a419c0: 448b 5208 | 49bb 0000 | 0000 7e01 | 0000 4d03 | d34c 3bd0 

  0x0000017e67a419d4: ;   {runtime_call ic_miss_stub}
  0x0000017e67a419d4: 0f85 a6cd | 1607 660f | 1f44 0000 
[Verified Entry Point]
  0x0000017e67a419e0: 8984 2400 | 80ff ff55 | 4881 eca0 | 0000 0090 | 4181 7f20 | 6500 0000 

  0x0000017e67a419f8: ;   {runtime_call StubRoutines (final stubs)}
  0x0000017e67a419f8: 7405 e861 

  0x0000017e67a419fc: ;   {metadata(method data for {method} {0x0000017e42759fa8} 'resolve-DPcqOEQ' '(Landroidx/compose/ui/text/font/FontFamily;Landroidx/compose/ui/text/font/FontWeight;II)Landroidx/compose/runtime/State;' in 'androidx/compose/ui/text/font/FontFamilyResolverImpl')}
  0x0000017e67a419fc: 3315 0748 | b8b0 9604 | 437e 0100 | 008b 88cc | 0000 0083 | c102 8988 | cc00 0000 | 81e1 fe07 
  0x0000017e67a41a1c: 0000 85c9 | 0f84 3407 | 0000 89b4 | 248c 0000 | 0089 bc24 | 8800 0000 | 4c89 8c24 | 8000 0000 
  0x0000017e67a41a3c: 4c89 4424 | 7848 8bda 

  0x0000017e67a41a44: ;   {metadata('androidx/compose/ui/text/font/TypefaceRequest')}
  0x0000017e67a41a44: 48ba b857 | 2b01 7e01 | 0000 498b | 87b8 0100 | 0048 8d78 | 2049 3bbf | c801 0000 | 0f87 1507 
  0x0000017e67a41a64: 0000 4989 | bfb8 0100 | 0048 c700 | 0100 0000 | 488b ca49 | ba00 0000 | 007e 0100 | 0049 2bca 
  0x0000017e67a41a84: 8948 0848 | 33c9 8948 | 0c48 33c9 | 4889 4810 | 4889 4818 | 8b53 1048 | 85d2 0f84 | 2800 0000 
  0x0000017e67a41aa4: ;   {metadata('androidx/compose/ui/text/font/PlatformResolveInterceptor$Companion$Default$1')}
  0x0000017e67a41aa4: 49be 982f | 2b01 7e01 | 0000 8b7a | 0849 ba00 | 0000 007e | 0100 0049 | 03fa 4c3b | f70f 85c1 
  0x0000017e67a41ac4: 0600 00e9 | 0000 0000 | 488b f248 | 3b02 488b 

  0x0000017e67a41ad4: ;   {metadata(method data for {method} {0x0000017e42759fa8} 'resolve-DPcqOEQ' '(Landroidx/compose/ui/text/font/FontFamily;Landroidx/compose/ui/text/font/FontWeight;II)Landroidx/compose/runtime/State;' in 'androidx/compose/ui/text/font/FontFamilyResolverImpl')}
  0x0000017e67a41ad4: f248 bfb0 | 9604 437e | 0100 008b | 7608 49ba | 0000 0000 | 7e01 0000 | 4903 f248 | 3bb7 2001 
  0x0000017e67a41af4: 0000 750d | 4883 8728 | 0100 0001 | e960 0000 | 0048 3bb7 | 3001 0000 | 750d 4883 | 8738 0100 
  0x0000017e67a41b14: 0001 e94a | 0000 0048 | 83bf 2001 | 0000 0075 | 1748 89b7 | 2001 0000 | 48c7 8728 | 0100 0001 
  0x0000017e67a41b34: 0000 00e9 | 2900 0000 | 4883 bf30 | 0100 0000 | 7517 4889 | b730 0100 | 0048 c787 | 3801 0000 
  0x0000017e67a41b54: 0100 0000 | e908 0000 | 0048 8387 | 1001 0000 

  0x0000017e67a41b64: ;   {metadata(method data for {method} {0x0000017e42770f08} 'interceptFontFamily' '(Landroidx/compose/ui/text/font/FontFamily;)Landroidx/compose/ui/text/font/FontFamily;' in 'androidx/compose/ui/text/font/PlatformResolveInterceptor')}
  0x0000017e67a41b64: 0148 bef8 | 8f04 437e | 0100 008b | becc 0000 | 0083 c702 | 89be cc00 | 0000 81e7 | feff 1f00 
  0x0000017e67a41b84: 85ff 0f84 | 0606 0000 | 4885 d20f | 8428 0000 

  0x0000017e67a41b94: ;   {metadata('androidx/compose/ui/text/font/PlatformResolveInterceptor$Companion$Default$1')}
  0x0000017e67a41b94: 0049 be98 | 2f2b 017e | 0100 008b | 7a08 49ba | 0000 0000 | 7e01 0000 | 4903 fa4c | 3bf7 0f85 
  0x0000017e67a41bb4: fb05 0000 | e900 0000 | 0048 8bf2 

  0x0000017e67a41bc0: ;   {metadata(method data for {method} {0x0000017e42759fa8} 'resolve-DPcqOEQ' '(Landroidx/compose/ui/text/font/FontFamily;Landroidx/compose/ui/text/font/FontWeight;II)Landroidx/compose/runtime/State;' in 'androidx/compose/ui/text/font/FontFamilyResolverImpl')}
  0x0000017e67a41bc0: 488b f248 | bfb0 9604 | 437e 0100 | 008b 7608 | 49ba 0000 | 0000 7e01 | 0000 4903 | f248 3bb7 
  0x0000017e67a41be0: 5801 0000 | 750d 4883 | 8760 0100 | 0001 e960 | 0000 0048 | 3bb7 6801 | 0000 750d | 4883 8770 
  0x0000017e67a41c00: 0100 0001 | e94a 0000 | 0048 83bf | 5801 0000 | 0075 1748 | 89b7 5801 | 0000 48c7 | 8760 0100 
  0x0000017e67a41c20: 0001 0000 | 00e9 2900 | 0000 4883 | bf68 0100 | 0000 7517 | 4889 b768 | 0100 0048 | c787 7001 
  0x0000017e67a41c40: 0000 0100 | 0000 e908 | 0000 0048 | 8387 4801 

  0x0000017e67a41c50: ;   {metadata(method data for {method} {0x0000017e42770fc0} 'interceptFontWeight' '(Landroidx/compose/ui/text/font/FontWeight;)Landroidx/compose/ui/text/font/FontWeight;' in 'androidx/compose/ui/text/font/PlatformResolveInterceptor')}
  0x0000017e67a41c50: 0000 0148 | be58 9904 | 437e 0100 | 008b becc | 0000 0083 | c702 89be | cc00 0000 | 81e7 feff 
  0x0000017e67a41c70: 1f00 85ff | 0f84 3e05 | 0000 4885 | d20f 8428 

  0x0000017e67a41c80: ;   {metadata('androidx/compose/ui/text/font/PlatformResolveInterceptor$Companion$Default$1')}
  0x0000017e67a41c80: 0000 0049 | be98 2f2b | 017e 0100 | 008b 7a08 | 49ba 0000 | 0000 7e01 | 0000 4903 | fa4c 3bf7 
  0x0000017e67a41ca0: 0f85 3305 | 0000 e900 | 0000 0048 | 8bf2 488b 

  0x0000017e67a41cb0: ;   {metadata(method data for {method} {0x0000017e42759fa8} 'resolve-DPcqOEQ' '(Landroidx/compose/ui/text/font/FontFamily;Landroidx/compose/ui/text/font/FontWeight;II)Landroidx/compose/runtime/State;' in 'androidx/compose/ui/text/font/FontFamilyResolverImpl')}
  0x0000017e67a41cb0: f248 bfb0 | 9604 437e | 0100 008b | 7608 49ba | 0000 0000 | 7e01 0000 | 4903 f248 | 3bb7 9001 
  0x0000017e67a41cd0: 0000 750d | 4883 8798 | 0100 0001 | e960 0000 | 0048 3bb7 | a001 0000 | 750d 4883 | 87a8 0100 
  0x0000017e67a41cf0: 0001 e94a | 0000 0048 | 83bf 9001 | 0000 0075 | 1748 89b7 | 9001 0000 | 48c7 8798 | 0100 0001 
  0x0000017e67a41d10: 0000 00e9 | 2900 0000 | 4883 bfa0 | 0100 0000 | 7517 4889 | b7a0 0100 | 0048 c787 | a801 0000 
  0x0000017e67a41d30: 0100 0000 | e908 0000 | 0048 8387 | 8001 0000 

  0x0000017e67a41d40: ;   {metadata(method data for {method} {0x0000017e42771078} 'interceptFontStyle-T2F_aPo' '(I)I' in 'androidx/compose/ui/text/font/PlatformResolveInterceptor')}
  0x0000017e67a41d40: 0148 be88 | 9a04 437e | 0100 008b | becc 0000 | 0083 c702 | 89be cc00 | 0000 81e7 | feff 1f00 
  0x0000017e67a41d60: 85ff 0f84 | 7604 0000 | 4885 d20f | 8428 0000 

  0x0000017e67a41d70: ;   {metadata('androidx/compose/ui/text/font/PlatformResolveInterceptor$Companion$Default$1')}
  0x0000017e67a41d70: 0049 be98 | 2f2b 017e | 0100 008b | 7a08 49ba | 0000 0000 | 7e01 0000 | 4903 fa4c | 3bf7 0f85 
  0x0000017e67a41d90: 6b04 0000 | e900 0000 | 0048 8bf2 

  0x0000017e67a41d9c: ;   {metadata(method data for {method} {0x0000017e42759fa8} 'resolve-DPcqOEQ' '(Landroidx/compose/ui/text/font/FontFamily;Landroidx/compose/ui/text/font/FontWeight;II)Landroidx/compose/runtime/State;' in 'androidx/compose/ui/text/font/FontFamilyResolverImpl')}
  0x0000017e67a41d9c: 48be b096 | 0443 7e01 | 0000 8b52 | 0849 ba00 | 0000 007e | 0100 0049 | 03d2 483b | 96c8 0100 
  0x0000017e67a41dbc: 0075 0d48 | 8386 d001 | 0000 01e9 | 6000 0000 | 483b 96d8 | 0100 0075 | 0d48 8386 | e001 0000 
  0x0000017e67a41ddc: 01e9 4a00 | 0000 4883 | bec8 0100 | 0000 7517 | 4889 96c8 | 0100 0048 | c786 d001 | 0000 0100 
  0x0000017e67a41dfc: 0000 e929 | 0000 0048 | 83be d801 | 0000 0075 | 1748 8996 | d801 0000 | 48c7 86e0 | 0100 0001 
  0x0000017e67a41e1c: 0000 00e9 | 0800 0000 | 4883 86b8 | 0100 0001 

  0x0000017e67a41e2c: ;   {metadata(method data for {method} {0x0000017e42771130} 'interceptFontSynthesis-Mscr08Y' '(I)I' in 'androidx/compose/ui/text/font/PlatformResolveInterceptor')}
  0x0000017e67a41e2c: 48ba 609e | 0443 7e01 | 0000 8bb2 | cc00 0000 | 83c6 0289 | b2cc 0000 | 0081 e6fe | ff1f 0085 
  0x0000017e67a41e4c: f60f 84b1 | 0300 008b | 530c 4885 | d20f 8428 

  0x0000017e67a41e5c: ;   {metadata('androidx/compose/ui/text/font/SkiaFontLoader')}
  0x0000017e67a41e5c: 0000 0049 | be08 fb2a | 017e 0100 | 008b 7a08 | 49ba 0000 | 0000 7e01 | 0000 4903 | fa4c 3bf7 
  0x0000017e67a41e7c: 0f85 a303 | 0000 e900 | 0000 0048 | 8bf2 483b | 0248 8bf2 

  0x0000017e67a41e90: ;   {metadata(method data for {method} {0x0000017e42759fa8} 'resolve-DPcqOEQ' '(Landroidx/compose/ui/text/font/FontFamily;Landroidx/compose/ui/text/font/FontWeight;II)Landroidx/compose/runtime/State;' in 'androidx/compose/ui/text/font/FontFamilyResolverImpl')}
  0x0000017e67a41e90: 48bf b096 | 0443 7e01 

  0x0000017e67a41e98: ;   {metadata('androidx/compose/ui/text/font/SkiaFontLoader')}
  0x0000017e67a41e98: 0000 49ba | 08fb 2a01 | 7e01 0000 | 4c89 9700 | 0200 0048 | 8387 0802 

  0x0000017e67a41eb0: ;   {metadata(method data for {method} {0x0000017e4275c6d0} 'getCacheKey' '()Ljava/lang/Object;' in 'androidx/compose/ui/text/font/SkiaFontLoader')}
  0x0000017e67a41eb0: 0000 0148 | be28 9104 | 437e 0100 | 008b becc | 0000 0083 | c702 89be | cc00 0000 | 81e7 feff 
  0x0000017e67a41ed0: 1f00 85ff | 0f84 5503 | 0000 488b 

  0x0000017e67a41edc: ;   {metadata(method data for {method} {0x0000017e4275c6d0} 'getCacheKey' '()Ljava/lang/Object;' in 'androidx/compose/ui/text/font/SkiaFontLoader')}
  0x0000017e67a41edc: f248 bf28 | 9104 437e | 0100 0048 | 8387 1001 

  0x0000017e67a41eec: ;   {metadata(method data for {method} {0x0000017e4275c140} 'getFontCache' '()Landroidx/compose/ui/text/platform/FontCache;' in 'androidx/compose/ui/text/font/SkiaFontLoader')}
  0x0000017e67a41eec: 0000 0148 | be00 8004 | 437e 0100 | 008b becc | 0000 0083 | c702 89be | cc00 0000 | 81e7 feff 
  0x0000017e67a41f0c: 1f00 85ff | 0f84 3a03 | 0000 8b52 | 0c48 3b02 

  0x0000017e67a41f1c: ;   {metadata(method data for {method} {0x0000017e4275c140} 'getFontCache' '()Landroidx/compose/ui/text/platform/FontCache;' in 'androidx/compose/ui/text/font/SkiaFontLoader')}
  0x0000017e67a41f1c: 488b f248 | bf00 8004 | 437e 0100 | 008b 7608 | 49ba 0000 | 0000 7e01 | 0000 4903 | f248 3bb7 
  0x0000017e67a41f3c: 2001 0000 | 750d 4883 | 8728 0100 | 0001 e960 | 0000 0048 | 3bb7 3001 | 0000 750d | 4883 8738 
  0x0000017e67a41f5c: 0100 0001 | e94a 0000 | 0048 83bf | 2001 0000 | 0075 1748 | 89b7 2001 | 0000 48c7 | 8728 0100 
  0x0000017e67a41f7c: 0001 0000 | 00e9 2900 | 0000 4883 | bf30 0100 | 0000 7517 | 4889 b730 | 0100 0048 | c787 3801 
  0x0000017e67a41f9c: 0000 0100 | 0000 e908 | 0000 0048 | 8387 1001 | 0000 0148 | 899c 2490 | 0000 0048 | 8944 2470 
  0x0000017e67a41fbc: 9048 b810 | ae12 017e 

  0x0000017e67a41fc4: ;   {virtual_call}
  0x0000017e67a41fc4: 0100 00e8 

  0x0000017e67a41fc8: ; ImmutableOopMap {[112]=Oop [120]=Oop [128]=Oop [144]=Oop }
                      ;*invokeinterface getValue {reexecute=0 rethrow=0 return_oop=0}
                      ; - androidx.compose.ui.text.font.SkiaFontLoader::getFontCache@6 (line 33)
                      ; - androidx.compose.ui.text.font.SkiaFontLoader::getCacheKey@1 (line 71)
                      ; - androidx.compose.ui.text.font.FontFamilyResolverImpl::resolve-DPcqOEQ@50 (line 86)
  0x0000017e67a41fc8: f49e 0808 

  0x0000017e67a41fcc: ;   {other}
  0x0000017e67a41fcc: 0f1f 8400 | 3c08 0000 | 4885 c075 

  0x0000017e67a41fd8: ;   {metadata(method data for {method} {0x0000017e4275c140} 'getFontCache' '()Landroidx/compose/ui/text/platform/FontCache;' in 'androidx/compose/ui/text/font/SkiaFontLoader')}
  0x0000017e67a41fd8: 1749 b900 | 8004 437e | 0100 0041 | 8089 4101 | 0000 01e9 | cd00 0000 

  0x0000017e67a41ff0: ;   {metadata('androidx/compose/ui/text/platform/FontCache')}
  0x0000017e67a41ff0: 48bf 78ec | 2a01 7e01 | 0000 448b | 4008 49ba | 0000 0000 | 7e01 0000 | 4d03 c249 | 3bf8 0f85 
  0x0000017e67a42010: 8d00 0000 

  0x0000017e67a42014: ;   {metadata(method data for {method} {0x0000017e4275c140} 'getFontCache' '()Landroidx/compose/ui/text/platform/FontCache;' in 'androidx/compose/ui/text/font/SkiaFontLoader')}
  0x0000017e67a42014: 49b9 0080 | 0443 7e01 | 0000 8b78 | 0849 ba00 | 0000 007e | 0100 0049 | 03fa 493b | b958 0100 
  0x0000017e67a42034: 0075 0d49 | 8381 6001 | 0000 01e9 | 7900 0000 | 493b b968 | 0100 0075 | 0d49 8381 | 7001 0000 
  0x0000017e67a42054: 01e9 6300 | 0000 4983 | b958 0100 | 0000 7517 | 4989 b958 | 0100 0049 | c781 6001 | 0000 0100 
  0x0000017e67a42074: 0000 e942 | 0000 0049 | 83b9 6801 | 0000 0075 | 1749 89b9 | 6801 0000 | 49c7 8170 | 0100 0001 
  0x0000017e67a42094: 0000 00e9 | 2100 0000 | e91c 0000 

  0x0000017e67a420a0: ;   {metadata(method data for {method} {0x0000017e4275c140} 'getFontCache' '()Landroidx/compose/ui/text/platform/FontCache;' in 'androidx/compose/ui/text/font/SkiaFontLoader')}
  0x0000017e67a420a0: 0049 b900 | 8004 437e | 0100 0049 | 83a9 4801 | 0000 01e9 | be01 0000 | e900 0000 | 0048 8bc8 
  0x0000017e67a420c0: 488b 4424 

  0x0000017e67a420c4: ;   {metadata(method data for {method} {0x0000017e42759fa8} 'resolve-DPcqOEQ' '(Landroidx/compose/ui/text/font/FontFamily;Landroidx/compose/ui/text/font/FontWeight;II)Landroidx/compose/runtime/State;' in 'androidx/compose/ui/text/font/FontFamilyResolverImpl')}
  0x0000017e67a420c4: 7049 b8b0 | 9604 437e | 0100 0049 | 8380 2802 | 0000 014c | 8b44 2478 | 4c8b 8c24 | 8000 0000 
  0x0000017e67a420e4: 8bbc 2488 | 0000 008b | b424 8c00 | 0000 4d33 | d24c 8914 | 2448 8b54 

  0x0000017e67a420fc: ;   {optimized virtual_call}
  0x0000017e67a420fc: 2470 90e8 

  0x0000017e67a42100: ; ImmutableOopMap {[112]=Oop [144]=Oop }
                      ;*invokespecial <init> {reexecute=0 rethrow=0 return_oop=0}
                      ; - androidx.compose.ui.text.font.FontFamilyResolverImpl::resolve-DPcqOEQ@56 (line 81)
  0x0000017e67a42100: dc8b 1f00 

  0x0000017e67a42104: ;   {other}
  0x0000017e67a42104: 0f1f 8400 | 7409 0001 | 488b 9424 | 9000 0000 

  0x0000017e67a42114: ;   {metadata(method data for {method} {0x0000017e42759fa8} 'resolve-DPcqOEQ' '(Landroidx/compose/ui/text/font/FontFamily;Landroidx/compose/ui/text/font/FontWeight;II)Landroidx/compose/runtime/State;' in 'androidx/compose/ui/text/font/FontFamilyResolverImpl')}
  0x0000017e67a42114: 49b8 b096 | 0443 7e01 | 0000 4983 | 8038 0200 | 0001 4c8b | 4424 7048 | 8b94 2490 | 0000 000f 
  0x0000017e67a42134: ;   {optimized virtual_call}
  0x0000017e67a42134: 1f40 00e8 

  0x0000017e67a42138: ; ImmutableOopMap {}
                      ;*invokespecial resolve {reexecute=0 rethrow=0 return_oop=0}
                      ; - androidx.compose.ui.text.font.FontFamilyResolverImpl::resolve-DPcqOEQ@59 (line 80)
  0x0000017e67a42138: 84b8 2d00 

  0x0000017e67a4213c: ;   {other}
  0x0000017e67a4213c: 0f1f 8400 | ac09 0002 | 4881 c4a0 | 0000 005d 

  0x0000017e67a4214c: ;   {poll_return}
  0x0000017e67a4214c: 493b a748 | 0400 000f | 8726 0100 

  0x0000017e67a42158: ;   {metadata({method} {0x0000017e42759fa8} 'resolve-DPcqOEQ' '(Landroidx/compose/ui/text/font/FontFamily;Landroidx/compose/ui/text/font/FontWeight;II)Landroidx/compose/runtime/State;' in 'androidx/compose/ui/text/font/FontFamilyResolverImpl')}
  0x0000017e67a42158: 00c3 49ba | a09f 7542 | 7e01 0000 | 4c89 5424 | 0848 c704 | 24ff ffff 

  0x0000017e67a42170: ;   {runtime_call counter_overflow Runtime1 stub}
  0x0000017e67a42170: ffe8 8a4d 

  0x0000017e67a42174: ; ImmutableOopMap {rdx=Oop r8=Oop r9=Oop }
                      ;*synchronization entry
                      ; - androidx.compose.ui.text.font.FontFamilyResolverImpl::resolve-DPcqOEQ@-1 (line 80)
  0x0000017e67a42174: 2307 e9ab | f8ff ff48 

  0x0000017e67a4217c: ;   {runtime_call fast_new_instance Runtime1 stub}
  0x0000017e67a4217c: 8bd2 e87d 

  0x0000017e67a42180: ; ImmutableOopMap {rbx=Oop [120]=Oop [128]=Oop }
                      ;*new {reexecute=0 rethrow=0 return_oop=0}
                      ; - androidx.compose.ui.text.font.FontFamilyResolverImpl::resolve-DPcqOEQ@1 (line 81)
  0x0000017e67a42180: 0523 07e9 | 10f9 ffff 

  0x0000017e67a42188: ;   {runtime_call throw_incompatible_class_change_error Runtime1 stub}
  0x0000017e67a42188: e873 2323 

  0x0000017e67a4218c: ; ImmutableOopMap {rbx=Oop rax=Oop rdx=Oop [120]=Oop [128]=Oop }
                      ;*invokeinterface interceptFontFamily {reexecute=0 rethrow=0 return_oop=0}
                      ; - androidx.compose.ui.text.font.FontFamilyResolverImpl::resolve-DPcqOEQ@10 (line 82)
                      ;   {runtime_call throw_null_pointer_exception Runtime1 stub}
  0x0000017e67a4218c: 07e8 6efc 

  0x0000017e67a42190: ; ImmutableOopMap {rbx=Oop rax=Oop rdx=Oop [120]=Oop [128]=Oop }
                      ;*invokeinterface interceptFontFamily {reexecute=0 rethrow=0 return_oop=0}
                      ; - androidx.compose.ui.text.font.FontFamilyResolverImpl::resolve-DPcqOEQ@10 (line 82)
                      ;   {metadata({method} {0x0000017e42770f08} 'interceptFontFamily' '(Landroidx/compose/ui/text/font/FontFamily;)Landroidx/compose/ui/text/font/FontFamily;' in 'androidx/compose/ui/text/font/PlatformResolveInterceptor')}
  0x0000017e67a42190: 2207 49ba | 000f 7742 | 7e01 0000 | 4c89 5424 | 0848 c704 | 24ff ffff 

  0x0000017e67a421a8: ;   {runtime_call counter_overflow Runtime1 stub}
  0x0000017e67a421a8: ffe8 524d 

  0x0000017e67a421ac: ; ImmutableOopMap {rbx=Oop rax=Oop rdx=Oop [120]=Oop [128]=Oop }
                      ;*synchronization entry
                      ; - androidx.compose.ui.text.font.PlatformResolveInterceptor::interceptFontFamily@-1 (line 120)
                      ; - androidx.compose.ui.text.font.FontFamilyResolverImpl::resolve-DPcqOEQ@10 (line 82)
  0x0000017e67a421ac: 2307 e9d9 

  0x0000017e67a421b0: ;   {runtime_call throw_incompatible_class_change_error Runtime1 stub}
  0x0000017e67a421b0: f9ff ffe8 

  0x0000017e67a421b4: ; ImmutableOopMap {rbx=Oop rax=Oop rdx=Oop [120]=Oop [128]=Oop }
                      ;*invokeinterface interceptFontWeight {reexecute=0 rethrow=0 return_oop=0}
                      ; - androidx.compose.ui.text.font.FontFamilyResolverImpl::resolve-DPcqOEQ@20 (line 83)
  0x0000017e67a421b4: 4823 2307 

  0x0000017e67a421b8: ;   {metadata({method} {0x0000017e42770fc0} 'interceptFontWeight' '(Landroidx/compose/ui/text/font/FontWeight;)Landroidx/compose/ui/text/font/FontWeight;' in 'androidx/compose/ui/text/font/PlatformResolveInterceptor')}
  0x0000017e67a421b8: 49ba b80f | 7742 7e01 | 0000 4c89 | 5424 0848 | c704 24ff 

  0x0000017e67a421cc: ;   {runtime_call counter_overflow Runtime1 stub}
  0x0000017e67a421cc: ffff ffe8 

  0x0000017e67a421d0: ; ImmutableOopMap {rbx=Oop rax=Oop rdx=Oop [120]=Oop [128]=Oop }
                      ;*synchronization entry
                      ; - androidx.compose.ui.text.font.PlatformResolveInterceptor::interceptFontWeight@-1 (line 122)
                      ; - androidx.compose.ui.text.font.FontFamilyResolverImpl::resolve-DPcqOEQ@20 (line 83)
  0x0000017e67a421d0: 2c4d 2307 | e9a1 faff 

  0x0000017e67a421d8: ;   {runtime_call throw_incompatible_class_change_error Runtime1 stub}
  0x0000017e67a421d8: ffe8 2223 

  0x0000017e67a421dc: ; ImmutableOopMap {rbx=Oop rax=Oop rdx=Oop [120]=Oop [128]=Oop }
                      ;*invokeinterface interceptFontStyle-T2F_aPo {reexecute=0 rethrow=0 return_oop=0}
                      ; - androidx.compose.ui.text.font.FontFamilyResolverImpl::resolve-DPcqOEQ@30 (line 84)
                      ;   {metadata({method} {0x0000017e42771078} 'interceptFontStyle-T2F_aPo' '(I)I' in 'androidx/compose/ui/text/font/PlatformResolveInterceptor')}
  0x0000017e67a421dc: 2307 49ba | 7010 7742 | 7e01 0000 | 4c89 5424 | 0848 c704 | 24ff ffff 

  0x0000017e67a421f4: ;   {runtime_call counter_overflow Runtime1 stub}
  0x0000017e67a421f4: ffe8 064d 

  0x0000017e67a421f8: ; ImmutableOopMap {rbx=Oop rax=Oop rdx=Oop [120]=Oop [128]=Oop }
                      ;*synchronization entry
                      ; - androidx.compose.ui.text.font.PlatformResolveInterceptor::interceptFontStyle-T2F_aPo@-1 (line 124)
                      ; - androidx.compose.ui.text.font.FontFamilyResolverImpl::resolve-DPcqOEQ@30 (line 84)
  0x0000017e67a421f8: 2307 e969 

  0x0000017e67a421fc: ;   {runtime_call throw_incompatible_class_change_error Runtime1 stub}
  0x0000017e67a421fc: fbff ffe8 

  0x0000017e67a42200: ; ImmutableOopMap {rbx=Oop rax=Oop rdx=Oop [120]=Oop [128]=Oop }
                      ;*invokeinterface interceptFontSynthesis-Mscr08Y {reexecute=0 rethrow=0 return_oop=0}
                      ; - androidx.compose.ui.text.font.FontFamilyResolverImpl::resolve-DPcqOEQ@41 (line 85)
  0x0000017e67a42200: fc22 2307 

  0x0000017e67a42204: ;   {metadata({method} {0x0000017e42771130} 'interceptFontSynthesis-Mscr08Y' '(I)I' in 'androidx/compose/ui/text/font/PlatformResolveInterceptor')}
  0x0000017e67a42204: 49ba 2811 | 7742 7e01 | 0000 4c89 | 5424 0848 | c704 24ff 

  0x0000017e67a42218: ;   {runtime_call counter_overflow Runtime1 stub}
  0x0000017e67a42218: ffff ffe8 

  0x0000017e67a4221c: ; ImmutableOopMap {rbx=Oop rax=Oop [120]=Oop [128]=Oop }
                      ;*synchronization entry
                      ; - androidx.compose.ui.text.font.PlatformResolveInterceptor::interceptFontSynthesis-Mscr08Y@-1 (line 126)
                      ; - androidx.compose.ui.text.font.FontFamilyResolverImpl::resolve-DPcqOEQ@41 (line 85)
  0x0000017e67a4221c: e04c 2307 | e92e fcff 

  0x0000017e67a42224: ;   {runtime_call throw_incompatible_class_change_error Runtime1 stub}
  0x0000017e67a42224: ffe8 d622 

  0x0000017e67a42228: ; ImmutableOopMap {rbx=Oop rax=Oop rdx=Oop [120]=Oop [128]=Oop }
                      ;*invokeinterface getCacheKey {reexecute=0 rethrow=0 return_oop=0}
                      ; - androidx.compose.ui.text.font.FontFamilyResolverImpl::resolve-DPcqOEQ@50 (line 86)
                      ;   {runtime_call throw_null_pointer_exception Runtime1 stub}
  0x0000017e67a42228: 2307 e8d1 

  0x0000017e67a4222c: ; ImmutableOopMap {rbx=Oop rax=Oop rdx=Oop [120]=Oop [128]=Oop }
                      ;*invokeinterface getCacheKey {reexecute=0 rethrow=0 return_oop=0}
                      ; - androidx.compose.ui.text.font.FontFamilyResolverImpl::resolve-DPcqOEQ@50 (line 86)
                      ;   {metadata({method} {0x0000017e4275c6d0} 'getCacheKey' '()Ljava/lang/Object;' in 'androidx/compose/ui/text/font/SkiaFontLoader')}
  0x0000017e67a4222c: fb22 0749 | bac8 c675 | 427e 0100 | 004c 8954 | 2408 48c7 | 0424 ffff 

  0x0000017e67a42244: ;   {runtime_call counter_overflow Runtime1 stub}
  0x0000017e67a42244: ffff e8b5 

  0x0000017e67a42248: ; ImmutableOopMap {rbx=Oop rax=Oop rdx=Oop [120]=Oop [128]=Oop }
                      ;*synchronization entry
                      ; - androidx.compose.ui.text.font.SkiaFontLoader::getCacheKey@-1 (line 71)
                      ; - androidx.compose.ui.text.font.FontFamilyResolverImpl::resolve-DPcqOEQ@50 (line 86)
  0x0000017e67a42248: 4c23 07e9 | 8afc ffff 

  0x0000017e67a42250: ;   {metadata({method} {0x0000017e4275c140} 'getFontCache' '()Landroidx/compose/ui/text/platform/FontCache;' in 'androidx/compose/ui/text/font/SkiaFontLoader')}
  0x0000017e67a42250: 49ba 38c1 | 7542 7e01 | 0000 4c89 | 5424 0848 | c704 24ff 

  0x0000017e67a42264: ;   {runtime_call counter_overflow Runtime1 stub}
  0x0000017e67a42264: ffff ffe8 

  0x0000017e67a42268: ; ImmutableOopMap {rbx=Oop rax=Oop rdx=Oop [120]=Oop [128]=Oop }
                      ;*synchronization entry
                      ; - androidx.compose.ui.text.font.SkiaFontLoader::getFontCache@-1 (line 33)
                      ; - androidx.compose.ui.text.font.SkiaFontLoader::getCacheKey@1 (line 71)
                      ; - androidx.compose.ui.text.font.FontFamilyResolverImpl::resolve-DPcqOEQ@50 (line 86)
  0x0000017e67a42268: 944c 2307 | e9a5 fcff 

  0x0000017e67a42270: ;   {runtime_call throw_null_pointer_exception Runtime1 stub}
  0x0000017e67a42270: ffe8 8afb 

  0x0000017e67a42274: ; ImmutableOopMap {rbx=Oop rax=Oop rdx=Oop [120]=Oop [128]=Oop }
                      ;*invokeinterface getValue {reexecute=0 rethrow=0 return_oop=0}
                      ; - androidx.compose.ui.text.font.SkiaFontLoader::getFontCache@6 (line 33)
                      ; - androidx.compose.ui.text.font.SkiaFontLoader::getCacheKey@1 (line 71)
                      ; - androidx.compose.ui.text.font.FontFamilyResolverImpl::resolve-DPcqOEQ@50 (line 86)
  0x0000017e67a42274: 2207 4889 

  0x0000017e67a42278: ;   {runtime_call throw_class_cast_exception Runtime1 stub}
  0x0000017e67a42278: 0424 e881 

  0x0000017e67a4227c: ; ImmutableOopMap {[112]=Oop [120]=Oop [128]=Oop [144]=Oop }
                      ;*checkcast {reexecute=0 rethrow=0 return_oop=0}
                      ; - androidx.compose.ui.text.font.SkiaFontLoader::getFontCache@11 (line 33)
                      ; - androidx.compose.ui.text.font.SkiaFontLoader::getCacheKey@1 (line 71)
                      ; - androidx.compose.ui.text.font.FontFamilyResolverImpl::resolve-DPcqOEQ@50 (line 86)
                      ;   {internal_word}
  0x0000017e67a4227c: 1f23 0749 | ba4c 21a4 | 677e 0100 | 004d 8997 | 6004 0000 

  0x0000017e67a42290: ;   {runtime_call SafepointBlob}
  0x0000017e67a42290: e96b 3417 | 0749 8b87 | f804 0000 | 49c7 87f8 | 0400 0000 | 0000 0049 | c787 0005 | 0000 0000 
  0x0000017e67a422b0: 0000 4881 | c4a0 0000 

  0x0000017e67a422b8: ;   {runtime_call unwind_exception Runtime1 stub}
  0x0000017e67a422b8: 005d e9c1 | e722 07f4 
[Stub Code]
  0x0000017e67a422c0: ;   {no_reloc}
  0x0000017e67a422c0: 0f1f 4400 

  0x0000017e67a422c4: ;   {static_stub}
  0x0000017e67a422c4: 0048 bb00 | 0000 0000 

  0x0000017e67a422cc: ;   {runtime_call nmethod}
  0x0000017e67a422cc: 0000 00e9 | fbff ffff 

  0x0000017e67a422d4: ;   {static_stub}
  0x0000017e67a422d4: 48bb 0000 | 0000 0000 

  0x0000017e67a422dc: ;   {runtime_call nmethod}
  0x0000017e67a422dc: 0000 e9fb 

  0x0000017e67a422e0: ;   {static_stub}
  0x0000017e67a422e0: ffff ff48 | bb78 a075 | 427e 0100 

  0x0000017e67a422ec: ;   {runtime_call I2C/C2I adapters}
  0x0000017e67a422ec: 00e9 f51e 

  0x0000017e67a422f0: ;   {runtime_call handle_exception_from_callee Runtime1 stub}
  0x0000017e67a422f0: 1707 e809 

  0x0000017e67a422f4: ;   {external_word}
  0x0000017e67a422f4: 1923 0748 | b990 e2dd | 4cf9 7f00 | 0048 83e4 

  0x0000017e67a42304: ;   {runtime_call}
  0x0000017e67a42304: f048 b810 | 79a0 4cf9 | 7f00 00ff 

  0x0000017e67a42310: ;   {section_word}
  0x0000017e67a42310: d0f4 49ba | 1223 a467 | 7e01 0000 

  0x0000017e67a4231c: ;   {runtime_call DeoptimizationBlob}
  0x0000017e67a4231c: 4152 e97d | 2617 07f4 | f4f4 f4f4 
[/MachCode]


---------------  P R O C E S S  ---------------

Threads class SMR info:
_java_thread_list=0x0000017e7af6c3f0, length=30, elements={
0x0000017e5d4c5140, 0x0000017e7b090e70, 0x0000017e7b092430, 0x0000017e7b096000,
0x0000017e7b096a50, 0x0000017e7b0984b0, 0x0000017e7b099a70, 0x0000017e7b1c6720,
0x0000017e7b09d360, 0x0000017e7b329590, 0x0000017e7b364840, 0x0000017e4580e2f0,
0x0000017e45837850, 0x0000017e45a7df00, 0x0000017e461581e0, 0x0000017e463e0d50,
0x0000017e463e13b0, 0x0000017e463ae160, 0x0000017e48b606e0, 0x0000017e474f1ba0,
0x0000017e48d5b870, 0x0000017e7b386d90, 0x0000017e7b3844b0, 0x0000017e7b387460,
0x0000017e7b385250, 0x0000017e45e79170, 0x0000017e46d34d70, 0x0000017e46d374d0,
0x0000017e4666fb00, 0x0000017e4b2bd2f0
}

Java Threads: ( => current thread )
  0x0000017e5d4c5140 JavaThread "Test worker @kotlinx.coroutines.test runner#856"        [_thread_blocked, id=32112, stack(0x00000036a3f00000,0x00000036a4000000) (1024K)]
  0x0000017e7b090e70 JavaThread "Reference Handler"          daemon [_thread_blocked, id=20560, stack(0x00000036a4700000,0x00000036a4800000) (1024K)]
  0x0000017e7b092430 JavaThread "Finalizer"                  daemon [_thread_blocked, id=17284, stack(0x00000036a4800000,0x00000036a4900000) (1024K)]
  0x0000017e7b096000 JavaThread "Signal Dispatcher"          daemon [_thread_blocked, id=18648, stack(0x00000036a4900000,0x00000036a4a00000) (1024K)]
  0x0000017e7b096a50 JavaThread "Attach Listener"            daemon [_thread_blocked, id=39632, stack(0x00000036a4a00000,0x00000036a4b00000) (1024K)]
  0x0000017e7b0984b0 JavaThread "Service Thread"             daemon [_thread_blocked, id=22804, stack(0x00000036a4b00000,0x00000036a4c00000) (1024K)]
  0x0000017e7b099a70 JavaThread "Monitor Deflation Thread"   daemon [_thread_blocked, id=41128, stack(0x00000036a4c00000,0x00000036a4d00000) (1024K)]
  0x0000017e7b1c6720 JavaThread "C2 CompilerThread0"         daemon [_thread_blocked, id=19940, stack(0x00000036a4d00000,0x00000036a4e00000) (1024K)]
  0x0000017e7b09d360 JavaThread "C1 CompilerThread0"         daemon [_thread_blocked, id=7864, stack(0x00000036a4e00000,0x00000036a4f00000) (1024K)]
  0x0000017e7b329590 JavaThread "Notification Thread"        daemon [_thread_blocked, id=17436, stack(0x00000036a5000000,0x00000036a5100000) (1024K)]
  0x0000017e7b364840 JavaThread "Common-Cleaner"             daemon [_thread_blocked, id=24472, stack(0x00000036a5100000,0x00000036a5200000) (1024K)]
  0x0000017e4580e2f0 JavaThread "/127.0.0.1:50344 to /127.0.0.1:50341 workers"        [_thread_blocked, id=7512, stack(0x00000036a5600000,0x00000036a5700000) (1024K)]
  0x0000017e45837850 JavaThread "/127.0.0.1:50344 to /127.0.0.1:50341 workers Thread 2"        [_thread_blocked, id=27404, stack(0x00000036a5800000,0x00000036a5900000) (1024K)]
  0x0000017e45a7df00 JavaThread "/127.0.0.1:50344 to /127.0.0.1:50341 workers Thread 3"        [_thread_in_native, id=28756, stack(0x00000036a5900000,0x00000036a5a00000) (1024K)]
  0x0000017e461581e0 JavaThread "kotlinx.coroutines.DefaultExecutor" daemon [_thread_blocked, id=3064, stack(0x00000036a5200000,0x00000036a5300000) (1024K)]
  0x0000017e463e0d50 JavaThread "DefaultDispatcher-worker-1" daemon [_thread_blocked, id=36056, stack(0x00000036a6600000,0x00000036a6700000) (1024K)]
  0x0000017e463e13b0 JavaThread "DefaultDispatcher-worker-2" daemon [_thread_blocked, id=21252, stack(0x00000036a6700000,0x00000036a6800000) (1024K)]
  0x0000017e463ae160 JavaThread "DefaultDispatcher-worker-3" daemon [_thread_blocked, id=32844, stack(0x00000036a6800000,0x00000036a6900000) (1024K)]
  0x0000017e48b606e0 JavaThread "Java2D Disposer"            daemon [_thread_blocked, id=28972, stack(0x00000036a4f00000,0x00000036a5000000) (1024K)]
  0x0000017e474f1ba0 JavaThread "Reference Cleaner"          daemon [_thread_blocked, id=14424, stack(0x00000036a5300000,0x00000036a5400000) (1024K)]
  0x0000017e48d5b870 JavaThread "AWT-Windows"                daemon [_thread_in_native, id=4180, stack(0x00000036a5700000,0x00000036a5800000) (1024K)]
  0x0000017e7b386d90 JavaThread "C2 CompilerThread1"         daemon [_thread_blocked, id=31424, stack(0x00000036a5400000,0x00000036a5500000) (1024K)]
  0x0000017e7b3844b0 JavaThread "C2 CompilerThread2"         daemon [_thread_blocked, id=19216, stack(0x00000036a6500000,0x00000036a6600000) (1024K)]
  0x0000017e7b387460 JavaThread "C1 CompilerThread1"         daemon [_thread_blocked, id=29172, stack(0x00000036a6b00000,0x00000036a6c00000) (1024K)]
  0x0000017e7b385250 JavaThread "C1 CompilerThread2"         daemon [_thread_blocked, id=10536, stack(0x00000036a6c00000,0x00000036a6d00000) (1024K)]
  0x0000017e45e79170 JavaThread "C1 CompilerThread3"         daemon [_thread_blocked, id=17180, stack(0x00000036a6f00000,0x00000036a7000000) (1024K)]
  0x0000017e46d34d70 JavaThread "AWT-Shutdown"                      [_thread_blocked, id=26964, stack(0x00000036a7000000,0x00000036a7100000) (1024K)]
=>0x0000017e46d374d0 JavaThread "AWT-EventQueue-0"                  [_thread_in_native, id=16892, stack(0x00000036a7100000,0x00000036a7200000) (1024K)]
  0x0000017e4666fb00 JavaThread "Java Sound Event Dispatcher" daemon [_thread_blocked, id=21576, stack(0x00000036a7400000,0x00000036a7500000) (1024K)]
  0x0000017e4b2bd2f0 JavaThread "notepen-page-turn-sound"    daemon [_thread_blocked, id=13844, stack(0x00000036a7a00000,0x00000036a7b00000) (1024K)]
Total: 30

Other Threads:
  0x0000017e7b07bb10 VMThread "VM Thread"                           [id=16860, stack(0x00000036a4600000,0x00000036a4700000) (1024K)]
  0x0000017e7b1baaf0 WatcherThread "VM Periodic Task Thread"        [id=31428, stack(0x00000036a4500000,0x00000036a4600000) (1024K)]
  0x0000017e5d788570 WorkerThread "GC Thread#0"                     [id=16236, stack(0x00000036a4000000,0x00000036a4100000) (1024K)]
  0x0000017e453b2e20 WorkerThread "GC Thread#1"                     [id=3376, stack(0x00000036a5a00000,0x00000036a5b00000) (1024K)]
  0x0000017e453b26e0 WorkerThread "GC Thread#2"                     [id=39280, stack(0x00000036a5b00000,0x00000036a5c00000) (1024K)]
  0x0000017e453b1c00 WorkerThread "GC Thread#3"                     [id=20996, stack(0x00000036a5c00000,0x00000036a5d00000) (1024K)]
  0x0000017e453b2a80 WorkerThread "GC Thread#4"                     [id=10384, stack(0x00000036a5d00000,0x00000036a5e00000) (1024K)]
  0x0000017e453b14c0 WorkerThread "GC Thread#5"                     [id=23008, stack(0x00000036a5e00000,0x00000036a5f00000) (1024K)]
  0x0000017e453b1fa0 WorkerThread "GC Thread#6"                     [id=30772, stack(0x00000036a5f00000,0x00000036a6000000) (1024K)]
  0x0000017e45e80920 WorkerThread "GC Thread#7"                     [id=11140, stack(0x00000036a6000000,0x00000036a6100000) (1024K)]
  0x0000017e45e81b40 WorkerThread "GC Thread#8"                     [id=6396, stack(0x00000036a6100000,0x00000036a6200000) (1024K)]
  0x0000017e45e80cc0 WorkerThread "GC Thread#9"                     [id=10616, stack(0x00000036a6200000,0x00000036a6300000) (1024K)]
  0x0000017e45e829c0 WorkerThread "GC Thread#10"                    [id=12248, stack(0x00000036a6300000,0x00000036a6400000) (1024K)]
  0x0000017e45e81ee0 WorkerThread "GC Thread#11"                    [id=17172, stack(0x00000036a6400000,0x00000036a6500000) (1024K)]
  0x0000017e45e82280 WorkerThread "GC Thread#12"                    [id=24264, stack(0x00000036a6900000,0x00000036a6a00000) (1024K)]
  0x0000017e5d78e3d0 ConcurrentGCThread "G1 Main Marker"            [id=32888, stack(0x00000036a4100000,0x00000036a4200000) (1024K)]
  0x0000017e5d78eed0 WorkerThread "G1 Conc#0"                       [id=25864, stack(0x00000036a4200000,0x00000036a4300000) (1024K)]
  0x0000017e49733130 WorkerThread "G1 Conc#1"                       [id=15004, stack(0x00000036a6d00000,0x00000036a6e00000) (1024K)]
  0x0000017e49731430 WorkerThread "G1 Conc#2"                       [id=38516, stack(0x00000036a6e00000,0x00000036a6f00000) (1024K)]
  0x0000017e7b052050 ConcurrentGCThread "G1 Refine#0"               [id=24540, stack(0x00000036a4300000,0x00000036a4400000) (1024K)]
  0x0000017e7b053980 ConcurrentGCThread "G1 Service"                [id=41124, stack(0x00000036a4400000,0x00000036a4500000) (1024K)]
Total: 21

Threads with active compile tasks:
Total: 0

VM state: not at safepoint (normal execution)

VM Mutex/Monitor currently owned by a thread: None

Heap address: 0x00000000e0000000, size: 512 MB, Compressed Oops mode: 32-bit

CDS archive(s) mapped at: [0x0000017e00000000-0x0000017e00c80000-0x0000017e00c80000), size 13107200, SharedBaseAddress: 0x0000017e00000000, ArchiveRelocationMode: 1.
Compressed class space mapped at: 0x0000017e01000000-0x0000017e41000000, reserved size: 1073741824
Narrow klass base: 0x0000017e00000000, Narrow klass shift: 0, Narrow klass range: 0x100000000

GC Precious Log:
 CardTable entry size: 512
 Card Set container configuration: InlinePtr #cards 5 size 8 Array Of Cards #cards 12 size 40 Howl #buckets 4 coarsen threshold 1843 Howl Bitmap #cards 512 size 80 coarsen threshold 460 Card regions per heap region 1 cards per card region 2048
 CPUs: 16 total, 16 available
 Memory: 65455M
 Large Page Support: Disabled
 NUMA Support: Disabled
 Compressed Oops: Enabled (32-bit)
 Heap Region Size: 1M
 Heap Min Capacity: 8M
 Heap Initial Capacity: 512M
 Heap Max Capacity: 512M
 Pre-touch: Disabled
 Parallel Workers: 13
 Concurrent Workers: 3
 Concurrent Refinement Workers: 13
 Periodic GC: Disabled

Heap:
 garbage-first heap   total 524288K, used 468155K [0x00000000e0000000, 0x0000000100000000)
  region size 1024K, 299 young (306176K), 21 survivors (21504K)
 Metaspace       used 40530K, committed 41408K, reserved 1114112K
  class space    used 3948K, committed 4352K, reserved 1048576K

Heap Regions: E=young(eden), S=young(survivor), O=old, HS=humongous(starts), HC=humongous(continues), CS=collection set, F=free, TAMS=top-at-mark-start, PB=parsable bottom
|   0|0x00000000e0000000, 0x00000000e0100000, 0x00000000e0100000|100%| O|  |TAMS 0x00000000e0000000| PB 0x00000000e0000000| Untracked 
|   1|0x00000000e0100000, 0x00000000e0200000, 0x00000000e0200000|100%| O|  |TAMS 0x00000000e0100000| PB 0x00000000e0100000| Untracked 
|   2|0x00000000e0200000, 0x00000000e0300000, 0x00000000e0300000|100%| O|  |TAMS 0x00000000e0200000| PB 0x00000000e0200000| Untracked 
|   3|0x00000000e0300000, 0x00000000e0400000, 0x00000000e0400000|100%|HS|  |TAMS 0x00000000e0300000| PB 0x00000000e0300000| Complete 
|   4|0x00000000e0400000, 0x00000000e0500000, 0x00000000e0500000|100%| O|  |TAMS 0x00000000e0400000| PB 0x00000000e0400000| Untracked 
|   5|0x00000000e0500000, 0x00000000e0600000, 0x00000000e0600000|100%| O|  |TAMS 0x00000000e0500000| PB 0x00000000e0500000| Untracked 
|   6|0x00000000e0600000, 0x00000000e0700000, 0x00000000e0700000|100%| O|  |TAMS 0x00000000e0600000| PB 0x00000000e0600000| Untracked 
|   7|0x00000000e0700000, 0x00000000e0800000, 0x00000000e0800000|100%| O|Cm|TAMS 0x00000000e0700000| PB 0x00000000e0700000| Complete 
|   8|0x00000000e0800000, 0x00000000e0900000, 0x00000000e0900000|100%|HS|  |TAMS 0x00000000e0800000| PB 0x00000000e0800000| Complete 
|   9|0x00000000e0900000, 0x00000000e0a00000, 0x00000000e0a00000|100%|HS|  |TAMS 0x00000000e0900000| PB 0x00000000e0900000| Complete 
|  10|0x00000000e0a00000, 0x00000000e0b00000, 0x00000000e0b00000|100%|HS|  |TAMS 0x00000000e0a00000| PB 0x00000000e0a00000| Complete 
|  11|0x00000000e0b00000, 0x00000000e0c00000, 0x00000000e0c00000|100%|HS|  |TAMS 0x00000000e0b00000| PB 0x00000000e0b00000| Complete 
|  12|0x00000000e0c00000, 0x00000000e0d00000, 0x00000000e0d00000|100%|HS|  |TAMS 0x00000000e0c00000| PB 0x00000000e0c00000| Complete 
|  13|0x00000000e0d00000, 0x00000000e0e00000, 0x00000000e0e00000|100%|HS|  |TAMS 0x00000000e0d00000| PB 0x00000000e0d00000| Complete 
|  14|0x00000000e0e00000, 0x00000000e0f00000, 0x00000000e0f00000|100%|HC|  |TAMS 0x00000000e0e00000| PB 0x00000000e0e00000| Complete 
|  15|0x00000000e0f00000, 0x00000000e1000000, 0x00000000e1000000|100%|HS|  |TAMS 0x00000000e0f00000| PB 0x00000000e0f00000| Complete 
|  16|0x00000000e1000000, 0x00000000e1100000, 0x00000000e1100000|100%|HS|  |TAMS 0x00000000e1000000| PB 0x00000000e1000000| Complete 
|  17|0x00000000e1100000, 0x00000000e1200000, 0x00000000e1200000|100%|HS|  |TAMS 0x00000000e1100000| PB 0x00000000e1100000| Complete 
|  18|0x00000000e1200000, 0x00000000e1300000, 0x00000000e1300000|100%| O|  |TAMS 0x00000000e1200000| PB 0x00000000e1200000| Untracked 
|  19|0x00000000e1300000, 0x00000000e1400000, 0x00000000e1400000|100%|HS|  |TAMS 0x00000000e1300000| PB 0x00000000e1300000| Complete 
|  20|0x00000000e1400000, 0x00000000e1500000, 0x00000000e1500000|100%|HS|  |TAMS 0x00000000e1400000| PB 0x00000000e1400000| Complete 
|  21|0x00000000e1500000, 0x00000000e1600000, 0x00000000e1600000|100%|HC|  |TAMS 0x00000000e1500000| PB 0x00000000e1500000| Complete 
|  22|0x00000000e1600000, 0x00000000e1700000, 0x00000000e1700000|100%|HC|  |TAMS 0x00000000e1600000| PB 0x00000000e1600000| Complete 
|  23|0x00000000e1700000, 0x00000000e1800000, 0x00000000e1800000|100%|HC|  |TAMS 0x00000000e1700000| PB 0x00000000e1700000| Complete 
|  24|0x00000000e1800000, 0x00000000e1900000, 0x00000000e1900000|100%|HC|  |TAMS 0x00000000e1800000| PB 0x00000000e1800000| Complete 
|  25|0x00000000e1900000, 0x00000000e1a00000, 0x00000000e1a00000|100%|HC|  |TAMS 0x00000000e1900000| PB 0x00000000e1900000| Complete 
|  26|0x00000000e1a00000, 0x00000000e1b00000, 0x00000000e1b00000|100%|HC|  |TAMS 0x00000000e1a00000| PB 0x00000000e1a00000| Complete 
|  27|0x00000000e1b00000, 0x00000000e1c00000, 0x00000000e1c00000|100%|HC|  |TAMS 0x00000000e1b00000| PB 0x00000000e1b00000| Complete 
|  28|0x00000000e1c00000, 0x00000000e1d00000, 0x00000000e1d00000|100%|HC|  |TAMS 0x00000000e1c00000| PB 0x00000000e1c00000| Complete 
|  29|0x00000000e1d00000, 0x00000000e1e00000, 0x00000000e1e00000|100%| O|  |TAMS 0x00000000e1d00000| PB 0x00000000e1d00000| Untracked 
|  30|0x00000000e1e00000, 0x00000000e1f00000, 0x00000000e1f00000|100%| O|  |TAMS 0x00000000e1e00000| PB 0x00000000e1e00000| Untracked 
|  31|0x00000000e1f00000, 0x00000000e2000000, 0x00000000e2000000|100%| O|  |TAMS 0x00000000e1f00000| PB 0x00000000e1f00000| Untracked 
|  32|0x00000000e2000000, 0x00000000e2100000, 0x00000000e2100000|100%| O|  |TAMS 0x00000000e2000000| PB 0x00000000e2000000| Untracked 
|  33|0x00000000e2100000, 0x00000000e2200000, 0x00000000e2200000|100%| O|  |TAMS 0x00000000e2100000| PB 0x00000000e2100000| Untracked 
|  34|0x00000000e2200000, 0x00000000e2300000, 0x00000000e2300000|100%| O|  |TAMS 0x00000000e2200000| PB 0x00000000e2200000| Untracked 
|  35|0x00000000e2300000, 0x00000000e2400000, 0x00000000e2400000|100%|HS|  |TAMS 0x00000000e2300000| PB 0x00000000e2300000| Complete 
|  36|0x00000000e2400000, 0x00000000e2500000, 0x00000000e2500000|100%|HC|  |TAMS 0x00000000e2400000| PB 0x00000000e2400000| Complete 
|  37|0x00000000e2500000, 0x00000000e2600000, 0x00000000e2600000|100%|HC|  |TAMS 0x00000000e2500000| PB 0x00000000e2500000| Complete 
|  38|0x00000000e2600000, 0x00000000e2700000, 0x00000000e2700000|100%|HC|  |TAMS 0x00000000e2600000| PB 0x00000000e2600000| Complete 
|  39|0x00000000e2700000, 0x00000000e2800000, 0x00000000e2800000|100%|HC|  |TAMS 0x00000000e2700000| PB 0x00000000e2700000| Complete 
|  40|0x00000000e2800000, 0x00000000e2900000, 0x00000000e2900000|100%|HC|  |TAMS 0x00000000e2800000| PB 0x00000000e2800000| Complete 
|  41|0x00000000e2900000, 0x00000000e2a00000, 0x00000000e2a00000|100%|HS|  |TAMS 0x00000000e2900000| PB 0x00000000e2900000| Complete 
|  42|0x00000000e2a00000, 0x00000000e2b00000, 0x00000000e2b00000|100%|HC|  |TAMS 0x00000000e2a00000| PB 0x00000000e2a00000| Complete 
|  43|0x00000000e2b00000, 0x00000000e2c00000, 0x00000000e2c00000|100%| O|  |TAMS 0x00000000e2b00000| PB 0x00000000e2b00000| Untracked 
|  44|0x00000000e2c00000, 0x00000000e2d00000, 0x00000000e2d00000|100%|HS|  |TAMS 0x00000000e2c00000| PB 0x00000000e2c00000| Complete 
|  45|0x00000000e2d00000, 0x00000000e2e00000, 0x00000000e2e00000|100%|HS|  |TAMS 0x00000000e2d00000| PB 0x00000000e2d00000| Complete 
|  46|0x00000000e2e00000, 0x00000000e2f00000, 0x00000000e2f00000|100%| O|  |TAMS 0x00000000e2e00000| PB 0x00000000e2e00000| Untracked 
|  47|0x00000000e2f00000, 0x00000000e3000000, 0x00000000e3000000|100%|HS|  |TAMS 0x00000000e2f00000| PB 0x00000000e2f00000| Complete 
|  48|0x00000000e3000000, 0x00000000e3100000, 0x00000000e3100000|100%|HS|  |TAMS 0x00000000e3000000| PB 0x00000000e3000000| Complete 
|  49|0x00000000e3100000, 0x00000000e3200000, 0x00000000e3200000|100%| O|  |TAMS 0x00000000e3100000| PB 0x00000000e3100000| Untracked 
|  50|0x00000000e3200000, 0x00000000e3300000, 0x00000000e3300000|100%|HS|  |TAMS 0x00000000e3200000| PB 0x00000000e3200000| Complete 
|  51|0x00000000e3300000, 0x00000000e3400000, 0x00000000e3400000|100%| O|  |TAMS 0x00000000e3300000| PB 0x00000000e3300000| Untracked 
|  52|0x00000000e3400000, 0x00000000e3500000, 0x00000000e3500000|100%| O|  |TAMS 0x00000000e3400000| PB 0x00000000e3400000| Untracked 
|  53|0x00000000e3500000, 0x00000000e3600000, 0x00000000e3600000|100%| O|  |TAMS 0x00000000e3500000| PB 0x00000000e3500000| Untracked 
|  54|0x00000000e3600000, 0x00000000e3700000, 0x00000000e3700000|100%| O|  |TAMS 0x00000000e3600000| PB 0x00000000e3600000| Untracked 
|  55|0x00000000e3700000, 0x00000000e3800000, 0x00000000e3800000|100%| O|  |TAMS 0x00000000e3700000| PB 0x00000000e3700000| Untracked 
|  56|0x00000000e3800000, 0x00000000e3900000, 0x00000000e3900000|100%| O|  |TAMS 0x00000000e3800000| PB 0x00000000e3800000| Untracked 
|  57|0x00000000e3900000, 0x00000000e3a00000, 0x00000000e3a00000|100%| O|  |TAMS 0x00000000e3900000| PB 0x00000000e3900000| Untracked 
|  58|0x00000000e3a00000, 0x00000000e3b00000, 0x00000000e3b00000|100%| O|  |TAMS 0x00000000e3a00000| PB 0x00000000e3a00000| Untracked 
|  59|0x00000000e3b00000, 0x00000000e3c00000, 0x00000000e3c00000|100%| O|  |TAMS 0x00000000e3b00000| PB 0x00000000e3b00000| Untracked 
|  60|0x00000000e3c00000, 0x00000000e3d00000, 0x00000000e3d00000|100%| O|  |TAMS 0x00000000e3c00000| PB 0x00000000e3c00000| Untracked 
|  61|0x00000000e3d00000, 0x00000000e3e00000, 0x00000000e3e00000|100%| O|  |TAMS 0x00000000e3d00000| PB 0x00000000e3d00000| Untracked 
|  62|0x00000000e3e00000, 0x00000000e3f00000, 0x00000000e3f00000|100%| O|  |TAMS 0x00000000e3e00000| PB 0x00000000e3e00000| Untracked 
|  63|0x00000000e3f00000, 0x00000000e4000000, 0x00000000e4000000|100%| O|  |TAMS 0x00000000e3f00000| PB 0x00000000e3f00000| Untracked 
|  64|0x00000000e4000000, 0x00000000e4100000, 0x00000000e4100000|100%| O|  |TAMS 0x00000000e4000000| PB 0x00000000e4000000| Untracked 
|  65|0x00000000e4100000, 0x00000000e4200000, 0x00000000e4200000|100%| O|  |TAMS 0x00000000e4100000| PB 0x00000000e4100000| Untracked 
|  66|0x00000000e4200000, 0x00000000e4300000, 0x00000000e4300000|100%| O|  |TAMS 0x00000000e4200000| PB 0x00000000e4200000| Untracked 
|  67|0x00000000e4300000, 0x00000000e4400000, 0x00000000e4400000|100%| O|  |TAMS 0x00000000e4300000| PB 0x00000000e4300000| Untracked 
|  68|0x00000000e4400000, 0x00000000e4500000, 0x00000000e4500000|100%| O|  |TAMS 0x00000000e4400000| PB 0x00000000e4400000| Untracked 
|  69|0x00000000e4500000, 0x00000000e4600000, 0x00000000e4600000|100%| O|  |TAMS 0x00000000e4500000| PB 0x00000000e4500000| Untracked 
|  70|0x00000000e4600000, 0x00000000e4700000, 0x00000000e4700000|100%| O|Cm|TAMS 0x00000000e4600000| PB 0x00000000e4600000| Complete 
|  71|0x00000000e4700000, 0x00000000e4800000, 0x00000000e4800000|100%| O|  |TAMS 0x00000000e4700000| PB 0x00000000e4700000| Untracked 
|  72|0x00000000e4800000, 0x00000000e4900000, 0x00000000e4900000|100%| O|  |TAMS 0x00000000e4800000| PB 0x00000000e4800000| Untracked 
|  73|0x00000000e4900000, 0x00000000e4a00000, 0x00000000e4a00000|100%| O|  |TAMS 0x00000000e4900000| PB 0x00000000e4900000| Untracked 
|  74|0x00000000e4a00000, 0x00000000e4b00000, 0x00000000e4b00000|100%| O|  |TAMS 0x00000000e4a00000| PB 0x00000000e4a00000| Untracked 
|  75|0x00000000e4b00000, 0x00000000e4c00000, 0x00000000e4c00000|100%| O|  |TAMS 0x00000000e4b00000| PB 0x00000000e4b00000| Untracked 
|  76|0x00000000e4c00000, 0x00000000e4d00000, 0x00000000e4d00000|100%| O|  |TAMS 0x00000000e4c00000| PB 0x00000000e4c00000| Untracked 
|  77|0x00000000e4d00000, 0x00000000e4e00000, 0x00000000e4e00000|100%| O|  |TAMS 0x00000000e4d00000| PB 0x00000000e4d00000| Untracked 
|  78|0x00000000e4e00000, 0x00000000e4f00000, 0x00000000e4f00000|100%| O|  |TAMS 0x00000000e4e00000| PB 0x00000000e4e00000| Untracked 
|  79|0x00000000e4f00000, 0x00000000e5000000, 0x00000000e5000000|100%| O|Cm|TAMS 0x00000000e4f00000| PB 0x00000000e4f00000| Complete 
|  80|0x00000000e5000000, 0x00000000e5100000, 0x00000000e5100000|100%| O|  |TAMS 0x00000000e5000000| PB 0x00000000e5000000| Untracked 
|  81|0x00000000e5100000, 0x00000000e5200000, 0x00000000e5200000|100%| O|  |TAMS 0x00000000e5100000| PB 0x00000000e5100000| Untracked 
|  82|0x00000000e5200000, 0x00000000e5300000, 0x00000000e5300000|100%| O|  |TAMS 0x00000000e5200000| PB 0x00000000e5200000| Untracked 
|  83|0x00000000e5300000, 0x00000000e5400000, 0x00000000e5400000|100%| O|  |TAMS 0x00000000e5300000| PB 0x00000000e5300000| Untracked 
|  84|0x00000000e5400000, 0x00000000e5500000, 0x00000000e5500000|100%|HS|  |TAMS 0x00000000e5400000| PB 0x00000000e5400000| Complete 
|  85|0x00000000e5500000, 0x00000000e5600000, 0x00000000e5600000|100%|HS|  |TAMS 0x00000000e5500000| PB 0x00000000e5500000| Complete 
|  86|0x00000000e5600000, 0x00000000e5700000, 0x00000000e5700000|100%|HC|  |TAMS 0x00000000e5600000| PB 0x00000000e5600000| Complete 
|  87|0x00000000e5700000, 0x00000000e5800000, 0x00000000e5800000|100%| O|  |TAMS 0x00000000e5700000| PB 0x00000000e5700000| Untracked 
|  88|0x00000000e5800000, 0x00000000e5900000, 0x00000000e5900000|100%|HS|  |TAMS 0x00000000e5800000| PB 0x00000000e5800000| Complete 
|  89|0x00000000e5900000, 0x00000000e5a00000, 0x00000000e5a00000|100%| O|  |TAMS 0x00000000e5900000| PB 0x00000000e5900000| Untracked 
|  90|0x00000000e5a00000, 0x00000000e5b00000, 0x00000000e5b00000|100%|HS|  |TAMS 0x00000000e5a00000| PB 0x00000000e5a00000| Complete 
|  91|0x00000000e5b00000, 0x00000000e5c00000, 0x00000000e5c00000|100%| O|Cm|TAMS 0x00000000e5b00000| PB 0x00000000e5b00000| Complete 
|  92|0x00000000e5c00000, 0x00000000e5c8ae80, 0x00000000e5d00000| 54%| O|  |TAMS 0x00000000e5c00000| PB 0x00000000e5c00000| Untracked 
|  93|0x00000000e5d00000, 0x00000000e5e00000, 0x00000000e5e00000|100%| O|  |TAMS 0x00000000e5d00000| PB 0x00000000e5d00000| Untracked 
|  94|0x00000000e5e00000, 0x00000000e5f00000, 0x00000000e5f00000|100%| O|Cm|TAMS 0x00000000e5e00000| PB 0x00000000e5e00000| Complete 
|  95|0x00000000e5f00000, 0x00000000e6000000, 0x00000000e6000000|100%| O|  |TAMS 0x00000000e5f00000| PB 0x00000000e5f00000| Untracked 
|  96|0x00000000e6000000, 0x00000000e6100000, 0x00000000e6100000|100%| O|  |TAMS 0x00000000e6000000| PB 0x00000000e6000000| Untracked 
|  97|0x00000000e6100000, 0x00000000e6200000, 0x00000000e6200000|100%|HS|  |TAMS 0x00000000e6100000| PB 0x00000000e6100000| Complete 
|  98|0x00000000e6200000, 0x00000000e6300000, 0x00000000e6300000|100%| O|  |TAMS 0x00000000e6200000| PB 0x00000000e6200000| Untracked 
|  99|0x00000000e6300000, 0x00000000e6400000, 0x00000000e6400000|100%| O|  |TAMS 0x00000000e6300000| PB 0x00000000e6300000| Untracked 
| 100|0x00000000e6400000, 0x00000000e6500000, 0x00000000e6500000|100%| O|  |TAMS 0x00000000e6400000| PB 0x00000000e6400000| Untracked 
| 101|0x00000000e6500000, 0x00000000e6600000, 0x00000000e6600000|100%| O|  |TAMS 0x00000000e6500000| PB 0x00000000e6500000| Untracked 
| 102|0x00000000e6600000, 0x00000000e6700000, 0x00000000e6700000|100%| O|  |TAMS 0x00000000e6600000| PB 0x00000000e6600000| Untracked 
| 103|0x00000000e6700000, 0x00000000e6700000, 0x00000000e6800000|  0%| F|  |TAMS 0x00000000e6700000| PB 0x00000000e6700000| Untracked 
| 104|0x00000000e6800000, 0x00000000e6900000, 0x00000000e6900000|100%|HS|  |TAMS 0x00000000e6800000| PB 0x00000000e6800000| Complete 
| 105|0x00000000e6900000, 0x00000000e6a00000, 0x00000000e6a00000|100%| O|  |TAMS 0x00000000e6900000| PB 0x00000000e6900000| Untracked 
| 106|0x00000000e6a00000, 0x00000000e6b00000, 0x00000000e6b00000|100%| O|  |TAMS 0x00000000e6a00000| PB 0x00000000e6a00000| Untracked 
| 107|0x00000000e6b00000, 0x00000000e6c00000, 0x00000000e6c00000|100%| O|  |TAMS 0x00000000e6b00000| PB 0x00000000e6b00000| Untracked 
| 108|0x00000000e6c00000, 0x00000000e6d00000, 0x00000000e6d00000|100%| O|  |TAMS 0x00000000e6c00000| PB 0x00000000e6c00000| Untracked 
| 109|0x00000000e6d00000, 0x00000000e6e00000, 0x00000000e6e00000|100%| O|  |TAMS 0x00000000e6d00000| PB 0x00000000e6d00000| Untracked 
| 110|0x00000000e6e00000, 0x00000000e6f00000, 0x00000000e6f00000|100%| O|  |TAMS 0x00000000e6e00000| PB 0x00000000e6e00000| Untracked 
| 111|0x00000000e6f00000, 0x00000000e7000000, 0x00000000e7000000|100%| O|  |TAMS 0x00000000e6f00000| PB 0x00000000e6f00000| Untracked 
| 112|0x00000000e7000000, 0x00000000e7000000, 0x00000000e7100000|  0%| F|  |TAMS 0x00000000e7000000| PB 0x00000000e7000000| Untracked 
| 113|0x00000000e7100000, 0x00000000e7200000, 0x00000000e7200000|100%|HS|  |TAMS 0x00000000e7100000| PB 0x00000000e7100000| Complete 
| 114|0x00000000e7200000, 0x00000000e7300000, 0x00000000e7300000|100%|HS|  |TAMS 0x00000000e7200000| PB 0x00000000e7200000| Complete 
| 115|0x00000000e7300000, 0x00000000e7400000, 0x00000000e7400000|100%| O|  |TAMS 0x00000000e7300000| PB 0x00000000e7300000| Untracked 
| 116|0x00000000e7400000, 0x00000000e7500000, 0x00000000e7500000|100%| O|  |TAMS 0x00000000e7400000| PB 0x00000000e7400000| Untracked 
| 117|0x00000000e7500000, 0x00000000e7600000, 0x00000000e7600000|100%| O|  |TAMS 0x00000000e7500000| PB 0x00000000e7500000| Untracked 
| 118|0x00000000e7600000, 0x00000000e7700000, 0x00000000e7700000|100%| O|  |TAMS 0x00000000e7600000| PB 0x00000000e7600000| Untracked 
| 119|0x00000000e7700000, 0x00000000e7700000, 0x00000000e7800000|  0%| F|  |TAMS 0x00000000e7700000| PB 0x00000000e7700000| Untracked 
| 120|0x00000000e7800000, 0x00000000e7900000, 0x00000000e7900000|100%| O|  |TAMS 0x00000000e7800000| PB 0x00000000e7800000| Untracked 
| 121|0x00000000e7900000, 0x00000000e7a00000, 0x00000000e7a00000|100%|HS|  |TAMS 0x00000000e7900000| PB 0x00000000e7900000| Complete 
| 122|0x00000000e7a00000, 0x00000000e7b00000, 0x00000000e7b00000|100%|HS|  |TAMS 0x00000000e7a00000| PB 0x00000000e7a00000| Complete 
| 123|0x00000000e7b00000, 0x00000000e7c00000, 0x00000000e7c00000|100%| O|Cm|TAMS 0x00000000e7b00000| PB 0x00000000e7b00000| Complete 
| 124|0x00000000e7c00000, 0x00000000e7d00000, 0x00000000e7d00000|100%| O|  |TAMS 0x00000000e7c00000| PB 0x00000000e7c00000| Untracked 
| 125|0x00000000e7d00000, 0x00000000e7e00000, 0x00000000e7e00000|100%|HS|  |TAMS 0x00000000e7d00000| PB 0x00000000e7d00000| Complete 
| 126|0x00000000e7e00000, 0x00000000e7f00000, 0x00000000e7f00000|100%|HC|  |TAMS 0x00000000e7e00000| PB 0x00000000e7e00000| Complete 
| 127|0x00000000e7f00000, 0x00000000e8000000, 0x00000000e8000000|100%|HC|  |TAMS 0x00000000e7f00000| PB 0x00000000e7f00000| Complete 
| 128|0x00000000e8000000, 0x00000000e8100000, 0x00000000e8100000|100%|HC|  |TAMS 0x00000000e8000000| PB 0x00000000e8000000| Complete 
| 129|0x00000000e8100000, 0x00000000e8200000, 0x00000000e8200000|100%| O|  |TAMS 0x00000000e8100000| PB 0x00000000e8100000| Untracked 
| 130|0x00000000e8200000, 0x00000000e8300000, 0x00000000e8300000|100%|HS|  |TAMS 0x00000000e8200000| PB 0x00000000e8200000| Complete 
| 131|0x00000000e8300000, 0x00000000e8400000, 0x00000000e8400000|100%|HC|  |TAMS 0x00000000e8300000| PB 0x00000000e8300000| Complete 
| 132|0x00000000e8400000, 0x00000000e8500000, 0x00000000e8500000|100%|HC|  |TAMS 0x00000000e8400000| PB 0x00000000e8400000| Complete 
| 133|0x00000000e8500000, 0x00000000e8600000, 0x00000000e8600000|100%|HC|  |TAMS 0x00000000e8500000| PB 0x00000000e8500000| Complete 
| 134|0x00000000e8600000, 0x00000000e8700000, 0x00000000e8700000|100%| O|  |TAMS 0x00000000e8600000| PB 0x00000000e8600000| Untracked 
| 135|0x00000000e8700000, 0x00000000e8700000, 0x00000000e8800000|  0%| F|  |TAMS 0x00000000e8700000| PB 0x00000000e8700000| Untracked 
| 136|0x00000000e8800000, 0x00000000e8800000, 0x00000000e8900000|  0%| F|  |TAMS 0x00000000e8800000| PB 0x00000000e8800000| Untracked 
| 137|0x00000000e8900000, 0x00000000e8900000, 0x00000000e8a00000|  0%| F|  |TAMS 0x00000000e8900000| PB 0x00000000e8900000| Untracked 
| 138|0x00000000e8a00000, 0x00000000e8b00000, 0x00000000e8b00000|100%| O|  |TAMS 0x00000000e8a00000| PB 0x00000000e8a00000| Untracked 
| 139|0x00000000e8b00000, 0x00000000e8c00000, 0x00000000e8c00000|100%| O|  |TAMS 0x00000000e8b00000| PB 0x00000000e8b00000| Untracked 
| 140|0x00000000e8c00000, 0x00000000e8d00000, 0x00000000e8d00000|100%| O|  |TAMS 0x00000000e8c00000| PB 0x00000000e8c00000| Untracked 
| 141|0x00000000e8d00000, 0x00000000e8e00000, 0x00000000e8e00000|100%| O|  |TAMS 0x00000000e8d00000| PB 0x00000000e8d00000| Untracked 
| 142|0x00000000e8e00000, 0x00000000e8f00000, 0x00000000e8f00000|100%| O|  |TAMS 0x00000000e8e00000| PB 0x00000000e8e00000| Untracked 
| 143|0x00000000e8f00000, 0x00000000e9000000, 0x00000000e9000000|100%| O|  |TAMS 0x00000000e8f00000| PB 0x00000000e8f00000| Untracked 
| 144|0x00000000e9000000, 0x00000000e9000000, 0x00000000e9100000|  0%| F|  |TAMS 0x00000000e9000000| PB 0x00000000e9000000| Untracked 
| 145|0x00000000e9100000, 0x00000000e9100000, 0x00000000e9200000|  0%| F|  |TAMS 0x00000000e9100000| PB 0x00000000e9100000| Untracked 
| 146|0x00000000e9200000, 0x00000000e9200000, 0x00000000e9300000|  0%| F|  |TAMS 0x00000000e9200000| PB 0x00000000e9200000| Untracked 
| 147|0x00000000e9300000, 0x00000000e9300000, 0x00000000e9400000|  0%| F|  |TAMS 0x00000000e9300000| PB 0x00000000e9300000| Untracked 
| 148|0x00000000e9400000, 0x00000000e9400000, 0x00000000e9500000|  0%| F|  |TAMS 0x00000000e9400000| PB 0x00000000e9400000| Untracked 
| 149|0x00000000e9500000, 0x00000000e9500000, 0x00000000e9600000|  0%| F|  |TAMS 0x00000000e9500000| PB 0x00000000e9500000| Untracked 
| 150|0x00000000e9600000, 0x00000000e9600000, 0x00000000e9700000|  0%| F|  |TAMS 0x00000000e9600000| PB 0x00000000e9600000| Untracked 
| 151|0x00000000e9700000, 0x00000000e9700000, 0x00000000e9800000|  0%| F|  |TAMS 0x00000000e9700000| PB 0x00000000e9700000| Untracked 
| 152|0x00000000e9800000, 0x00000000e9800000, 0x00000000e9900000|  0%| F|  |TAMS 0x00000000e9800000| PB 0x00000000e9800000| Untracked 
| 153|0x00000000e9900000, 0x00000000e9a00000, 0x00000000e9a00000|100%| O|Cm|TAMS 0x00000000e9900000| PB 0x00000000e9900000| Complete 
| 154|0x00000000e9a00000, 0x00000000e9b00000, 0x00000000e9b00000|100%| O|  |TAMS 0x00000000e9a00000| PB 0x00000000e9a00000| Untracked 
| 155|0x00000000e9b00000, 0x00000000e9b00000, 0x00000000e9c00000|  0%| F|  |TAMS 0x00000000e9b00000| PB 0x00000000e9b00000| Untracked 
| 156|0x00000000e9c00000, 0x00000000e9c00000, 0x00000000e9d00000|  0%| F|  |TAMS 0x00000000e9c00000| PB 0x00000000e9c00000| Untracked 
| 157|0x00000000e9d00000, 0x00000000e9d00000, 0x00000000e9e00000|  0%| F|  |TAMS 0x00000000e9d00000| PB 0x00000000e9d00000| Untracked 
| 158|0x00000000e9e00000, 0x00000000e9e00000, 0x00000000e9f00000|  0%| F|  |TAMS 0x00000000e9e00000| PB 0x00000000e9e00000| Untracked 
| 159|0x00000000e9f00000, 0x00000000e9f00000, 0x00000000ea000000|  0%| F|  |TAMS 0x00000000e9f00000| PB 0x00000000e9f00000| Untracked 
| 160|0x00000000ea000000, 0x00000000ea000000, 0x00000000ea100000|  0%| F|  |TAMS 0x00000000ea000000| PB 0x00000000ea000000| Untracked 
| 161|0x00000000ea100000, 0x00000000ea100000, 0x00000000ea200000|  0%| F|  |TAMS 0x00000000ea100000| PB 0x00000000ea100000| Untracked 
| 162|0x00000000ea200000, 0x00000000ea200000, 0x00000000ea300000|  0%| F|  |TAMS 0x00000000ea200000| PB 0x00000000ea200000| Untracked 
| 163|0x00000000ea300000, 0x00000000ea400000, 0x00000000ea400000|100%| O|  |TAMS 0x00000000ea300000| PB 0x00000000ea300000| Untracked 
| 164|0x00000000ea400000, 0x00000000ea400000, 0x00000000ea500000|  0%| F|  |TAMS 0x00000000ea400000| PB 0x00000000ea400000| Untracked 
| 165|0x00000000ea500000, 0x00000000ea500000, 0x00000000ea600000|  0%| F|  |TAMS 0x00000000ea500000| PB 0x00000000ea500000| Untracked 
| 166|0x00000000ea600000, 0x00000000ea600000, 0x00000000ea700000|  0%| F|  |TAMS 0x00000000ea600000| PB 0x00000000ea600000| Untracked 
| 167|0x00000000ea700000, 0x00000000ea700000, 0x00000000ea800000|  0%| F|  |TAMS 0x00000000ea700000| PB 0x00000000ea700000| Untracked 
| 168|0x00000000ea800000, 0x00000000ea800000, 0x00000000ea900000|  0%| F|  |TAMS 0x00000000ea800000| PB 0x00000000ea800000| Untracked 
| 169|0x00000000ea900000, 0x00000000ea900000, 0x00000000eaa00000|  0%| F|  |TAMS 0x00000000ea900000| PB 0x00000000ea900000| Untracked 
| 170|0x00000000eaa00000, 0x00000000eaa00000, 0x00000000eab00000|  0%| F|  |TAMS 0x00000000eaa00000| PB 0x00000000eaa00000| Untracked 
| 171|0x00000000eab00000, 0x00000000eab00000, 0x00000000eac00000|  0%| F|  |TAMS 0x00000000eab00000| PB 0x00000000eab00000| Untracked 
| 172|0x00000000eac00000, 0x00000000eac00000, 0x00000000ead00000|  0%| F|  |TAMS 0x00000000eac00000| PB 0x00000000eac00000| Untracked 
| 173|0x00000000ead00000, 0x00000000ead00000, 0x00000000eae00000|  0%| F|  |TAMS 0x00000000ead00000| PB 0x00000000ead00000| Untracked 
| 174|0x00000000eae00000, 0x00000000eae00000, 0x00000000eaf00000|  0%| F|  |TAMS 0x00000000eae00000| PB 0x00000000eae00000| Untracked 
| 175|0x00000000eaf00000, 0x00000000eaf00000, 0x00000000eb000000|  0%| F|  |TAMS 0x00000000eaf00000| PB 0x00000000eaf00000| Untracked 
| 176|0x00000000eb000000, 0x00000000eb000000, 0x00000000eb100000|  0%| F|  |TAMS 0x00000000eb000000| PB 0x00000000eb000000| Untracked 
| 177|0x00000000eb100000, 0x00000000eb100000, 0x00000000eb200000|  0%| F|  |TAMS 0x00000000eb100000| PB 0x00000000eb100000| Untracked 
| 178|0x00000000eb200000, 0x00000000eb300000, 0x00000000eb300000|100%| O|  |TAMS 0x00000000eb200000| PB 0x00000000eb200000| Untracked 
| 179|0x00000000eb300000, 0x00000000eb300000, 0x00000000eb400000|  0%| F|  |TAMS 0x00000000eb300000| PB 0x00000000eb300000| Untracked 
| 180|0x00000000eb400000, 0x00000000eb400000, 0x00000000eb500000|  0%| F|  |TAMS 0x00000000eb400000| PB 0x00000000eb400000| Untracked 
| 181|0x00000000eb500000, 0x00000000eb500000, 0x00000000eb600000|  0%| F|  |TAMS 0x00000000eb500000| PB 0x00000000eb500000| Untracked 
| 182|0x00000000eb600000, 0x00000000eb600000, 0x00000000eb700000|  0%| F|  |TAMS 0x00000000eb600000| PB 0x00000000eb600000| Untracked 
| 183|0x00000000eb700000, 0x00000000eb700000, 0x00000000eb800000|  0%| F|  |TAMS 0x00000000eb700000| PB 0x00000000eb700000| Untracked 
| 184|0x00000000eb800000, 0x00000000eb800000, 0x00000000eb900000|  0%| F|  |TAMS 0x00000000eb800000| PB 0x00000000eb800000| Untracked 
| 185|0x00000000eb900000, 0x00000000eb900000, 0x00000000eba00000|  0%| F|  |TAMS 0x00000000eb900000| PB 0x00000000eb900000| Untracked 
| 186|0x00000000eba00000, 0x00000000eba00000, 0x00000000ebb00000|  0%| F|  |TAMS 0x00000000eba00000| PB 0x00000000eba00000| Untracked 
| 187|0x00000000ebb00000, 0x00000000ebb00000, 0x00000000ebc00000|  0%| F|  |TAMS 0x00000000ebb00000| PB 0x00000000ebb00000| Untracked 
| 188|0x00000000ebc00000, 0x00000000ebc00000, 0x00000000ebd00000|  0%| F|  |TAMS 0x00000000ebc00000| PB 0x00000000ebc00000| Untracked 
| 189|0x00000000ebd00000, 0x00000000ebd00000, 0x00000000ebe00000|  0%| F|  |TAMS 0x00000000ebd00000| PB 0x00000000ebd00000| Untracked 
| 190|0x00000000ebe00000, 0x00000000ebe00000, 0x00000000ebf00000|  0%| F|  |TAMS 0x00000000ebe00000| PB 0x00000000ebe00000| Untracked 
| 191|0x00000000ebf00000, 0x00000000ebf00000, 0x00000000ec000000|  0%| F|  |TAMS 0x00000000ebf00000| PB 0x00000000ebf00000| Untracked 
| 192|0x00000000ec000000, 0x00000000ec000000, 0x00000000ec100000|  0%| F|  |TAMS 0x00000000ec000000| PB 0x00000000ec000000| Untracked 
| 193|0x00000000ec100000, 0x00000000ec100000, 0x00000000ec200000|  0%| F|  |TAMS 0x00000000ec100000| PB 0x00000000ec100000| Untracked 
| 194|0x00000000ec200000, 0x00000000ec226c60, 0x00000000ec300000| 15%| E|  |TAMS 0x00000000ec200000| PB 0x00000000ec200000| Complete 
| 195|0x00000000ec300000, 0x00000000ec400000, 0x00000000ec400000|100%| E|CS|TAMS 0x00000000ec300000| PB 0x00000000ec300000| Complete 
| 196|0x00000000ec400000, 0x00000000ec500000, 0x00000000ec500000|100%| E|CS|TAMS 0x00000000ec400000| PB 0x00000000ec400000| Complete 
| 197|0x00000000ec500000, 0x00000000ec600000, 0x00000000ec600000|100%| E|CS|TAMS 0x00000000ec500000| PB 0x00000000ec500000| Complete 
| 198|0x00000000ec600000, 0x00000000ec700000, 0x00000000ec700000|100%| E|CS|TAMS 0x00000000ec600000| PB 0x00000000ec600000| Complete 
| 199|0x00000000ec700000, 0x00000000ec800000, 0x00000000ec800000|100%| E|CS|TAMS 0x00000000ec700000| PB 0x00000000ec700000| Complete 
| 200|0x00000000ec800000, 0x00000000ec900000, 0x00000000ec900000|100%| E|CS|TAMS 0x00000000ec800000| PB 0x00000000ec800000| Complete 
| 201|0x00000000ec900000, 0x00000000eca00000, 0x00000000eca00000|100%| E|CS|TAMS 0x00000000ec900000| PB 0x00000000ec900000| Complete 
| 202|0x00000000eca00000, 0x00000000ecb00000, 0x00000000ecb00000|100%| E|CS|TAMS 0x00000000eca00000| PB 0x00000000eca00000| Complete 
| 203|0x00000000ecb00000, 0x00000000ecc00000, 0x00000000ecc00000|100%| E|CS|TAMS 0x00000000ecb00000| PB 0x00000000ecb00000| Complete 
| 204|0x00000000ecc00000, 0x00000000eccfffe0, 0x00000000ecd00000| 99%| E|  |TAMS 0x00000000ecc00000| PB 0x00000000ecc00000| Complete 
| 205|0x00000000ecd00000, 0x00000000ece00000, 0x00000000ece00000|100%| E|CS|TAMS 0x00000000ecd00000| PB 0x00000000ecd00000| Complete 
| 206|0x00000000ece00000, 0x00000000ecf00000, 0x00000000ecf00000|100%| E|CS|TAMS 0x00000000ece00000| PB 0x00000000ece00000| Complete 
| 207|0x00000000ecf00000, 0x00000000ed000000, 0x00000000ed000000|100%| E|CS|TAMS 0x00000000ecf00000| PB 0x00000000ecf00000| Complete 
| 208|0x00000000ed000000, 0x00000000ed100000, 0x00000000ed100000|100%| E|CS|TAMS 0x00000000ed000000| PB 0x00000000ed000000| Complete 
| 209|0x00000000ed100000, 0x00000000ed200000, 0x00000000ed200000|100%| E|CS|TAMS 0x00000000ed100000| PB 0x00000000ed100000| Complete 
| 210|0x00000000ed200000, 0x00000000ed300000, 0x00000000ed300000|100%| E|CS|TAMS 0x00000000ed200000| PB 0x00000000ed200000| Complete 
| 211|0x00000000ed300000, 0x00000000ed400000, 0x00000000ed400000|100%| E|CS|TAMS 0x00000000ed300000| PB 0x00000000ed300000| Complete 
| 212|0x00000000ed400000, 0x00000000ed500000, 0x00000000ed500000|100%| E|CS|TAMS 0x00000000ed400000| PB 0x00000000ed400000| Complete 
| 213|0x00000000ed500000, 0x00000000ed600000, 0x00000000ed600000|100%| E|CS|TAMS 0x00000000ed500000| PB 0x00000000ed500000| Complete 
| 214|0x00000000ed600000, 0x00000000ed700000, 0x00000000ed700000|100%| E|CS|TAMS 0x00000000ed600000| PB 0x00000000ed600000| Complete 
| 215|0x00000000ed700000, 0x00000000ed800000, 0x00000000ed800000|100%| E|CS|TAMS 0x00000000ed700000| PB 0x00000000ed700000| Complete 
| 216|0x00000000ed800000, 0x00000000ed900000, 0x00000000ed900000|100%| E|CS|TAMS 0x00000000ed800000| PB 0x00000000ed800000| Complete 
| 217|0x00000000ed900000, 0x00000000eda00000, 0x00000000eda00000|100%| E|CS|TAMS 0x00000000ed900000| PB 0x00000000ed900000| Complete 
| 218|0x00000000eda00000, 0x00000000edb00000, 0x00000000edb00000|100%| E|CS|TAMS 0x00000000eda00000| PB 0x00000000eda00000| Complete 
| 219|0x00000000edb00000, 0x00000000edc00000, 0x00000000edc00000|100%| E|CS|TAMS 0x00000000edb00000| PB 0x00000000edb00000| Complete 
| 220|0x00000000edc00000, 0x00000000edd00000, 0x00000000edd00000|100%| E|CS|TAMS 0x00000000edc00000| PB 0x00000000edc00000| Complete 
| 221|0x00000000edd00000, 0x00000000ede00000, 0x00000000ede00000|100%| E|CS|TAMS 0x00000000edd00000| PB 0x00000000edd00000| Complete 
| 222|0x00000000ede00000, 0x00000000edf00000, 0x00000000edf00000|100%| E|CS|TAMS 0x00000000ede00000| PB 0x00000000ede00000| Complete 
| 223|0x00000000edf00000, 0x00000000ee000000, 0x00000000ee000000|100%| E|CS|TAMS 0x00000000edf00000| PB 0x00000000edf00000| Complete 
| 224|0x00000000ee000000, 0x00000000ee100000, 0x00000000ee100000|100%| E|CS|TAMS 0x00000000ee000000| PB 0x00000000ee000000| Complete 
| 225|0x00000000ee100000, 0x00000000ee200000, 0x00000000ee200000|100%| E|CS|TAMS 0x00000000ee100000| PB 0x00000000ee100000| Complete 
| 226|0x00000000ee200000, 0x00000000ee300000, 0x00000000ee300000|100%| E|CS|TAMS 0x00000000ee200000| PB 0x00000000ee200000| Complete 
| 227|0x00000000ee300000, 0x00000000ee400000, 0x00000000ee400000|100%| E|CS|TAMS 0x00000000ee300000| PB 0x00000000ee300000| Complete 
| 228|0x00000000ee400000, 0x00000000ee500000, 0x00000000ee500000|100%| E|CS|TAMS 0x00000000ee400000| PB 0x00000000ee400000| Complete 
| 229|0x00000000ee500000, 0x00000000ee600000, 0x00000000ee600000|100%| O|  |TAMS 0x00000000ee500000| PB 0x00000000ee500000| Untracked 
| 230|0x00000000ee600000, 0x00000000ee700000, 0x00000000ee700000|100%| E|CS|TAMS 0x00000000ee600000| PB 0x00000000ee600000| Complete 
| 231|0x00000000ee700000, 0x00000000ee800000, 0x00000000ee800000|100%| E|CS|TAMS 0x00000000ee700000| PB 0x00000000ee700000| Complete 
| 232|0x00000000ee800000, 0x00000000ee900000, 0x00000000ee900000|100%| E|CS|TAMS 0x00000000ee800000| PB 0x00000000ee800000| Complete 
| 233|0x00000000ee900000, 0x00000000eea00000, 0x00000000eea00000|100%| E|CS|TAMS 0x00000000ee900000| PB 0x00000000ee900000| Complete 
| 234|0x00000000eea00000, 0x00000000eeb00000, 0x00000000eeb00000|100%| E|CS|TAMS 0x00000000eea00000| PB 0x00000000eea00000| Complete 
| 235|0x00000000eeb00000, 0x00000000eec00000, 0x00000000eec00000|100%| E|CS|TAMS 0x00000000eeb00000| PB 0x00000000eeb00000| Complete 
| 236|0x00000000eec00000, 0x00000000eed00000, 0x00000000eed00000|100%| O|  |TAMS 0x00000000eec00000| PB 0x00000000eec00000| Untracked 
| 237|0x00000000eed00000, 0x00000000eee00000, 0x00000000eee00000|100%| O|  |TAMS 0x00000000eed00000| PB 0x00000000eed00000| Untracked 
| 238|0x00000000eee00000, 0x00000000eef00000, 0x00000000eef00000|100%| O|  |TAMS 0x00000000eee00000| PB 0x00000000eee00000| Untracked 
| 239|0x00000000eef00000, 0x00000000ef000000, 0x00000000ef000000|100%| O|  |TAMS 0x00000000eef00000| PB 0x00000000eef00000| Untracked 
| 240|0x00000000ef000000, 0x00000000ef100000, 0x00000000ef100000|100%| O|  |TAMS 0x00000000ef000000| PB 0x00000000ef000000| Untracked 
| 241|0x00000000ef100000, 0x00000000ef200000, 0x00000000ef200000|100%| E|CS|TAMS 0x00000000ef100000| PB 0x00000000ef100000| Complete 
| 242|0x00000000ef200000, 0x00000000ef300000, 0x00000000ef300000|100%| E|CS|TAMS 0x00000000ef200000| PB 0x00000000ef200000| Complete 
| 243|0x00000000ef300000, 0x00000000ef400000, 0x00000000ef400000|100%| E|CS|TAMS 0x00000000ef300000| PB 0x00000000ef300000| Complete 
| 244|0x00000000ef400000, 0x00000000ef500000, 0x00000000ef500000|100%| E|CS|TAMS 0x00000000ef400000| PB 0x00000000ef400000| Complete 
| 245|0x00000000ef500000, 0x00000000ef600000, 0x00000000ef600000|100%| E|CS|TAMS 0x00000000ef500000| PB 0x00000000ef500000| Complete 
| 246|0x00000000ef600000, 0x00000000ef700000, 0x00000000ef700000|100%| E|CS|TAMS 0x00000000ef600000| PB 0x00000000ef600000| Complete 
| 247|0x00000000ef700000, 0x00000000ef800000, 0x00000000ef800000|100%| E|CS|TAMS 0x00000000ef700000| PB 0x00000000ef700000| Complete 
| 248|0x00000000ef800000, 0x00000000ef900000, 0x00000000ef900000|100%| E|CS|TAMS 0x00000000ef800000| PB 0x00000000ef800000| Complete 
| 249|0x00000000ef900000, 0x00000000efa00000, 0x00000000efa00000|100%| E|CS|TAMS 0x00000000ef900000| PB 0x00000000ef900000| Complete 
| 250|0x00000000efa00000, 0x00000000efb00000, 0x00000000efb00000|100%| E|CS|TAMS 0x00000000efa00000| PB 0x00000000efa00000| Complete 
| 251|0x00000000efb00000, 0x00000000efc00000, 0x00000000efc00000|100%| E|CS|TAMS 0x00000000efb00000| PB 0x00000000efb00000| Complete 
| 252|0x00000000efc00000, 0x00000000efd00000, 0x00000000efd00000|100%| E|CS|TAMS 0x00000000efc00000| PB 0x00000000efc00000| Complete 
| 253|0x00000000efd00000, 0x00000000efe00000, 0x00000000efe00000|100%| E|CS|TAMS 0x00000000efd00000| PB 0x00000000efd00000| Complete 
| 254|0x00000000efe00000, 0x00000000eff00000, 0x00000000eff00000|100%| E|CS|TAMS 0x00000000efe00000| PB 0x00000000efe00000| Complete 
| 255|0x00000000eff00000, 0x00000000f0000000, 0x00000000f0000000|100%| E|CS|TAMS 0x00000000eff00000| PB 0x00000000eff00000| Complete 
| 256|0x00000000f0000000, 0x00000000f0100000, 0x00000000f0100000|100%| O|  |TAMS 0x00000000f0000000| PB 0x00000000f0000000| Untracked 
| 257|0x00000000f0100000, 0x00000000f0200000, 0x00000000f0200000|100%| E|CS|TAMS 0x00000000f0100000| PB 0x00000000f0100000| Complete 
| 258|0x00000000f0200000, 0x00000000f0300000, 0x00000000f0300000|100%| E|CS|TAMS 0x00000000f0200000| PB 0x00000000f0200000| Complete 
| 259|0x00000000f0300000, 0x00000000f0400000, 0x00000000f0400000|100%| E|CS|TAMS 0x00000000f0300000| PB 0x00000000f0300000| Complete 
| 260|0x00000000f0400000, 0x00000000f0500000, 0x00000000f0500000|100%| E|CS|TAMS 0x00000000f0400000| PB 0x00000000f0400000| Complete 
| 261|0x00000000f0500000, 0x00000000f0600000, 0x00000000f0600000|100%| E|CS|TAMS 0x00000000f0500000| PB 0x00000000f0500000| Complete 
| 262|0x00000000f0600000, 0x00000000f0700000, 0x00000000f0700000|100%| E|CS|TAMS 0x00000000f0600000| PB 0x00000000f0600000| Complete 
| 263|0x00000000f0700000, 0x00000000f0800000, 0x00000000f0800000|100%| E|CS|TAMS 0x00000000f0700000| PB 0x00000000f0700000| Complete 
| 264|0x00000000f0800000, 0x00000000f0900000, 0x00000000f0900000|100%| E|CS|TAMS 0x00000000f0800000| PB 0x00000000f0800000| Complete 
| 265|0x00000000f0900000, 0x00000000f0a00000, 0x00000000f0a00000|100%| E|CS|TAMS 0x00000000f0900000| PB 0x00000000f0900000| Complete 
| 266|0x00000000f0a00000, 0x00000000f0b00000, 0x00000000f0b00000|100%| E|CS|TAMS 0x00000000f0a00000| PB 0x00000000f0a00000| Complete 
| 267|0x00000000f0b00000, 0x00000000f0c00000, 0x00000000f0c00000|100%| E|CS|TAMS 0x00000000f0b00000| PB 0x00000000f0b00000| Complete 
| 268|0x00000000f0c00000, 0x00000000f0d00000, 0x00000000f0d00000|100%| E|CS|TAMS 0x00000000f0c00000| PB 0x00000000f0c00000| Complete 
| 269|0x00000000f0d00000, 0x00000000f0e00000, 0x00000000f0e00000|100%| E|CS|TAMS 0x00000000f0d00000| PB 0x00000000f0d00000| Complete 
| 270|0x00000000f0e00000, 0x00000000f0f00000, 0x00000000f0f00000|100%| E|CS|TAMS 0x00000000f0e00000| PB 0x00000000f0e00000| Complete 
| 271|0x00000000f0f00000, 0x00000000f1000000, 0x00000000f1000000|100%| O|  |TAMS 0x00000000f0f00000| PB 0x00000000f0f00000| Untracked 
| 272|0x00000000f1000000, 0x00000000f1100000, 0x00000000f1100000|100%| E|CS|TAMS 0x00000000f1000000| PB 0x00000000f1000000| Complete 
| 273|0x00000000f1100000, 0x00000000f1200000, 0x00000000f1200000|100%| O|  |TAMS 0x00000000f1100000| PB 0x00000000f1100000| Untracked 
| 274|0x00000000f1200000, 0x00000000f1300000, 0x00000000f1300000|100%| O|  |TAMS 0x00000000f1200000| PB 0x00000000f1200000| Untracked 
| 275|0x00000000f1300000, 0x00000000f1400000, 0x00000000f1400000|100%| E|CS|TAMS 0x00000000f1300000| PB 0x00000000f1300000| Complete 
| 276|0x00000000f1400000, 0x00000000f1500000, 0x00000000f1500000|100%| O|  |TAMS 0x00000000f1400000| PB 0x00000000f1400000| Untracked 
| 277|0x00000000f1500000, 0x00000000f1600000, 0x00000000f1600000|100%| E|CS|TAMS 0x00000000f1500000| PB 0x00000000f1500000| Complete 
| 278|0x00000000f1600000, 0x00000000f1700000, 0x00000000f1700000|100%| E|CS|TAMS 0x00000000f1600000| PB 0x00000000f1600000| Complete 
| 279|0x00000000f1700000, 0x00000000f1800000, 0x00000000f1800000|100%| E|CS|TAMS 0x00000000f1700000| PB 0x00000000f1700000| Complete 
| 280|0x00000000f1800000, 0x00000000f1900000, 0x00000000f1900000|100%| E|CS|TAMS 0x00000000f1800000| PB 0x00000000f1800000| Complete 
| 281|0x00000000f1900000, 0x00000000f1a00000, 0x00000000f1a00000|100%| E|CS|TAMS 0x00000000f1900000| PB 0x00000000f1900000| Complete 
| 282|0x00000000f1a00000, 0x00000000f1b00000, 0x00000000f1b00000|100%| O|  |TAMS 0x00000000f1a00000| PB 0x00000000f1a00000| Untracked 
| 283|0x00000000f1b00000, 0x00000000f1c00000, 0x00000000f1c00000|100%| E|CS|TAMS 0x00000000f1b00000| PB 0x00000000f1b00000| Complete 
| 284|0x00000000f1c00000, 0x00000000f1d00000, 0x00000000f1d00000|100%| E|CS|TAMS 0x00000000f1c00000| PB 0x00000000f1c00000| Complete 
| 285|0x00000000f1d00000, 0x00000000f1e00000, 0x00000000f1e00000|100%| E|CS|TAMS 0x00000000f1d00000| PB 0x00000000f1d00000| Complete 
| 286|0x00000000f1e00000, 0x00000000f1f00000, 0x00000000f1f00000|100%| E|CS|TAMS 0x00000000f1e00000| PB 0x00000000f1e00000| Complete 
| 287|0x00000000f1f00000, 0x00000000f2000000, 0x00000000f2000000|100%| E|CS|TAMS 0x00000000f1f00000| PB 0x00000000f1f00000| Complete 
| 288|0x00000000f2000000, 0x00000000f2100000, 0x00000000f2100000|100%| E|CS|TAMS 0x00000000f2000000| PB 0x00000000f2000000| Complete 
| 289|0x00000000f2100000, 0x00000000f2200000, 0x00000000f2200000|100%| E|CS|TAMS 0x00000000f2100000| PB 0x00000000f2100000| Complete 
| 290|0x00000000f2200000, 0x00000000f2300000, 0x00000000f2300000|100%| E|CS|TAMS 0x00000000f2200000| PB 0x00000000f2200000| Complete 
| 291|0x00000000f2300000, 0x00000000f2400000, 0x00000000f2400000|100%| E|CS|TAMS 0x00000000f2300000| PB 0x00000000f2300000| Complete 
| 292|0x00000000f2400000, 0x00000000f2500000, 0x00000000f2500000|100%| O|  |TAMS 0x00000000f2400000| PB 0x00000000f2400000| Untracked 
| 293|0x00000000f2500000, 0x00000000f2600000, 0x00000000f2600000|100%| O|  |TAMS 0x00000000f2500000| PB 0x00000000f2500000| Untracked 
| 294|0x00000000f2600000, 0x00000000f2700000, 0x00000000f2700000|100%| O|  |TAMS 0x00000000f2600000| PB 0x00000000f2600000| Untracked 
| 295|0x00000000f2700000, 0x00000000f2800000, 0x00000000f2800000|100%| O|  |TAMS 0x00000000f2700000| PB 0x00000000f2700000| Untracked 
| 296|0x00000000f2800000, 0x00000000f2900000, 0x00000000f2900000|100%| E|CS|TAMS 0x00000000f2800000| PB 0x00000000f2800000| Complete 
| 297|0x00000000f2900000, 0x00000000f2a00000, 0x00000000f2a00000|100%| E|CS|TAMS 0x00000000f2900000| PB 0x00000000f2900000| Complete 
| 298|0x00000000f2a00000, 0x00000000f2b00000, 0x00000000f2b00000|100%| O|  |TAMS 0x00000000f2a00000| PB 0x00000000f2a00000| Untracked 
| 299|0x00000000f2b00000, 0x00000000f2c00000, 0x00000000f2c00000|100%| E|CS|TAMS 0x00000000f2b00000| PB 0x00000000f2b00000| Complete 
| 300|0x00000000f2c00000, 0x00000000f2d00000, 0x00000000f2d00000|100%| E|CS|TAMS 0x00000000f2c00000| PB 0x00000000f2c00000| Complete 
| 301|0x00000000f2d00000, 0x00000000f2e00000, 0x00000000f2e00000|100%| E|CS|TAMS 0x00000000f2d00000| PB 0x00000000f2d00000| Complete 
| 302|0x00000000f2e00000, 0x00000000f2f00000, 0x00000000f2f00000|100%| E|CS|TAMS 0x00000000f2e00000| PB 0x00000000f2e00000| Complete 
| 303|0x00000000f2f00000, 0x00000000f3000000, 0x00000000f3000000|100%| E|CS|TAMS 0x00000000f2f00000| PB 0x00000000f2f00000| Complete 
| 304|0x00000000f3000000, 0x00000000f3100000, 0x00000000f3100000|100%| E|CS|TAMS 0x00000000f3000000| PB 0x00000000f3000000| Complete 
| 305|0x00000000f3100000, 0x00000000f3200000, 0x00000000f3200000|100%| E|CS|TAMS 0x00000000f3100000| PB 0x00000000f3100000| Complete 
| 306|0x00000000f3200000, 0x00000000f3300000, 0x00000000f3300000|100%| E|CS|TAMS 0x00000000f3200000| PB 0x00000000f3200000| Complete 
| 307|0x00000000f3300000, 0x00000000f3400000, 0x00000000f3400000|100%| E|CS|TAMS 0x00000000f3300000| PB 0x00000000f3300000| Complete 
| 308|0x00000000f3400000, 0x00000000f3500000, 0x00000000f3500000|100%| O|  |TAMS 0x00000000f3400000| PB 0x00000000f3400000| Untracked 
| 309|0x00000000f3500000, 0x00000000f3600000, 0x00000000f3600000|100%| O|  |TAMS 0x00000000f3500000| PB 0x00000000f3500000| Untracked 
| 310|0x00000000f3600000, 0x00000000f3700000, 0x00000000f3700000|100%| E|CS|TAMS 0x00000000f3600000| PB 0x00000000f3600000| Complete 
| 311|0x00000000f3700000, 0x00000000f3800000, 0x00000000f3800000|100%| E|CS|TAMS 0x00000000f3700000| PB 0x00000000f3700000| Complete 
| 312|0x00000000f3800000, 0x00000000f3900000, 0x00000000f3900000|100%| E|CS|TAMS 0x00000000f3800000| PB 0x00000000f3800000| Complete 
| 313|0x00000000f3900000, 0x00000000f3a00000, 0x00000000f3a00000|100%| E|CS|TAMS 0x00000000f3900000| PB 0x00000000f3900000| Complete 
| 314|0x00000000f3a00000, 0x00000000f3b00000, 0x00000000f3b00000|100%| E|CS|TAMS 0x00000000f3a00000| PB 0x00000000f3a00000| Complete 
| 315|0x00000000f3b00000, 0x00000000f3c00000, 0x00000000f3c00000|100%| E|CS|TAMS 0x00000000f3b00000| PB 0x00000000f3b00000| Complete 
| 316|0x00000000f3c00000, 0x00000000f3d00000, 0x00000000f3d00000|100%| E|CS|TAMS 0x00000000f3c00000| PB 0x00000000f3c00000| Complete 
| 317|0x00000000f3d00000, 0x00000000f3e00000, 0x00000000f3e00000|100%| E|CS|TAMS 0x00000000f3d00000| PB 0x00000000f3d00000| Complete 
| 318|0x00000000f3e00000, 0x00000000f3f00000, 0x00000000f3f00000|100%| E|CS|TAMS 0x00000000f3e00000| PB 0x00000000f3e00000| Complete 
| 319|0x00000000f3f00000, 0x00000000f4000000, 0x00000000f4000000|100%| E|CS|TAMS 0x00000000f3f00000| PB 0x00000000f3f00000| Complete 
| 320|0x00000000f4000000, 0x00000000f4100000, 0x00000000f4100000|100%| E|CS|TAMS 0x00000000f4000000| PB 0x00000000f4000000| Complete 
| 321|0x00000000f4100000, 0x00000000f4200000, 0x00000000f4200000|100%| E|CS|TAMS 0x00000000f4100000| PB 0x00000000f4100000| Complete 
| 322|0x00000000f4200000, 0x00000000f4300000, 0x00000000f4300000|100%| E|CS|TAMS 0x00000000f4200000| PB 0x00000000f4200000| Complete 
| 323|0x00000000f4300000, 0x00000000f4400000, 0x00000000f4400000|100%| E|CS|TAMS 0x00000000f4300000| PB 0x00000000f4300000| Complete 
| 324|0x00000000f4400000, 0x00000000f4500000, 0x00000000f4500000|100%| E|CS|TAMS 0x00000000f4400000| PB 0x00000000f4400000| Complete 
| 325|0x00000000f4500000, 0x00000000f4600000, 0x00000000f4600000|100%| E|CS|TAMS 0x00000000f4500000| PB 0x00000000f4500000| Complete 
| 326|0x00000000f4600000, 0x00000000f4700000, 0x00000000f4700000|100%| E|CS|TAMS 0x00000000f4600000| PB 0x00000000f4600000| Complete 
| 327|0x00000000f4700000, 0x00000000f4800000, 0x00000000f4800000|100%| E|CS|TAMS 0x00000000f4700000| PB 0x00000000f4700000| Complete 
| 328|0x00000000f4800000, 0x00000000f4900000, 0x00000000f4900000|100%| E|CS|TAMS 0x00000000f4800000| PB 0x00000000f4800000| Complete 
| 329|0x00000000f4900000, 0x00000000f4a00000, 0x00000000f4a00000|100%| E|CS|TAMS 0x00000000f4900000| PB 0x00000000f4900000| Complete 
| 330|0x00000000f4a00000, 0x00000000f4b00000, 0x00000000f4b00000|100%| E|CS|TAMS 0x00000000f4a00000| PB 0x00000000f4a00000| Complete 
| 331|0x00000000f4b00000, 0x00000000f4c00000, 0x00000000f4c00000|100%| E|CS|TAMS 0x00000000f4b00000| PB 0x00000000f4b00000| Complete 
| 332|0x00000000f4c00000, 0x00000000f4d00000, 0x00000000f4d00000|100%| E|CS|TAMS 0x00000000f4c00000| PB 0x00000000f4c00000| Complete 
| 333|0x00000000f4d00000, 0x00000000f4e00000, 0x00000000f4e00000|100%| E|CS|TAMS 0x00000000f4d00000| PB 0x00000000f4d00000| Complete 
| 334|0x00000000f4e00000, 0x00000000f4f00000, 0x00000000f4f00000|100%| E|CS|TAMS 0x00000000f4e00000| PB 0x00000000f4e00000| Complete 
| 335|0x00000000f4f00000, 0x00000000f5000000, 0x00000000f5000000|100%| E|CS|TAMS 0x00000000f4f00000| PB 0x00000000f4f00000| Complete 
| 336|0x00000000f5000000, 0x00000000f5100000, 0x00000000f5100000|100%| E|CS|TAMS 0x00000000f5000000| PB 0x00000000f5000000| Complete 
| 337|0x00000000f5100000, 0x00000000f5200000, 0x00000000f5200000|100%| E|CS|TAMS 0x00000000f5100000| PB 0x00000000f5100000| Complete 
| 338|0x00000000f5200000, 0x00000000f5300000, 0x00000000f5300000|100%| E|CS|TAMS 0x00000000f5200000| PB 0x00000000f5200000| Complete 
| 339|0x00000000f5300000, 0x00000000f5400000, 0x00000000f5400000|100%| E|CS|TAMS 0x00000000f5300000| PB 0x00000000f5300000| Complete 
| 340|0x00000000f5400000, 0x00000000f5500000, 0x00000000f5500000|100%| E|CS|TAMS 0x00000000f5400000| PB 0x00000000f5400000| Complete 
| 341|0x00000000f5500000, 0x00000000f5600000, 0x00000000f5600000|100%| E|CS|TAMS 0x00000000f5500000| PB 0x00000000f5500000| Complete 
| 342|0x00000000f5600000, 0x00000000f5700000, 0x00000000f5700000|100%| E|CS|TAMS 0x00000000f5600000| PB 0x00000000f5600000| Complete 
| 343|0x00000000f5700000, 0x00000000f5800000, 0x00000000f5800000|100%| E|CS|TAMS 0x00000000f5700000| PB 0x00000000f5700000| Complete 
| 344|0x00000000f5800000, 0x00000000f5900000, 0x00000000f5900000|100%| E|CS|TAMS 0x00000000f5800000| PB 0x00000000f5800000| Complete 
| 345|0x00000000f5900000, 0x00000000f5a00000, 0x00000000f5a00000|100%| E|CS|TAMS 0x00000000f5900000| PB 0x00000000f5900000| Complete 
| 346|0x00000000f5a00000, 0x00000000f5b00000, 0x00000000f5b00000|100%| E|CS|TAMS 0x00000000f5a00000| PB 0x00000000f5a00000| Complete 
| 347|0x00000000f5b00000, 0x00000000f5c00000, 0x00000000f5c00000|100%| E|CS|TAMS 0x00000000f5b00000| PB 0x00000000f5b00000| Complete 
| 348|0x00000000f5c00000, 0x00000000f5d00000, 0x00000000f5d00000|100%| E|CS|TAMS 0x00000000f5c00000| PB 0x00000000f5c00000| Complete 
| 349|0x00000000f5d00000, 0x00000000f5e00000, 0x00000000f5e00000|100%| E|CS|TAMS 0x00000000f5d00000| PB 0x00000000f5d00000| Complete 
| 350|0x00000000f5e00000, 0x00000000f5f00000, 0x00000000f5f00000|100%| E|CS|TAMS 0x00000000f5e00000| PB 0x00000000f5e00000| Complete 
| 351|0x00000000f5f00000, 0x00000000f6000000, 0x00000000f6000000|100%| E|CS|TAMS 0x00000000f5f00000| PB 0x00000000f5f00000| Complete 
| 352|0x00000000f6000000, 0x00000000f6100000, 0x00000000f6100000|100%| E|CS|TAMS 0x00000000f6000000| PB 0x00000000f6000000| Complete 
| 353|0x00000000f6100000, 0x00000000f6200000, 0x00000000f6200000|100%| E|CS|TAMS 0x00000000f6100000| PB 0x00000000f6100000| Complete 
| 354|0x00000000f6200000, 0x00000000f6300000, 0x00000000f6300000|100%| E|CS|TAMS 0x00000000f6200000| PB 0x00000000f6200000| Complete 
| 355|0x00000000f6300000, 0x00000000f6400000, 0x00000000f6400000|100%| E|CS|TAMS 0x00000000f6300000| PB 0x00000000f6300000| Complete 
| 356|0x00000000f6400000, 0x00000000f6500000, 0x00000000f6500000|100%| E|CS|TAMS 0x00000000f6400000| PB 0x00000000f6400000| Complete 
| 357|0x00000000f6500000, 0x00000000f6600000, 0x00000000f6600000|100%| E|CS|TAMS 0x00000000f6500000| PB 0x00000000f6500000| Complete 
| 358|0x00000000f6600000, 0x00000000f6700000, 0x00000000f6700000|100%| E|CS|TAMS 0x00000000f6600000| PB 0x00000000f6600000| Complete 
| 359|0x00000000f6700000, 0x00000000f6800000, 0x00000000f6800000|100%| E|CS|TAMS 0x00000000f6700000| PB 0x00000000f6700000| Complete 
| 360|0x00000000f6800000, 0x00000000f6900000, 0x00000000f6900000|100%| E|CS|TAMS 0x00000000f6800000| PB 0x00000000f6800000| Complete 
| 361|0x00000000f6900000, 0x00000000f6a00000, 0x00000000f6a00000|100%| E|CS|TAMS 0x00000000f6900000| PB 0x00000000f6900000| Complete 
| 362|0x00000000f6a00000, 0x00000000f6b00000, 0x00000000f6b00000|100%| E|CS|TAMS 0x00000000f6a00000| PB 0x00000000f6a00000| Complete 
| 363|0x00000000f6b00000, 0x00000000f6c00000, 0x00000000f6c00000|100%| E|CS|TAMS 0x00000000f6b00000| PB 0x00000000f6b00000| Complete 
| 364|0x00000000f6c00000, 0x00000000f6d00000, 0x00000000f6d00000|100%| E|CS|TAMS 0x00000000f6c00000| PB 0x00000000f6c00000| Complete 
| 365|0x00000000f6d00000, 0x00000000f6e00000, 0x00000000f6e00000|100%| E|CS|TAMS 0x00000000f6d00000| PB 0x00000000f6d00000| Complete 
| 366|0x00000000f6e00000, 0x00000000f6f00000, 0x00000000f6f00000|100%| E|CS|TAMS 0x00000000f6e00000| PB 0x00000000f6e00000| Complete 
| 367|0x00000000f6f00000, 0x00000000f7000000, 0x00000000f7000000|100%| E|CS|TAMS 0x00000000f6f00000| PB 0x00000000f6f00000| Complete 
| 368|0x00000000f7000000, 0x00000000f7100000, 0x00000000f7100000|100%| E|CS|TAMS 0x00000000f7000000| PB 0x00000000f7000000| Complete 
| 369|0x00000000f7100000, 0x00000000f7200000, 0x00000000f7200000|100%| E|CS|TAMS 0x00000000f7100000| PB 0x00000000f7100000| Complete 
| 370|0x00000000f7200000, 0x00000000f7300000, 0x00000000f7300000|100%| E|CS|TAMS 0x00000000f7200000| PB 0x00000000f7200000| Complete 
| 371|0x00000000f7300000, 0x00000000f7400000, 0x00000000f7400000|100%| E|CS|TAMS 0x00000000f7300000| PB 0x00000000f7300000| Complete 
| 372|0x00000000f7400000, 0x00000000f7500000, 0x00000000f7500000|100%| E|CS|TAMS 0x00000000f7400000| PB 0x00000000f7400000| Complete 
| 373|0x00000000f7500000, 0x00000000f7600000, 0x00000000f7600000|100%| E|CS|TAMS 0x00000000f7500000| PB 0x00000000f7500000| Complete 
| 374|0x00000000f7600000, 0x00000000f7700000, 0x00000000f7700000|100%| E|CS|TAMS 0x00000000f7600000| PB 0x00000000f7600000| Complete 
| 375|0x00000000f7700000, 0x00000000f7800000, 0x00000000f7800000|100%| E|CS|TAMS 0x00000000f7700000| PB 0x00000000f7700000| Complete 
| 376|0x00000000f7800000, 0x00000000f7900000, 0x00000000f7900000|100%| E|CS|TAMS 0x00000000f7800000| PB 0x00000000f7800000| Complete 
| 377|0x00000000f7900000, 0x00000000f7a00000, 0x00000000f7a00000|100%| E|CS|TAMS 0x00000000f7900000| PB 0x00000000f7900000| Complete 
| 378|0x00000000f7a00000, 0x00000000f7b00000, 0x00000000f7b00000|100%| E|CS|TAMS 0x00000000f7a00000| PB 0x00000000f7a00000| Complete 
| 379|0x00000000f7b00000, 0x00000000f7c00000, 0x00000000f7c00000|100%| E|CS|TAMS 0x00000000f7b00000| PB 0x00000000f7b00000| Complete 
| 380|0x00000000f7c00000, 0x00000000f7d00000, 0x00000000f7d00000|100%| E|CS|TAMS 0x00000000f7c00000| PB 0x00000000f7c00000| Complete 
| 381|0x00000000f7d00000, 0x00000000f7e00000, 0x00000000f7e00000|100%| E|CS|TAMS 0x00000000f7d00000| PB 0x00000000f7d00000| Complete 
| 382|0x00000000f7e00000, 0x00000000f7f00000, 0x00000000f7f00000|100%| E|CS|TAMS 0x00000000f7e00000| PB 0x00000000f7e00000| Complete 
| 383|0x00000000f7f00000, 0x00000000f8000000, 0x00000000f8000000|100%| E|CS|TAMS 0x00000000f7f00000| PB 0x00000000f7f00000| Complete 
| 384|0x00000000f8000000, 0x00000000f8100000, 0x00000000f8100000|100%| E|CS|TAMS 0x00000000f8000000| PB 0x00000000f8000000| Complete 
| 385|0x00000000f8100000, 0x00000000f8200000, 0x00000000f8200000|100%| E|CS|TAMS 0x00000000f8100000| PB 0x00000000f8100000| Complete 
| 386|0x00000000f8200000, 0x00000000f8300000, 0x00000000f8300000|100%| E|CS|TAMS 0x00000000f8200000| PB 0x00000000f8200000| Complete 
| 387|0x00000000f8300000, 0x00000000f8400000, 0x00000000f8400000|100%| E|CS|TAMS 0x00000000f8300000| PB 0x00000000f8300000| Complete 
| 388|0x00000000f8400000, 0x00000000f8500000, 0x00000000f8500000|100%| E|CS|TAMS 0x00000000f8400000| PB 0x00000000f8400000| Complete 
| 389|0x00000000f8500000, 0x00000000f8600000, 0x00000000f8600000|100%| E|CS|TAMS 0x00000000f8500000| PB 0x00000000f8500000| Complete 
| 390|0x00000000f8600000, 0x00000000f8700000, 0x00000000f8700000|100%| E|CS|TAMS 0x00000000f8600000| PB 0x00000000f8600000| Complete 
| 391|0x00000000f8700000, 0x00000000f8800000, 0x00000000f8800000|100%| E|CS|TAMS 0x00000000f8700000| PB 0x00000000f8700000| Complete 
| 392|0x00000000f8800000, 0x00000000f8900000, 0x00000000f8900000|100%| E|CS|TAMS 0x00000000f8800000| PB 0x00000000f8800000| Complete 
| 393|0x00000000f8900000, 0x00000000f8a00000, 0x00000000f8a00000|100%| E|CS|TAMS 0x00000000f8900000| PB 0x00000000f8900000| Complete 
| 394|0x00000000f8a00000, 0x00000000f8b00000, 0x00000000f8b00000|100%| E|CS|TAMS 0x00000000f8a00000| PB 0x00000000f8a00000| Complete 
| 395|0x00000000f8b00000, 0x00000000f8c00000, 0x00000000f8c00000|100%| E|CS|TAMS 0x00000000f8b00000| PB 0x00000000f8b00000| Complete 
| 396|0x00000000f8c00000, 0x00000000f8d00000, 0x00000000f8d00000|100%| E|CS|TAMS 0x00000000f8c00000| PB 0x00000000f8c00000| Complete 
| 397|0x00000000f8d00000, 0x00000000f8e00000, 0x00000000f8e00000|100%| E|CS|TAMS 0x00000000f8d00000| PB 0x00000000f8d00000| Complete 
| 398|0x00000000f8e00000, 0x00000000f8f00000, 0x00000000f8f00000|100%| E|CS|TAMS 0x00000000f8e00000| PB 0x00000000f8e00000| Complete 
| 399|0x00000000f8f00000, 0x00000000f9000000, 0x00000000f9000000|100%| E|CS|TAMS 0x00000000f8f00000| PB 0x00000000f8f00000| Complete 
| 400|0x00000000f9000000, 0x00000000f9100000, 0x00000000f9100000|100%| E|CS|TAMS 0x00000000f9000000| PB 0x00000000f9000000| Complete 
| 401|0x00000000f9100000, 0x00000000f9200000, 0x00000000f9200000|100%| E|CS|TAMS 0x00000000f9100000| PB 0x00000000f9100000| Complete 
| 402|0x00000000f9200000, 0x00000000f9300000, 0x00000000f9300000|100%| E|CS|TAMS 0x00000000f9200000| PB 0x00000000f9200000| Complete 
| 403|0x00000000f9300000, 0x00000000f9400000, 0x00000000f9400000|100%| E|CS|TAMS 0x00000000f9300000| PB 0x00000000f9300000| Complete 
| 404|0x00000000f9400000, 0x00000000f9500000, 0x00000000f9500000|100%| E|CS|TAMS 0x00000000f9400000| PB 0x00000000f9400000| Complete 
| 405|0x00000000f9500000, 0x00000000f9600000, 0x00000000f9600000|100%| E|CS|TAMS 0x00000000f9500000| PB 0x00000000f9500000| Complete 
| 406|0x00000000f9600000, 0x00000000f9700000, 0x00000000f9700000|100%| E|CS|TAMS 0x00000000f9600000| PB 0x00000000f9600000| Complete 
| 407|0x00000000f9700000, 0x00000000f9800000, 0x00000000f9800000|100%| E|CS|TAMS 0x00000000f9700000| PB 0x00000000f9700000| Complete 
| 408|0x00000000f9800000, 0x00000000f9900000, 0x00000000f9900000|100%| E|CS|TAMS 0x00000000f9800000| PB 0x00000000f9800000| Complete 
| 409|0x00000000f9900000, 0x00000000f9a00000, 0x00000000f9a00000|100%| E|CS|TAMS 0x00000000f9900000| PB 0x00000000f9900000| Complete 
| 410|0x00000000f9a00000, 0x00000000f9b00000, 0x00000000f9b00000|100%| E|CS|TAMS 0x00000000f9a00000| PB 0x00000000f9a00000| Complete 
| 411|0x00000000f9b00000, 0x00000000f9c00000, 0x00000000f9c00000|100%| E|CS|TAMS 0x00000000f9b00000| PB 0x00000000f9b00000| Complete 
| 412|0x00000000f9c00000, 0x00000000f9d00000, 0x00000000f9d00000|100%| E|CS|TAMS 0x00000000f9c00000| PB 0x00000000f9c00000| Complete 
| 413|0x00000000f9d00000, 0x00000000f9e00000, 0x00000000f9e00000|100%| E|CS|TAMS 0x00000000f9d00000| PB 0x00000000f9d00000| Complete 
| 414|0x00000000f9e00000, 0x00000000f9f00000, 0x00000000f9f00000|100%| E|CS|TAMS 0x00000000f9e00000| PB 0x00000000f9e00000| Complete 
| 415|0x00000000f9f00000, 0x00000000fa000000, 0x00000000fa000000|100%| E|CS|TAMS 0x00000000f9f00000| PB 0x00000000f9f00000| Complete 
| 416|0x00000000fa000000, 0x00000000fa100000, 0x00000000fa100000|100%| E|CS|TAMS 0x00000000fa000000| PB 0x00000000fa000000| Complete 
| 417|0x00000000fa100000, 0x00000000fa200000, 0x00000000fa200000|100%| E|CS|TAMS 0x00000000fa100000| PB 0x00000000fa100000| Complete 
| 418|0x00000000fa200000, 0x00000000fa300000, 0x00000000fa300000|100%| E|CS|TAMS 0x00000000fa200000| PB 0x00000000fa200000| Complete 
| 419|0x00000000fa300000, 0x00000000fa400000, 0x00000000fa400000|100%| E|CS|TAMS 0x00000000fa300000| PB 0x00000000fa300000| Complete 
| 420|0x00000000fa400000, 0x00000000fa500000, 0x00000000fa500000|100%| E|CS|TAMS 0x00000000fa400000| PB 0x00000000fa400000| Complete 
| 421|0x00000000fa500000, 0x00000000fa600000, 0x00000000fa600000|100%| E|CS|TAMS 0x00000000fa500000| PB 0x00000000fa500000| Complete 
| 422|0x00000000fa600000, 0x00000000fa700000, 0x00000000fa700000|100%| E|CS|TAMS 0x00000000fa600000| PB 0x00000000fa600000| Complete 
| 423|0x00000000fa700000, 0x00000000fa800000, 0x00000000fa800000|100%| E|CS|TAMS 0x00000000fa700000| PB 0x00000000fa700000| Complete 
| 424|0x00000000fa800000, 0x00000000fa900000, 0x00000000fa900000|100%| E|CS|TAMS 0x00000000fa800000| PB 0x00000000fa800000| Complete 
| 425|0x00000000fa900000, 0x00000000faa00000, 0x00000000faa00000|100%| E|CS|TAMS 0x00000000fa900000| PB 0x00000000fa900000| Complete 
| 426|0x00000000faa00000, 0x00000000fab00000, 0x00000000fab00000|100%| E|CS|TAMS 0x00000000faa00000| PB 0x00000000faa00000| Complete 
| 427|0x00000000fab00000, 0x00000000fac00000, 0x00000000fac00000|100%| E|CS|TAMS 0x00000000fab00000| PB 0x00000000fab00000| Complete 
| 428|0x00000000fac00000, 0x00000000fad00000, 0x00000000fad00000|100%| E|CS|TAMS 0x00000000fac00000| PB 0x00000000fac00000| Complete 
| 429|0x00000000fad00000, 0x00000000fae00000, 0x00000000fae00000|100%| E|CS|TAMS 0x00000000fad00000| PB 0x00000000fad00000| Complete 
| 430|0x00000000fae00000, 0x00000000faf00000, 0x00000000faf00000|100%| E|CS|TAMS 0x00000000fae00000| PB 0x00000000fae00000| Complete 
| 431|0x00000000faf00000, 0x00000000fb000000, 0x00000000fb000000|100%| E|CS|TAMS 0x00000000faf00000| PB 0x00000000faf00000| Complete 
| 432|0x00000000fb000000, 0x00000000fb100000, 0x00000000fb100000|100%| E|CS|TAMS 0x00000000fb000000| PB 0x00000000fb000000| Complete 
| 433|0x00000000fb100000, 0x00000000fb200000, 0x00000000fb200000|100%| E|CS|TAMS 0x00000000fb100000| PB 0x00000000fb100000| Complete 
| 434|0x00000000fb200000, 0x00000000fb300000, 0x00000000fb300000|100%| E|CS|TAMS 0x00000000fb200000| PB 0x00000000fb200000| Complete 
| 435|0x00000000fb300000, 0x00000000fb400000, 0x00000000fb400000|100%| E|CS|TAMS 0x00000000fb300000| PB 0x00000000fb300000| Complete 
| 436|0x00000000fb400000, 0x00000000fb500000, 0x00000000fb500000|100%| E|CS|TAMS 0x00000000fb400000| PB 0x00000000fb400000| Complete 
| 437|0x00000000fb500000, 0x00000000fb600000, 0x00000000fb600000|100%| E|CS|TAMS 0x00000000fb500000| PB 0x00000000fb500000| Complete 
| 438|0x00000000fb600000, 0x00000000fb700000, 0x00000000fb700000|100%| E|CS|TAMS 0x00000000fb600000| PB 0x00000000fb600000| Complete 
| 439|0x00000000fb700000, 0x00000000fb800000, 0x00000000fb800000|100%| E|CS|TAMS 0x00000000fb700000| PB 0x00000000fb700000| Complete 
| 440|0x00000000fb800000, 0x00000000fb900000, 0x00000000fb900000|100%| E|CS|TAMS 0x00000000fb800000| PB 0x00000000fb800000| Complete 
| 441|0x00000000fb900000, 0x00000000fba00000, 0x00000000fba00000|100%| E|CS|TAMS 0x00000000fb900000| PB 0x00000000fb900000| Complete 
| 442|0x00000000fba00000, 0x00000000fbaffff8, 0x00000000fbb00000| 99%| E|CS|TAMS 0x00000000fba00000| PB 0x00000000fba00000| Complete 
| 443|0x00000000fbb00000, 0x00000000fbc00000, 0x00000000fbc00000|100%| E|CS|TAMS 0x00000000fbb00000| PB 0x00000000fbb00000| Complete 
| 444|0x00000000fbc00000, 0x00000000fbd00000, 0x00000000fbd00000|100%| E|CS|TAMS 0x00000000fbc00000| PB 0x00000000fbc00000| Complete 
| 445|0x00000000fbd00000, 0x00000000fbe00000, 0x00000000fbe00000|100%| E|CS|TAMS 0x00000000fbd00000| PB 0x00000000fbd00000| Complete 
| 446|0x00000000fbe00000, 0x00000000fbf00000, 0x00000000fbf00000|100%| E|CS|TAMS 0x00000000fbe00000| PB 0x00000000fbe00000| Complete 
| 447|0x00000000fbf00000, 0x00000000fc000000, 0x00000000fc000000|100%| E|CS|TAMS 0x00000000fbf00000| PB 0x00000000fbf00000| Complete 
| 448|0x00000000fc000000, 0x00000000fc100000, 0x00000000fc100000|100%| E|CS|TAMS 0x00000000fc000000| PB 0x00000000fc000000| Complete 
| 449|0x00000000fc100000, 0x00000000fc200000, 0x00000000fc200000|100%| E|CS|TAMS 0x00000000fc100000| PB 0x00000000fc100000| Complete 
| 450|0x00000000fc200000, 0x00000000fc300000, 0x00000000fc300000|100%| E|CS|TAMS 0x00000000fc200000| PB 0x00000000fc200000| Complete 
| 451|0x00000000fc300000, 0x00000000fc400000, 0x00000000fc400000|100%| E|CS|TAMS 0x00000000fc300000| PB 0x00000000fc300000| Complete 
| 452|0x00000000fc400000, 0x00000000fc500000, 0x00000000fc500000|100%| E|CS|TAMS 0x00000000fc400000| PB 0x00000000fc400000| Complete 
| 453|0x00000000fc500000, 0x00000000fc600000, 0x00000000fc600000|100%| E|CS|TAMS 0x00000000fc500000| PB 0x00000000fc500000| Complete 
| 454|0x00000000fc600000, 0x00000000fc700000, 0x00000000fc700000|100%| E|CS|TAMS 0x00000000fc600000| PB 0x00000000fc600000| Complete 
| 455|0x00000000fc700000, 0x00000000fc800000, 0x00000000fc800000|100%| E|CS|TAMS 0x00000000fc700000| PB 0x00000000fc700000| Complete 
| 456|0x00000000fc800000, 0x00000000fc900000, 0x00000000fc900000|100%| E|CS|TAMS 0x00000000fc800000| PB 0x00000000fc800000| Complete 
| 457|0x00000000fc900000, 0x00000000fca00000, 0x00000000fca00000|100%| E|CS|TAMS 0x00000000fc900000| PB 0x00000000fc900000| Complete 
| 458|0x00000000fca00000, 0x00000000fcb00000, 0x00000000fcb00000|100%| E|CS|TAMS 0x00000000fca00000| PB 0x00000000fca00000| Complete 
| 459|0x00000000fcb00000, 0x00000000fcc00000, 0x00000000fcc00000|100%| E|CS|TAMS 0x00000000fcb00000| PB 0x00000000fcb00000| Complete 
| 460|0x00000000fcc00000, 0x00000000fcd00000, 0x00000000fcd00000|100%| E|CS|TAMS 0x00000000fcc00000| PB 0x00000000fcc00000| Complete 
| 461|0x00000000fcd00000, 0x00000000fce00000, 0x00000000fce00000|100%| E|CS|TAMS 0x00000000fcd00000| PB 0x00000000fcd00000| Complete 
| 462|0x00000000fce00000, 0x00000000fcf00000, 0x00000000fcf00000|100%| E|CS|TAMS 0x00000000fce00000| PB 0x00000000fce00000| Complete 
| 463|0x00000000fcf00000, 0x00000000fd000000, 0x00000000fd000000|100%| E|CS|TAMS 0x00000000fcf00000| PB 0x00000000fcf00000| Complete 
| 464|0x00000000fd000000, 0x00000000fd100000, 0x00000000fd100000|100%| E|CS|TAMS 0x00000000fd000000| PB 0x00000000fd000000| Complete 
| 465|0x00000000fd100000, 0x00000000fd200000, 0x00000000fd200000|100%| E|CS|TAMS 0x00000000fd100000| PB 0x00000000fd100000| Complete 
| 466|0x00000000fd200000, 0x00000000fd300000, 0x00000000fd300000|100%| E|CS|TAMS 0x00000000fd200000| PB 0x00000000fd200000| Complete 
| 467|0x00000000fd300000, 0x00000000fd400000, 0x00000000fd400000|100%| E|CS|TAMS 0x00000000fd300000| PB 0x00000000fd300000| Complete 
| 468|0x00000000fd400000, 0x00000000fd4a40a0, 0x00000000fd500000| 64%| S|CS|TAMS 0x00000000fd400000| PB 0x00000000fd400000| Complete 
| 469|0x00000000fd500000, 0x00000000fd600000, 0x00000000fd600000|100%| S|CS|TAMS 0x00000000fd500000| PB 0x00000000fd500000| Complete 
| 470|0x00000000fd600000, 0x00000000fd700000, 0x00000000fd700000|100%| S|CS|TAMS 0x00000000fd600000| PB 0x00000000fd600000| Complete 
| 471|0x00000000fd700000, 0x00000000fd800000, 0x00000000fd800000|100%| S|CS|TAMS 0x00000000fd700000| PB 0x00000000fd700000| Complete 
| 472|0x00000000fd800000, 0x00000000fd900000, 0x00000000fd900000|100%| S|CS|TAMS 0x00000000fd800000| PB 0x00000000fd800000| Complete 
| 473|0x00000000fd900000, 0x00000000fda00000, 0x00000000fda00000|100%| S|CS|TAMS 0x00000000fd900000| PB 0x00000000fd900000| Complete 
| 474|0x00000000fda00000, 0x00000000fdb00000, 0x00000000fdb00000|100%| S|CS|TAMS 0x00000000fda00000| PB 0x00000000fda00000| Complete 
| 475|0x00000000fdb00000, 0x00000000fdc00000, 0x00000000fdc00000|100%| S|CS|TAMS 0x00000000fdb00000| PB 0x00000000fdb00000| Complete 
| 476|0x00000000fdc00000, 0x00000000fdd00000, 0x00000000fdd00000|100%| S|CS|TAMS 0x00000000fdc00000| PB 0x00000000fdc00000| Complete 
| 477|0x00000000fdd00000, 0x00000000fde00000, 0x00000000fde00000|100%| S|CS|TAMS 0x00000000fdd00000| PB 0x00000000fdd00000| Complete 
| 478|0x00000000fde00000, 0x00000000fdf00000, 0x00000000fdf00000|100%| S|CS|TAMS 0x00000000fde00000| PB 0x00000000fde00000| Complete 
| 479|0x00000000fdf00000, 0x00000000fe000000, 0x00000000fe000000|100%| S|CS|TAMS 0x00000000fdf00000| PB 0x00000000fdf00000| Complete 
| 480|0x00000000fe000000, 0x00000000fe100000, 0x00000000fe100000|100%| S|CS|TAMS 0x00000000fe000000| PB 0x00000000fe000000| Complete 
| 481|0x00000000fe100000, 0x00000000fe200000, 0x00000000fe200000|100%| S|CS|TAMS 0x00000000fe100000| PB 0x00000000fe100000| Complete 
| 482|0x00000000fe200000, 0x00000000fe300000, 0x00000000fe300000|100%| S|CS|TAMS 0x00000000fe200000| PB 0x00000000fe200000| Complete 
| 483|0x00000000fe300000, 0x00000000fe400000, 0x00000000fe400000|100%| S|CS|TAMS 0x00000000fe300000| PB 0x00000000fe300000| Complete 
| 484|0x00000000fe400000, 0x00000000fe500000, 0x00000000fe500000|100%| S|CS|TAMS 0x00000000fe400000| PB 0x00000000fe400000| Complete 
| 485|0x00000000fe500000, 0x00000000fe600000, 0x00000000fe600000|100%| S|CS|TAMS 0x00000000fe500000| PB 0x00000000fe500000| Complete 
| 486|0x00000000fe600000, 0x00000000fe700000, 0x00000000fe700000|100%| S|CS|TAMS 0x00000000fe600000| PB 0x00000000fe600000| Complete 
| 487|0x00000000fe700000, 0x00000000fe800000, 0x00000000fe800000|100%| S|CS|TAMS 0x00000000fe700000| PB 0x00000000fe700000| Complete 
| 488|0x00000000fe800000, 0x00000000fe900000, 0x00000000fe900000|100%| S|CS|TAMS 0x00000000fe800000| PB 0x00000000fe800000| Complete 
| 489|0x00000000fe900000, 0x00000000fea00000, 0x00000000fea00000|100%| E|CS|TAMS 0x00000000fe900000| PB 0x00000000fe900000| Complete 
| 490|0x00000000fea00000, 0x00000000feb00000, 0x00000000feb00000|100%| E|CS|TAMS 0x00000000fea00000| PB 0x00000000fea00000| Complete 
| 491|0x00000000feb00000, 0x00000000fec00000, 0x00000000fec00000|100%| E|CS|TAMS 0x00000000feb00000| PB 0x00000000feb00000| Complete 
| 492|0x00000000fec00000, 0x00000000fed00000, 0x00000000fed00000|100%| E|CS|TAMS 0x00000000fec00000| PB 0x00000000fec00000| Complete 
| 493|0x00000000fed00000, 0x00000000fee00000, 0x00000000fee00000|100%| E|CS|TAMS 0x00000000fed00000| PB 0x00000000fed00000| Complete 
| 494|0x00000000fee00000, 0x00000000fef00000, 0x00000000fef00000|100%| E|CS|TAMS 0x00000000fee00000| PB 0x00000000fee00000| Complete 
| 495|0x00000000fef00000, 0x00000000ff000000, 0x00000000ff000000|100%| E|CS|TAMS 0x00000000fef00000| PB 0x00000000fef00000| Complete 
| 496|0x00000000ff000000, 0x00000000ff100000, 0x00000000ff100000|100%| E|CS|TAMS 0x00000000ff000000| PB 0x00000000ff000000| Complete 
| 497|0x00000000ff100000, 0x00000000ff200000, 0x00000000ff200000|100%| E|CS|TAMS 0x00000000ff100000| PB 0x00000000ff100000| Complete 
| 498|0x00000000ff200000, 0x00000000ff300000, 0x00000000ff300000|100%| E|CS|TAMS 0x00000000ff200000| PB 0x00000000ff200000| Complete 
| 499|0x00000000ff300000, 0x00000000ff400000, 0x00000000ff400000|100%| E|CS|TAMS 0x00000000ff300000| PB 0x00000000ff300000| Complete 
| 500|0x00000000ff400000, 0x00000000ff500000, 0x00000000ff500000|100%| E|CS|TAMS 0x00000000ff400000| PB 0x00000000ff400000| Complete 
| 501|0x00000000ff500000, 0x00000000ff600000, 0x00000000ff600000|100%| E|CS|TAMS 0x00000000ff500000| PB 0x00000000ff500000| Complete 
| 502|0x00000000ff600000, 0x00000000ff700000, 0x00000000ff700000|100%| E|CS|TAMS 0x00000000ff600000| PB 0x00000000ff600000| Complete 
| 503|0x00000000ff700000, 0x00000000ff800000, 0x00000000ff800000|100%| E|CS|TAMS 0x00000000ff700000| PB 0x00000000ff700000| Complete 
| 504|0x00000000ff800000, 0x00000000ff900000, 0x00000000ff900000|100%| E|CS|TAMS 0x00000000ff800000| PB 0x00000000ff800000| Complete 
| 505|0x00000000ff900000, 0x00000000ffa00000, 0x00000000ffa00000|100%| E|CS|TAMS 0x00000000ff900000| PB 0x00000000ff900000| Complete 
| 506|0x00000000ffa00000, 0x00000000ffb00000, 0x00000000ffb00000|100%| E|CS|TAMS 0x00000000ffa00000| PB 0x00000000ffa00000| Complete 
| 507|0x00000000ffb00000, 0x00000000ffc00000, 0x00000000ffc00000|100%| E|CS|TAMS 0x00000000ffb00000| PB 0x00000000ffb00000| Complete 
| 508|0x00000000ffc00000, 0x00000000ffd00000, 0x00000000ffd00000|100%| E|CS|TAMS 0x00000000ffc00000| PB 0x00000000ffc00000| Complete 
| 509|0x00000000ffd00000, 0x00000000ffe00000, 0x00000000ffe00000|100%| E|CS|TAMS 0x00000000ffd00000| PB 0x00000000ffd00000| Complete 
| 510|0x00000000ffe00000, 0x00000000fff00000, 0x00000000fff00000|100%| E|CS|TAMS 0x00000000ffe00000| PB 0x00000000ffe00000| Complete 
| 511|0x00000000fff00000, 0x0000000100000000, 0x0000000100000000|100%| E|CS|TAMS 0x00000000fff00000| PB 0x00000000fff00000| Complete 

Card table byte_map: [0x0000017e777c0000,0x0000017e778c0000] _byte_map_base: 0x0000017e770c0000

Marking Bits: (CMBitMap*) 0x0000017e5d788c70
 Bits: [0x0000017e778c0000, 0x0000017e780c0000)

Polling page: 0x0000017e5d680000

Metaspace:

Usage:
  Non-class:     35.72 MB used.
      Class:      3.86 MB used.
       Both:     39.58 MB used.

Virtual space:
  Non-class space:       64.00 MB reserved,      36.19 MB ( 57%) committed,  1 nodes.
      Class space:        1.00 GB reserved,       4.25 MB ( <1%) committed,  1 nodes.
             Both:        1.06 GB reserved,      40.44 MB (  4%) committed. 

Chunk freelists:
   Non-Class:  11.81 MB
       Class:  11.80 MB
        Both:  23.61 MB

MaxMetaspaceSize: unlimited
CompressedClassSpaceSize: 1.00 GB
Initial GC threshold: 21.00 MB
Current GC threshold: 63.12 MB
CDS: on
 - commit_granule_bytes: 65536.
 - commit_granule_words: 8192.
 - virtual_space_node_default_size: 8388608.
 - enlarge_chunks_in_place: 1.
 - use_allocation_guard: 0.


Internal statistics:

num_allocs_failed_limit: 8.
num_arena_births: 1146.
num_arena_deaths: 2.
num_vsnodes_births: 2.
num_vsnodes_deaths: 0.
num_space_committed: 647.
num_space_uncommitted: 0.
num_chunks_returned_to_freelist: 11.
num_chunks_taken_from_freelist: 2688.
num_chunk_merges: 8.
num_chunk_splits: 1759.
num_chunks_enlarged: 1152.
num_inconsistent_stats: 0.

CodeHeap 'non-profiled nmethods': size=119168Kb used=10210Kb max_used=10210Kb free=108957Kb
 bounds [0x0000017e6f2b0000, 0x0000017e6fcb0000, 0x0000017e76710000]
CodeHeap 'profiled nmethods': size=119104Kb used=14845Kb max_used=14845Kb free=104258Kb
 bounds [0x0000017e67710000, 0x0000017e68590000, 0x0000017e6eb60000]
CodeHeap 'non-nmethods': size=7488Kb used=4478Kb max_used=4525Kb free=3009Kb
 bounds [0x0000017e6eb60000, 0x0000017e6eff0000, 0x0000017e6f2b0000]
CodeCache: size=245760Kb, used=29533Kb, max_used=29580Kb, free=216224Kb
 total_blobs=10688, nmethods=9100, adapters=1489, full_count=0
Compilation: enabled, stopped_count=0, restarted_count=0

Compilation events (20 events):
Event: 40.969 Thread 0x0000017e7b387460 nmethod 11626 0x0000017e6858be90 code [0x0000017e6858c080, 0x0000017e6858c5e0]
Event: 40.969 Thread 0x0000017e7b1c6720 nmethod 11627 0x0000017e6fca7510 code [0x0000017e6fca76a0, 0x0000017e6fca7710]
Event: 40.971 Thread 0x0000017e7b3844b0 11628       4       androidx.compose.ui.node.RootNodeOwner::getOwner (8 bytes)
Event: 40.971 Thread 0x0000017e7b3844b0 nmethod 11628 0x0000017e6fca7810 code [0x0000017e6fca79a0, 0x0000017e6fca7a30]
Event: 40.971 Thread 0x0000017e7b1c6720 11629       4       kotlinx.coroutines.internal.ThreadContextKt$$Lambda/0x0000017e0113ade8::invoke (9 bytes)
Event: 40.972 Thread 0x0000017e7b386d90 11630       4       sun.invoke.util.VerifyAccess::isTypeVisible (118 bytes)
Event: 40.972 Thread 0x0000017e45e79170 11631   !   3       java.util.concurrent.locks.AbstractQueuedSynchronizer$ConditionObject::newConditionNode (78 bytes)
Event: 40.972 Thread 0x0000017e7b1c6720 nmethod 11629 0x0000017e6fca7b10 code [0x0000017e6fca7cc0, 0x0000017e6fca7eb8]
Event: 40.972 Thread 0x0000017e45e79170 nmethod 11631 0x0000017e6858c790 code [0x0000017e6858ca00, 0x0000017e6858d1e0]
Event: 40.973 Thread 0x0000017e7b387460 11632       3       androidx.compose.runtime.composer.gapbuffer.changelist.Operations::resizeOpCodes (64 bytes)
Event: 40.974 Thread 0x0000017e7b387460 nmethod 11632 0x0000017e6858d490 code [0x0000017e6858d660, 0x0000017e6858da50]
Event: 40.975 Thread 0x0000017e7b386d90 nmethod 11630 0x0000017e6fca8010 code [0x0000017e6fca8200, 0x0000017e6fca85a8]
Event: 40.975 Thread 0x0000017e45e79170 11633       3       ru.kyamshanov.notepen.reflow.ui.ReflowLayoutCacheKt::mixInt (60 bytes)
Event: 40.975 Thread 0x0000017e45e79170 nmethod 11633 0x0000017e6858db90 code [0x0000017e6858dd40, 0x0000017e6858def8]
Event: 40.976 Thread 0x0000017e7b09d360 11634   !   3       androidx.compose.runtime.internal.RememberEventDispatcher::dispatchRememberList (160 bytes)
Event: 40.976 Thread 0x0000017e7b387460 11635       3       java.io.PrintStream::print (9 bytes)
Event: 40.976 Thread 0x0000017e7b385250 11636       3       kotlinx.coroutines.scheduling.CoroutineScheduler$Worker::getWorkerCtl$volatile$FU (4 bytes)
Event: 40.976 Thread 0x0000017e7b385250 nmethod 11636 0x0000017e6858e010 code [0x0000017e6858e1a0, 0x0000017e6858e298]
Event: 40.976 Thread 0x0000017e7b387460 nmethod 11635 0x0000017e6858e310 code [0x0000017e6858e4e0, 0x0000017e6858e728]
Event: 40.976 Thread 0x0000017e7b09d360 nmethod 11634 0x0000017e6858e890 code [0x0000017e6858eac0, 0x0000017e6858f300]

GC Heap History (20 events):
Event: 38.180 GC heap before
{Heap before GC invocations=220 (full 0):
 garbage-first heap   total 524288K, used 469505K [0x00000000e0000000, 0x0000000100000000)
  region size 1024K, 307 young (314368K), 18 survivors (18432K)
 Metaspace       used 38027K, committed 38784K, reserved 1114112K
  class space    used 3742K, committed 4096K, reserved 1048576K
}
Event: 38.184 GC heap after
{Heap after GC invocations=221 (full 0):
 garbage-first heap   total 524288K, used 179751K [0x00000000e0000000, 0x0000000100000000)
  region size 1024K, 24 young (24576K), 24 survivors (24576K)
 Metaspace       used 38027K, committed 38784K, reserved 1114112K
  class space    used 3742K, committed 4096K, reserved 1048576K
}
Event: 38.449 GC heap before
{Heap before GC invocations=222 (full 0):
 garbage-first heap   total 524288K, used 468519K [0x00000000e0000000, 0x0000000100000000)
  region size 1024K, 307 young (314368K), 24 survivors (24576K)
 Metaspace       used 38032K, committed 38848K, reserved 1114112K
  class space    used 3743K, committed 4096K, reserved 1048576K
}
Event: 38.453 GC heap after
{Heap after GC invocations=223 (full 0):
 garbage-first heap   total 524288K, used 174030K [0x00000000e0000000, 0x0000000100000000)
  region size 1024K, 18 young (18432K), 18 survivors (18432K)
 Metaspace       used 38032K, committed 38848K, reserved 1114112K
  class space    used 3743K, committed 4096K, reserved 1048576K
}
Event: 38.700 GC heap before
{Heap before GC invocations=223 (full 0):
 garbage-first heap   total 524288K, used 469966K [0x00000000e0000000, 0x0000000100000000)
  region size 1024K, 307 young (314368K), 18 survivors (18432K)
 Metaspace       used 38032K, committed 38848K, reserved 1114112K
  class space    used 3743K, committed 4096K, reserved 1048576K
}
Event: 38.705 GC heap after
{Heap after GC invocations=224 (full 0):
 garbage-first heap   total 524288K, used 174067K [0x00000000e0000000, 0x0000000100000000)
  region size 1024K, 23 young (23552K), 23 survivors (23552K)
 Metaspace       used 38032K, committed 38848K, reserved 1114112K
  class space    used 3743K, committed 4096K, reserved 1048576K
}
Event: 38.741 GC heap before
{Heap before GC invocations=224 (full 0):
 garbage-first heap   total 524288K, used 217075K [0x00000000e0000000, 0x0000000100000000)
  region size 1024K, 67 young (68608K), 23 survivors (23552K)
 Metaspace       used 38032K, committed 38848K, reserved 1114112K
  class space    used 3743K, committed 4096K, reserved 1048576K
}
Event: 38.745 GC heap after
{Heap after GC invocations=225 (full 0):
 garbage-first heap   total 524288K, used 175625K [0x00000000e0000000, 0x0000000100000000)
  region size 1024K, 21 young (21504K), 21 survivors (21504K)
 Metaspace       used 38032K, committed 38848K, reserved 1114112K
  class space    used 3743K, committed 4096K, reserved 1048576K
}
Event: 39.001 GC heap before
{Heap before GC invocations=226 (full 0):
 garbage-first heap   total 524288K, used 468489K [0x00000000e0000000, 0x0000000100000000)
  region size 1024K, 307 young (314368K), 21 survivors (21504K)
 Metaspace       used 38041K, committed 38848K, reserved 1114112K
  class space    used 3743K, committed 4096K, reserved 1048576K
}
Event: 39.004 GC heap after
{Heap after GC invocations=227 (full 0):
 garbage-first heap   total 524288K, used 172203K [0x00000000e0000000, 0x0000000100000000)
  region size 1024K, 18 young (18432K), 18 survivors (18432K)
 Metaspace       used 38041K, committed 38848K, reserved 1114112K
  class space    used 3743K, committed 4096K, reserved 1048576K
}
Event: 39.278 GC heap before
{Heap before GC invocations=227 (full 0):
 garbage-first heap   total 524288K, used 468139K [0x00000000e0000000, 0x0000000100000000)
  region size 1024K, 307 young (314368K), 18 survivors (18432K)
 Metaspace       used 38057K, committed 38848K, reserved 1114112K
  class space    used 3743K, committed 4096K, reserved 1048576K
}
Event: 39.283 GC heap after
{Heap after GC invocations=228 (full 0):
 garbage-first heap   total 524288K, used 175335K [0x00000000e0000000, 0x0000000100000000)
  region size 1024K, 23 young (23552K), 23 survivors (23552K)
 Metaspace       used 38057K, committed 38848K, reserved 1114112K
  class space    used 3743K, committed 4096K, reserved 1048576K
}
Event: 39.306 GC heap before
{Heap before GC invocations=228 (full 0):
 garbage-first heap   total 524288K, used 198887K [0x00000000e0000000, 0x0000000100000000)
  region size 1024K, 47 young (48128K), 23 survivors (23552K)
 Metaspace       used 38057K, committed 38848K, reserved 1114112K
  class space    used 3743K, committed 4096K, reserved 1048576K
}
Event: 39.310 GC heap after
{Heap after GC invocations=229 (full 0):
 garbage-first heap   total 524288K, used 177581K [0x00000000e0000000, 0x0000000100000000)
  region size 1024K, 21 young (21504K), 21 survivors (21504K)
 Metaspace       used 38057K, committed 38848K, reserved 1114112K
  class space    used 3743K, committed 4096K, reserved 1048576K
}
Event: 39.586 GC heap before
{Heap before GC invocations=230 (full 0):
 garbage-first heap   total 524288K, used 468397K [0x00000000e0000000, 0x0000000100000000)
  region size 1024K, 307 young (314368K), 21 survivors (21504K)
 Metaspace       used 38065K, committed 38848K, reserved 1114112K
  class space    used 3745K, committed 4096K, reserved 1048576K
}
Event: 39.589 GC heap after
{Heap after GC invocations=231 (full 0):
 garbage-first heap   total 524288K, used 171464K [0x00000000e0000000, 0x0000000100000000)
  region size 1024K, 17 young (17408K), 17 survivors (17408K)
 Metaspace       used 38065K, committed 38848K, reserved 1114112K
  class space    used 3745K, committed 4096K, reserved 1048576K
}
Event: 39.837 GC heap before
{Heap before GC invocations=231 (full 0):
 garbage-first heap   total 524288K, used 468424K [0x00000000e0000000, 0x0000000100000000)
  region size 1024K, 307 young (314368K), 17 survivors (17408K)
 Metaspace       used 38065K, committed 38848K, reserved 1114112K
  class space    used 3745K, committed 4096K, reserved 1048576K
}
Event: 39.842 GC heap after
{Heap after GC invocations=232 (full 0):
 garbage-first heap   total 524288K, used 173737K [0x00000000e0000000, 0x0000000100000000)
  region size 1024K, 22 young (22528K), 22 survivors (22528K)
 Metaspace       used 38065K, committed 38848K, reserved 1114112K
  class space    used 3745K, committed 4096K, reserved 1048576K
}
Event: 39.856 GC heap before
{Heap before GC invocations=232 (full 0):
 garbage-first heap   total 524288K, used 195241K [0x00000000e0000000, 0x0000000100000000)
  region size 1024K, 45 young (46080K), 22 survivors (22528K)
 Metaspace       used 38065K, committed 38848K, reserved 1114112K
  class space    used 3745K, committed 4096K, reserved 1048576K
}
Event: 39.860 GC heap after
{Heap after GC invocations=233 (full 0):
 garbage-first heap   total 524288K, used 176315K [0x00000000e0000000, 0x0000000100000000)
  region size 1024K, 21 young (21504K), 21 survivors (21504K)
 Metaspace       used 38065K, committed 38848K, reserved 1114112K
  class space    used 3745K, committed 4096K, reserved 1048576K
}

Dll operation events (12 events):
Event: 0.010 Loaded shared library C:\Users\kruz18\Programs\Jdks\temurin-21.0.8\bin\java.dll
Event: 0.049 Loaded shared library C:\Users\kruz18\Programs\Jdks\temurin-21.0.8\bin\jsvml.dll
Event: 0.202 Loaded shared library C:\Users\kruz18\Programs\Jdks\temurin-21.0.8\bin\net.dll
Event: 0.205 Loaded shared library C:\Users\kruz18\Programs\Jdks\temurin-21.0.8\bin\nio.dll
Event: 0.212 Loaded shared library C:\Users\kruz18\Programs\Jdks\temurin-21.0.8\bin\zip.dll
Event: 0.330 Loaded shared library C:\Users\kruz18\Programs\Jdks\temurin-21.0.8\bin\jimage.dll
Event: 0.805 Loaded shared library C:\Users\kruz18\Programs\Jdks\temurin-21.0.8\bin\extnet.dll
Event: 0.892 Loaded shared library C:\Users\kruz18\Programs\Jdks\temurin-21.0.8\bin\sunmscapi.dll
Event: 0.964 Loaded shared library C:\Users\kruz18\Programs\Jdks\temurin-21.0.8\bin\verify.dll
Event: 2.036 Loaded shared library C:\Users\kruz18\Programs\Jdks\temurin-21.0.8\bin\awt.dll
Event: 17.690 Loaded shared library C:\Users\kruz18\.skiko\skiko-windows-x64-3ce1b2621ce4905333064341568d0e9493efc0d4971a63b096261c774bc6e5a8\skiko-windows-x64.dll
Event: 40.666 Loaded shared library C:\Users\kruz18\Programs\Jdks\temurin-21.0.8\bin\jsound.dll

Deoptimization events (20 events):
Event: 40.551 Thread 0x0000017e46d374d0 Uncommon trap: trap_request=0xffffff6e fr.pc=0x0000017e6f5288f0 relative=0x00000000000011b0
Event: 40.551 Thread 0x0000017e46d374d0 Uncommon trap: reason=loop_limit_check action=maybe_recompile pc=0x0000017e6f5288f0 method=androidx.compose.runtime.CompositionImpl.addPendingInvalidationsLocked(Ljava/util/Set;Z)V @ 61 c2
Event: 40.551 Thread 0x0000017e46d374d0 DEOPT PACKING pc=0x0000017e6f5288f0 sp=0x00000036a71fd3f0
Event: 40.551 Thread 0x0000017e46d374d0 DEOPT UNPACKING pc=0x0000017e6ebb46a2 sp=0x00000036a71fd2a0 mode 2
Event: 40.661 Thread 0x0000017e46d374d0 Uncommon trap: trap_request=0xffffff45 fr.pc=0x0000017e6fa04d9c relative=0x000000000000075c
Event: 40.661 Thread 0x0000017e46d374d0 Uncommon trap: reason=unstable_if action=reinterpret pc=0x0000017e6fa04d9c method=androidx.compose.runtime.CompositionImpl.addPendingInvalidationsLocked(Ljava/lang/Object;Z)V @ 29 c2
Event: 40.661 Thread 0x0000017e46d374d0 DEOPT PACKING pc=0x0000017e6fa04d9c sp=0x00000036a71fd3d0
Event: 40.661 Thread 0x0000017e46d374d0 DEOPT UNPACKING pc=0x0000017e6ebb46a2 sp=0x00000036a71fd2f8 mode 2
Event: 40.689 Thread 0x0000017e46d374d0 Uncommon trap: trap_request=0xffffff45 fr.pc=0x0000017e6fb6c2f4 relative=0x0000000000001114
Event: 40.689 Thread 0x0000017e46d374d0 Uncommon trap: reason=unstable_if action=reinterpret pc=0x0000017e6fb6c2f4 method=androidx.compose.runtime.composer.gapbuffer.SlotWriter.startGroup(ILjava/lang/Object;ZLjava/lang/Object;)V @ 163 c2
Event: 40.689 Thread 0x0000017e46d374d0 DEOPT PACKING pc=0x0000017e6fb6c2f4 sp=0x00000036a71f9a70
Event: 40.689 Thread 0x0000017e46d374d0 DEOPT UNPACKING pc=0x0000017e6ebb46a2 sp=0x00000036a71f99f8 mode 2
Event: 40.716 Thread 0x0000017e5d4c5140 Uncommon trap: trap_request=0xffffffc6 fr.pc=0x0000017e6fae3dcc relative=0x000000000000108c
Event: 40.716 Thread 0x0000017e5d4c5140 Uncommon trap: reason=bimorphic_or_optimized_type_check action=maybe_recompile pc=0x0000017e6fae3dcc method=kotlin.collections.CollectionsKt___CollectionsKt.toCollection(Ljava/lang/Iterable;Ljava/util/Collection;)Ljava/util/Collection; @ 14 c2
Event: 40.716 Thread 0x0000017e5d4c5140 DEOPT PACKING pc=0x0000017e6fae3dcc sp=0x00000036a3ffb130
Event: 40.716 Thread 0x0000017e5d4c5140 DEOPT UNPACKING pc=0x0000017e6ebb46a2 sp=0x00000036a3ffb120 mode 2
Event: 40.716 Thread 0x0000017e5d4c5140 Uncommon trap: trap_request=0xffffffc6 fr.pc=0x0000017e6fae6b18 relative=0x0000000000000b58
Event: 40.716 Thread 0x0000017e5d4c5140 Uncommon trap: reason=bimorphic_or_optimized_type_check action=maybe_recompile pc=0x0000017e6fae6b18 method=kotlin.collections.CollectionsKt___CollectionsKt.toSet(Ljava/lang/Iterable;)Ljava/util/Set; @ 17 c2
Event: 40.716 Thread 0x0000017e5d4c5140 DEOPT PACKING pc=0x0000017e6fae6b18 sp=0x00000036a3ffb000
Event: 40.716 Thread 0x0000017e5d4c5140 DEOPT UNPACKING pc=0x0000017e6ebb46a2 sp=0x00000036a3ffafe0 mode 2

Classes loaded (20 events):
Event: 40.704 Loading class javax/sound/sampled/FloatControl$Type
Event: 40.704 Loading class javax/sound/sampled/Control$Type
Event: 40.704 Loading class javax/sound/sampled/Control$Type done
Event: 40.704 Loading class javax/sound/sampled/FloatControl$Type done
Event: 40.704 Loading class com/sun/media/sound/DirectAudioDevice$DirectDL$Mute
Event: 40.704 Loading class javax/sound/sampled/BooleanControl
Event: 40.704 Loading class javax/sound/sampled/BooleanControl done
Event: 40.704 Loading class com/sun/media/sound/DirectAudioDevice$DirectDL$Mute done
Event: 40.705 Loading class javax/sound/sampled/BooleanControl$Type
Event: 40.705 Loading class javax/sound/sampled/BooleanControl$Type done
Event: 40.705 Loading class com/sun/media/sound/DirectAudioDevice$DirectDL$Balance
Event: 40.705 Loading class com/sun/media/sound/DirectAudioDevice$DirectDL$Balance done
Event: 40.705 Loading class com/sun/media/sound/DirectAudioDevice$DirectDL$Pan
Event: 40.705 Loading class com/sun/media/sound/DirectAudioDevice$DirectDL$Pan done
Event: 40.710 Loading class javax/sound/sampled/LineEvent
Event: 40.710 Loading class javax/sound/sampled/LineEvent done
Event: 40.710 Loading class javax/sound/sampled/LineEvent$Type
Event: 40.710 Loading class javax/sound/sampled/LineEvent$Type done
Event: 40.710 Loading class com/sun/media/sound/EventDispatcher
Event: 40.710 Loading class com/sun/media/sound/EventDispatcher done

Classes unloaded (1 events):
Event: 22.738 Thread 0x0000017e7b07bb10 Unloading class 0x0000017e01358000 'java/lang/invoke/LambdaForm$DMH+0x0000017e01358000'

Classes redefined (0 events):
No events

Internal exceptions (20 events):
Event: 21.876 Thread 0x0000017e5d4c5140 Exception <a 'java/lang/NoSuchMethodError'{0x00000000fb714b08}: 'java.lang.Object java.lang.invoke.DirectMethodHandle$Holder.invokeSpecial(java.lang.Object, java.lang.Object, long, java.lang.Object)'> (0x00000000fb714b08) 
thrown [s\src\hotspot\share\interpreter\linkResolver.cpp, line 773]
Event: 22.070 Thread 0x0000017e7b090e70 Implicit null exception at 0x0000017e6f3db23d to 0x0000017e6f3db2b1
Event: 33.726 Thread 0x0000017e463e0d50 Implicit null exception at 0x0000017e6f91a560 to 0x0000017e6f91be10
Event: 33.734 Thread 0x0000017e463e0d50 Implicit null exception at 0x0000017e6f96b17b to 0x0000017e6f96b3b4
Event: 40.049 Thread 0x0000017e5d4c5140 Exception <a 'java/lang/NoSuchMethodError'{0x00000000ecfca350}: 'java.lang.Object java.lang.invoke.DirectMethodHandle$Holder.invokeStatic(java.lang.Object, java.lang.Object, java.lang.Object, int, int)'> (0x00000000ecfca350) 
thrown [s\src\hotspot\share\interpreter\linkResolver.cpp, line 773]
Event: 40.049 Thread 0x0000017e5d4c5140 Exception <a 'java/lang/NoSuchMethodError'{0x00000000ecfd2548}: 'java.lang.Object java.lang.invoke.DirectMethodHandle$Holder.newInvokeSpecial(java.lang.Object, java.lang.Object, java.lang.Object, int, int)'> (0x00000000ecfd2548) 
thrown [s\src\hotspot\share\interpreter\linkResolver.cpp, line 773]
Event: 40.049 Thread 0x0000017e5d4c5140 Exception <a 'java/lang/NoSuchMethodError'{0x00000000ecfdc1b8}: 'java.lang.Object java.lang.invoke.Invokers$Holder.linkToTargetMethod(java.lang.Object, java.lang.Object, int, int, java.lang.Object)'> (0x00000000ecfdc1b8) 
thrown [s\src\hotspot\share\interpreter\linkResolver.cpp, line 773]
Event: 40.065 Thread 0x0000017e5d4c5140 Exception <a 'java/lang/NoSuchMethodError'{0x00000000ecee3eb8}: 'java.lang.Object java.lang.invoke.DirectMethodHandle$Holder.invokeStatic(java.lang.Object, java.lang.Object, java.lang.Object, long)'> (0x00000000ecee3eb8) 
thrown [s\src\hotspot\share\interpreter\linkResolver.cpp, line 773]
Event: 40.066 Thread 0x0000017e5d4c5140 Exception <a 'java/lang/NoSuchMethodError'{0x00000000eceecc78}: 'java.lang.Object java.lang.invoke.DirectMethodHandle$Holder.newInvokeSpecial(java.lang.Object, java.lang.Object, java.lang.Object, long)'> (0x00000000eceecc78) 
thrown [s\src\hotspot\share\interpreter\linkResolver.cpp, line 773]
Event: 40.066 Thread 0x0000017e5d4c5140 Exception <a 'java/lang/NoSuchMethodError'{0x00000000ecef2608}: 'java.lang.Object java.lang.invoke.DirectMethodHandle$Holder.invokeSpecial(java.lang.Object, java.lang.Object, java.lang.Object, java.lang.Object, long)'> (0x00000000ecef2608) 
thrown [s\src\hotspot\share\interpreter\linkResolver.cpp, line 773]
Event: 40.066 Thread 0x0000017e5d4c5140 Exception <a 'java/lang/NoSuchMethodError'{0x00000000ecef7a00}: 'java.lang.Object java.lang.invoke.Invokers$Holder.linkToTargetMethod(java.lang.Object, java.lang.Object, long, java.lang.Object)'> (0x00000000ecef7a00) 
thrown [s\src\hotspot\share\interpreter\linkResolver.cpp, line 773]
Event: 40.076 Thread 0x0000017e5d4c5140 Exception <a 'java/lang/NoSuchMethodError'{0x00000000ecd91bf8}: 'java.lang.Object java.lang.invoke.DirectMethodHandle$Holder.invokeStatic(java.lang.Object, java.lang.Object, java.lang.Object, java.lang.Object, int, java.lang.Object, java.lang.Object)'> (0x00000000ecd91bf8) 
thrown [s\src\hotspot\share\interpreter\linkResolver.cpp, line 773]
Event: 40.076 Thread 0x0000017e5d4c5140 Exception <a 'java/lang/NoSuchMethodError'{0x00000000ecd9cd18}: 'java.lang.Object java.lang.invoke.DirectMethodHandle$Holder.newInvokeSpecial(java.lang.Object, java.lang.Object, java.lang.Object, java.lang.Object, int, java.lang.Object)'> (0x00000000ecd9cd18) 
thrown [s\src\hotspot\share\interpreter\linkResolver.cpp, line 773]
Event: 40.076 Thread 0x0000017e5d4c5140 Exception <a 'java/lang/NoSuchMethodError'{0x00000000ecda6ce8}: 'java.lang.Object java.lang.invoke.Invokers$Holder.linkToTargetMethod(java.lang.Object, java.lang.Object, java.lang.Object, int, java.lang.Object, java.lang.Object)'> (0x00000000ecda6ce8) 
thrown [s\src\hotspot\share\interpreter\linkResolver.cpp, line 773]
Event: 40.085 Thread 0x0000017e5d4c5140 Exception <a 'java/lang/NoSuchMethodError'{0x00000000ecc9fa40}: 'java.lang.Object java.lang.invoke.DirectMethodHandle$Holder.newInvokeSpecial(java.lang.Object, java.lang.Object, java.lang.Object, java.lang.Object, java.lang.Object, java.lang.Object, java.lang.Object, java.lang.Object, java.lang.Object, java.lang.Object, java.lang.Object, java.lang.Object)'> (0x00000000ecc9fa40) 
thrown [s\src\hotspot\share\interpreter\linkResolver.cpp, line 773]
Event: 40.085 Thread 0x0000017e5d4c5140 Exception <a 'java/lang/NoSuchMethodError'{0x00000000ecca7410}: 'java.lang.Object java.lang.invoke.DirectMethodHandle$Holder.invokeSpecial(java.lang.Object, java.lang.Object, java.lang.Object, java.lang.Object, java.lang.Object, java.lang.Object, java.lang.Object, java.lang.Object, java.lang.Object, java.lang.Object, java.lang.Object, java.lang.Object, java.lang.Object)'> (0x00000000ecca7410) 
thrown [s\src\hotspot\share\interpreter\linkResolver.cpp, line 773]
Event: 40.085 Thread 0x0000017e5d4c5140 Exception <a 'java/lang/NoSuchMethodError'{0x00000000eccadc70}: 'java.lang.Object java.lang.invoke.Invokers$Holder.linkToTargetMethod(java.lang.Object, java.lang.Object, java.lang.Object, java.lang.Object, java.lang.Object, java.lang.Object, java.lang.Object, java.lang.Object, java.lang.Object, java.lang.Object, java.lang.Object, java.lang.Object)'> (0x00000000eccadc70) 
thrown [s\src\hotspot\share\interpreter\linkResolver.cpp, line 773]
Event: 40.086 Thread 0x0000017e5d4c5140 Exception <a 'java/lang/NoSuchMethodError'{0x00000000eccc07f0}: 'java.lang.Object java.lang.invoke.DirectMethodHandle$Holder.newInvokeSpecial(java.lang.Object, java.lang.Object, java.lang.Object, java.lang.Object, java.lang.Object, java.lang.Object, java.lang.Object, java.lang.Object)'> (0x00000000eccc07f0) 
thrown [s\src\hotspot\share\interpreter\linkResolver.cpp, line 773]
Event: 40.225 Thread 0x0000017e5d4c5140 Exception <a 'java/lang/NoSuchMethodError'{0x00000000eca8f848}: 'long java.lang.invoke.DirectMethodHandle$Holder.invokeStatic(java.lang.Object, long)'> (0x00000000eca8f848) 
thrown [s\src\hotspot\share\interpreter\linkResolver.cpp, line 773]
Event: 40.345 Thread 0x0000017e46d374d0 Implicit null exception at 0x0000017e6fb1c35a to 0x0000017e6fb1c3ac

ZGC Phase Switch (0 events):
No events

VM Operations (20 events):
Event: 39.278 Executing VM operation: G1CollectForAllocation (G1 Evacuation Pause)
Event: 39.283 Executing VM operation: G1CollectForAllocation (G1 Evacuation Pause) done
Event: 39.306 Executing VM operation: G1TryInitiateConcMark (G1 Humongous Allocation)
Event: 39.310 Executing VM operation: G1TryInitiateConcMark (G1 Humongous Allocation) done
Event: 39.342 Executing VM operation: G1PauseRemark
Event: 39.345 Executing VM operation: G1PauseRemark done
Event: 39.358 Executing VM operation: G1PauseCleanup
Event: 39.358 Executing VM operation: G1PauseCleanup done
Event: 39.586 Executing VM operation: G1CollectForAllocation (G1 Evacuation Pause)
Event: 39.589 Executing VM operation: G1CollectForAllocation (G1 Evacuation Pause) done
Event: 39.837 Executing VM operation: G1CollectForAllocation (G1 Evacuation Pause)
Event: 39.842 Executing VM operation: G1CollectForAllocation (G1 Evacuation Pause) done
Event: 39.856 Executing VM operation: G1TryInitiateConcMark (G1 Humongous Allocation)
Event: 39.860 Executing VM operation: G1TryInitiateConcMark (G1 Humongous Allocation) done
Event: 39.888 Executing VM operation: G1PauseRemark
Event: 39.890 Executing VM operation: G1PauseRemark done
Event: 39.901 Executing VM operation: G1PauseCleanup
Event: 39.902 Executing VM operation: G1PauseCleanup done
Event: 40.472 Executing VM operation: ICBufferFull
Event: 40.472 Executing VM operation: ICBufferFull done

Memory protections (0 events):
No events

Nmethod flushes (20 events):
Event: 38.223 Thread 0x0000017e7b07bb10 flushing  nmethod 0x0000017e67f0c090
Event: 38.223 Thread 0x0000017e7b07bb10 flushing  nmethod 0x0000017e67e2a910
Event: 38.223 Thread 0x0000017e7b07bb10 flushing  nmethod 0x0000017e67895e90
Event: 38.223 Thread 0x0000017e7b07bb10 flushing  nmethod 0x0000017e67942590
Event: 38.775 Thread 0x0000017e7b07bb10 flushing  nmethod 0x0000017e67dd5f10
Event: 38.775 Thread 0x0000017e7b07bb10 flushing  nmethod 0x0000017e67f96890
Event: 38.775 Thread 0x0000017e7b07bb10 flushing  nmethod 0x0000017e6805cb90
Event: 38.775 Thread 0x0000017e7b07bb10 flushing  nmethod 0x0000017e6805f410
Event: 38.775 Thread 0x0000017e7b07bb10 flushing  nmethod 0x0000017e6778e110
Event: 39.344 Thread 0x0000017e7b07bb10 flushing osr nmethod 0x0000017e67834310
Event: 39.344 Thread 0x0000017e7b07bb10 flushing  nmethod 0x0000017e67fe9d90
Event: 39.344 Thread 0x0000017e7b07bb10 flushing  nmethod 0x0000017e681e9b90
Event: 39.344 Thread 0x0000017e7b07bb10 flushing  nmethod 0x0000017e67fba090
Event: 39.890 Thread 0x0000017e7b07bb10 flushing  nmethod 0x0000017e67e46f10
Event: 39.890 Thread 0x0000017e7b07bb10 flushing  nmethod 0x0000017e67f70310
Event: 39.890 Thread 0x0000017e7b07bb10 flushing  nmethod 0x0000017e680bf410
Event: 39.890 Thread 0x0000017e7b07bb10 flushing  nmethod 0x0000017e68372310
Event: 39.890 Thread 0x0000017e7b07bb10 flushing  nmethod 0x0000017e67e25c90
Event: 39.890 Thread 0x0000017e7b07bb10 flushing  nmethod 0x0000017e67fa0f90
Event: 39.890 Thread 0x0000017e7b07bb10 flushing  nmethod 0x0000017e6803dd90

Events (20 events):
Event: 34.565 Thread 0x0000017e45e79170 Thread exited: 0x0000017e45e79170
Event: 35.544 Thread 0x0000017e45e78aa0 Thread exited: 0x0000017e45e78aa0
Event: 35.603 Thread 0x0000017e45e79840 Thread exited: 0x0000017e45e79840
Event: 36.926 Thread 0x0000017e7b09d360 Thread added: 0x0000017e478e05a0
Event: 36.926 Thread 0x0000017e7b09d360 Thread added: 0x0000017e478e1340
Event: 38.243 Thread 0x0000017e478e1340 Thread exited: 0x0000017e478e1340
Event: 38.776 Thread 0x0000017e478e05a0 Thread exited: 0x0000017e478e05a0
Event: 39.909 Thread 0x0000017e7b09d360 Thread added: 0x0000017e7b386d90
Event: 39.909 Thread 0x0000017e7b09d360 Thread added: 0x0000017e7b3844b0
Event: 39.920 Thread 0x0000017e7b1c6720 Thread added: 0x0000017e45dbfa60
Event: 39.924 Thread 0x0000017e7b09d360 Thread added: 0x0000017e7b387460
Event: 39.997 Thread 0x0000017e7b09d360 Thread added: 0x0000017e7b385250
Event: 39.997 Thread 0x0000017e7b387460 Thread added: 0x0000017e45e79170
Event: 40.005 Thread 0x0000017e5d4c5140 Thread added: 0x0000017e46d34d70
Event: 40.005 Thread 0x0000017e5d4c5140 Thread added: 0x0000017e46d374d0
Event: 40.635 Thread 0x0000017e45dbfa60 Thread exited: 0x0000017e45dbfa60
Event: 40.661 Thread 0x0000017e46d374d0 Thread added: 0x0000017e5d768320
Event: 40.710 Thread 0x0000017e5d768320 Thread added: 0x0000017e4666fb00
Event: 40.943 Thread 0x0000017e46d374d0 Thread added: 0x0000017e4b2bd2f0
Event: 40.975 Thread 0x0000017e5d768320 Thread exited: 0x0000017e5d768320


Dynamic libraries:
0x00007ff606310000 - 0x00007ff60631e000 	C:\Users\kruz18\Programs\Jdks\temurin-21.0.8\bin\java.exe
0x00007ffa0e4e0000 - 0x00007ffa0e747000 	C:\WINDOWS\SYSTEM32\ntdll.dll
0x00007ffa0d170000 - 0x00007ffa0d239000 	C:\WINDOWS\System32\KERNEL32.DLL
0x00007ffa0bc70000 - 0x00007ffa0c067000 	C:\WINDOWS\System32\KERNELBASE.dll
0x00007ffa08690000 - 0x00007ffa08730000 	C:\WINDOWS\SYSTEM32\apphelp.dll
0x00007ffa0afa0000 - 0x00007ffa0b0eb000 	C:\WINDOWS\System32\ucrtbase.dll
0x00007ff9cebf0000 - 0x00007ff9cec0e000 	C:\Users\kruz18\Programs\Jdks\temurin-21.0.8\bin\VCRUNTIME140.dll
0x00007ff9cec10000 - 0x00007ff9cec28000 	C:\Users\kruz18\Programs\Jdks\temurin-21.0.8\bin\jli.dll
0x00007ffa0e2b0000 - 0x00007ffa0e476000 	C:\WINDOWS\System32\USER32.dll
0x00007ff9edc60000 - 0x00007ff9edef2000 	C:\WINDOWS\WinSxS\amd64_microsoft.windows.common-controls_6595b64144ccf1df_6.0.26100.8457_none_3e0b2faee331e92d\COMCTL32.dll
0x00007ffa0c840000 - 0x00007ffa0c8e9000 	C:\WINDOWS\System32\msvcrt.dll
0x00007ffa0bc40000 - 0x00007ffa0bc67000 	C:\WINDOWS\System32\win32u.dll
0x00007ffa0c260000 - 0x00007ffa0c28b000 	C:\WINDOWS\System32\GDI32.dll
0x00007ffa0c130000 - 0x00007ffa0c25c000 	C:\WINDOWS\System32\gdi32full.dll
0x00007ffa0ba10000 - 0x00007ffa0bab3000 	C:\WINDOWS\System32\msvcp_win.dll
0x00007ffa0d760000 - 0x00007ffa0d792000 	C:\WINDOWS\System32\IMM32.DLL
0x00007ffa02ad0000 - 0x00007ffa02adc000 	C:\Users\kruz18\Programs\Jdks\temurin-21.0.8\bin\vcruntime140_1.dll
0x00007ff981470000 - 0x00007ff9814fd000 	C:\Users\kruz18\Programs\Jdks\temurin-21.0.8\bin\msvcp140.dll
0x00007ff94c3e0000 - 0x00007ff94d177000 	C:\Users\kruz18\Programs\Jdks\temurin-21.0.8\bin\server\jvm.dll
0x00007ffa0cd90000 - 0x00007ffa0ce46000 	C:\WINDOWS\System32\ADVAPI32.dll
0x00007ffa0ced0000 - 0x00007ffa0cf77000 	C:\WINDOWS\System32\sechost.dll
0x00007ffa0cad0000 - 0x00007ffa0cbe8000 	C:\WINDOWS\System32\RPCRT4.dll
0x00007ffa0c3f0000 - 0x00007ffa0c470000 	C:\WINDOWS\System32\WS2_32.dll
0x00007ffa0ad70000 - 0x00007ffa0adce000 	C:\WINDOWS\SYSTEM32\POWRPROF.dll
0x00007ffa03360000 - 0x00007ffa0336b000 	C:\WINDOWS\SYSTEM32\VERSION.dll
0x00007ff9fa550000 - 0x00007ff9fa586000 	C:\WINDOWS\SYSTEM32\WINMM.dll
0x00007ffa0ad50000 - 0x00007ffa0ad64000 	C:\WINDOWS\SYSTEM32\UMPDC.dll
0x00007ffa09c30000 - 0x00007ffa09c4b000 	C:\WINDOWS\SYSTEM32\kernel.appcore.dll
0x00007ff9eb510000 - 0x00007ff9eb51a000 	C:\Users\kruz18\Programs\Jdks\temurin-21.0.8\bin\jimage.dll
0x00007ff9fb600000 - 0x00007ff9fb842000 	C:\WINDOWS\SYSTEM32\DBGHELP.DLL
0x00007ffa0c4b0000 - 0x00007ffa0c833000 	C:\WINDOWS\System32\combase.dll
0x00007ffa0e080000 - 0x00007ffa0e159000 	C:\WINDOWS\System32\OLEAUT32.dll
0x00007ff9f1070000 - 0x00007ff9f10ab000 	C:\WINDOWS\SYSTEM32\dbgcore.DLL
0x00007ffa0b0f0000 - 0x00007ffa0b198000 	C:\WINDOWS\System32\bcryptPrimitives.dll
0x00007ff9ce9d0000 - 0x00007ff9ce9ef000 	C:\Users\kruz18\Programs\Jdks\temurin-21.0.8\bin\java.dll
0x00007ffa0d7a0000 - 0x00007ffa0df0e000 	C:\WINDOWS\System32\SHELL32.dll
0x00007ffa0b1a0000 - 0x00007ffa0ba0c000 	C:\WINDOWS\System32\windows.storage.dll
0x00007ffa0df20000 - 0x00007ffa0e016000 	C:\WINDOWS\System32\SHCORE.dll
0x00007ffa0e160000 - 0x00007ffa0e1c6000 	C:\WINDOWS\System32\shlwapi.dll
0x00007ffa0ae30000 - 0x00007ffa0ae59000 	C:\WINDOWS\SYSTEM32\profapi.dll
0x00007ff95c0f0000 - 0x00007ff95c1c7000 	C:\Users\kruz18\Programs\Jdks\temurin-21.0.8\bin\jsvml.dll
0x00007ff9dc9b0000 - 0x00007ff9dc9c0000 	C:\Users\kruz18\Programs\Jdks\temurin-21.0.8\bin\net.dll
0x00007ffa02f10000 - 0x00007ffa03039000 	C:\WINDOWS\SYSTEM32\WINHTTP.dll
0x00007ffa0a180000 - 0x00007ffa0a1ec000 	C:\WINDOWS\system32\mswsock.dll
0x00007ff9ce8e0000 - 0x00007ff9ce8f6000 	C:\Users\kruz18\Programs\Jdks\temurin-21.0.8\bin\nio.dll
0x00007ff9ce8c0000 - 0x00007ff9ce8d8000 	C:\Users\kruz18\Programs\Jdks\temurin-21.0.8\bin\zip.dll
0x00007ff9cd860000 - 0x00007ff9cd869000 	C:\Users\kruz18\Programs\Jdks\temurin-21.0.8\bin\extnet.dll
0x00007ff9ca0b0000 - 0x00007ff9ca0be000 	C:\Users\kruz18\Programs\Jdks\temurin-21.0.8\bin\sunmscapi.dll
0x00007ffa0bac0000 - 0x00007ffa0bc38000 	C:\WINDOWS\System32\CRYPT32.dll
0x00007ffa0a710000 - 0x00007ffa0a740000 	C:\WINDOWS\SYSTEM32\ncrypt.dll
0x00007ffa0a6c0000 - 0x00007ffa0a6ff000 	C:\WINDOWS\SYSTEM32\NTASN1.dll
0x00007ff9cc3e0000 - 0x00007ff9cc3e8000 	C:\WINDOWS\system32\wshunix.dll
0x00007ffa0a580000 - 0x00007ffa0a59b000 	C:\WINDOWS\SYSTEM32\CRYPTSP.dll
0x00007ffa09b90000 - 0x00007ffa09bc9000 	C:\WINDOWS\system32\rsaenh.dll
0x00007ffa0a230000 - 0x00007ffa0a263000 	C:\WINDOWS\SYSTEM32\USERENV.dll
0x00007ffa0ae00000 - 0x00007ffa0ae2a000 	C:\WINDOWS\SYSTEM32\bcrypt.dll
0x00007ffa0a3e0000 - 0x00007ffa0a3ec000 	C:\WINDOWS\SYSTEM32\CRYPTBASE.dll
0x00007ffa09620000 - 0x00007ffa09652000 	C:\WINDOWS\SYSTEM32\IPHLPAPI.DLL
0x00007ffa0e290000 - 0x00007ffa0e29a000 	C:\WINDOWS\System32\NSI.dll
0x00007ff9d6580000 - 0x00007ff9d6590000 	C:\Users\kruz18\Programs\Jdks\temurin-21.0.8\bin\verify.dll
0x00007ff94d770000 - 0x00007ff94d8fe000 	C:\Users\kruz18\Programs\Jdks\temurin-21.0.8\bin\awt.dll
0x00007ffa08b70000 - 0x00007ffa08b9f000 	C:\WINDOWS\system32\DWMAPI.DLL
0x00007ffa088b0000 - 0x00007ffa0895a000 	C:\WINDOWS\system32\uxtheme.dll
0x00007ff94b660000 - 0x00007ff94c3d5000 	C:\Users\kruz18\.skiko\skiko-windows-x64-3ce1b2621ce4905333064341568d0e9493efc0d4971a63b096261c774bc6e5a8\skiko-windows-x64.dll
0x00007ffa0cfd0000 - 0x00007ffa0d167000 	C:\WINDOWS\System32\ole32.dll
0x00007ffa066a0000 - 0x00007ffa067a6000 	C:\WINDOWS\SYSTEM32\PROPSYS.dll
0x00007ffa0c290000 - 0x00007ffa0c3ec000 	C:\WINDOWS\System32\MSCTF.dll
0x00007ffa078a0000 - 0x00007ffa07b07000 	C:\WINDOWS\SYSTEM32\dwrite.dll
0x00007ff9db200000 - 0x00007ff9db212000 	C:\Users\kruz18\Programs\Jdks\temurin-21.0.8\bin\jsound.dll
0x00007ff953d40000 - 0x00007ff953dd4000 	C:\WINDOWS\SYSTEM32\DSOUND.dll
0x00007ff9e7510000 - 0x00007ff9e7547000 	C:\WINDOWS\SYSTEM32\winmmbase.dll
0x00007ff952430000 - 0x00007ff9524e1000 	C:\WINDOWS\SYSTEM32\ResampleDmo.DLL
0x00007ff9f14b0000 - 0x00007ff9f14be000 	C:\WINDOWS\SYSTEM32\msdmo.dll
0x00007ffa0e1d0000 - 0x00007ffa0e27e000 	C:\WINDOWS\System32\clbcatq.dll
0x00007ffa02520000 - 0x00007ffa025b9000 	C:\WINDOWS\System32\MMDevApi.dll
0x00007ffa0aa50000 - 0x00007ffa0aa7d000 	C:\WINDOWS\System32\DEVOBJ.dll
0x00007ffa0aa80000 - 0x00007ffa0aad1000 	C:\WINDOWS\SYSTEM32\cfgmgr32.dll
0x00007ff9d7e50000 - 0x00007ff9d7e97000 	C:\WINDOWS\SYSTEM32\wdmaud.drv
0x00007ff9d63c0000 - 0x00007ff9d63e3000 	C:\WINDOWS\SYSTEM32\wdmaud2.drv
0x00007ffa047e0000 - 0x00007ffa047eb000 	C:\WINDOWS\SYSTEM32\AVRT.dll
0x00007ff9f3440000 - 0x00007ff9f35f3000 	C:\WINDOWS\SYSTEM32\AUDIOSES.DLL
0x00007ff9eccf0000 - 0x00007ff9eccff000 	C:\WINDOWS\SYSTEM32\msacm32.drv
0x00007ff9c9c70000 - 0x00007ff9c9c91000 	C:\WINDOWS\SYSTEM32\MSACM32.dll
0x00007ff9eccc0000 - 0x00007ff9ecccc000 	C:\WINDOWS\SYSTEM32\midimap.dll
0x00007ffa08fa0000 - 0x00007ffa08fb4000 	C:\WINDOWS\SYSTEM32\resourcepolicyclient.dll
0x00007ff9f08d0000 - 0x00007ff9f0a2a000 	C:\Windows\System32\Windows.UI.dll

JVMTI agents: none

dbghelp: loaded successfully - version: 4.0.5 - missing functions: none
symbol engine: initialized successfully - sym options: 0x614 - pdb path: .;C:\Users\kruz18\Programs\Jdks\temurin-21.0.8\bin;C:\WINDOWS\SYSTEM32;C:\WINDOWS\WinSxS\amd64_microsoft.windows.common-controls_6595b64144ccf1df_6.0.26100.8457_none_3e0b2faee331e92d;C:\Users\kruz18\Programs\Jdks\temurin-21.0.8\bin\server;C:\Users\kruz18\.skiko\skiko-windows-x64-3ce1b2621ce4905333064341568d0e9493efc0d4971a63b096261c774bc6e5a8

VM Arguments:
jvm_args: -Dorg.gradle.internal.worker.tmpdir=C:\Users\kruz18\IdeaProjects\NotePen2\reflow\impl\build\tmp\jvmTest\work -Xmx512m -Dfile.encoding=UTF-8 -Duser.country=RU -Duser.language=ru -Duser.variant -ea 
java_command: worker.org.gradle.process.internal.worker.GradleWorkerMain 'Gradle Test Executor 7'
java_class_path (initial): C:\\Users\\kruz18\\.gradle\\caches\\9.5.1\\workerMain\\gradle-worker.jar;C:\\Users\\kruz18\\IdeaProjects\\NotePen2\\reflow\\impl\\build\\classes\\kotlin\\jvm\\test;C:\\Users\\kruz18\\IdeaProjects\\NotePen2\\reflow\\impl\\build\\processedResources\\jvm\\test;C:\\Users\\kruz18\\IdeaProjects\\NotePen2\\reflow\\impl\\build\\classes\\kotlin\\jvm\\main;C:\\Users\\kruz18\\IdeaProjects\\NotePen2\\reflow\\impl\\build\\processedResources\\jvm\\main;C:\\Users\\kruz18\\IdeaProjects\\NotePen2\\reflow\\api\\build\\libs\\api-jvm.jar;C:\\Users\\kruz18\\IdeaProjects\\NotePen2\\app\\byCompose\\uikit\\build\\libs\\uikit-jvm.jar;C:\\Users\\kruz18\\IdeaProjects\\NotePen2\\drawing\\api\\build\\libs\\api-jvm.jar;C:\\Users\\kruz18\\IdeaProjects\\NotePen2\\app\\byCompose\\blur\\build\\libs\\blur-jvm.jar;C:\\Users\\kruz18\\.gradle\\caches\\modules-2\\files-2.1\\org.jetbrains.kotlin\\kotlin-test-junit\\2.3.21\\f87baf7e8c276421a71f3b13d9b8a4622766025a\\kotlin-test-junit-2.3.21.jar;C:\\Users\\kruz18\\.gradle\\caches\\modules-2\\files-2.1\\org.jetbrains.kotlin\\kotlin-test\\2.3.21\\8579caa50cab9f55a3a91658c2e4db914675352f\\kotlin-test-2.3.21.jar;C:\\Users\\kruz18\\IdeaProjects\\NotePen2\\app\\byCompose\\theme\\build\\libs\\theme-jvm.jar;C:\\Users\\kruz18\\.gradle\\caches\\modules-2\\files-2.1\\org.jetbrains.compose.material3\\material3-desktop\\1.9.0\\19004c4eb3dc6618eb66a076bbe3d7e1a2e7b85\\material3-desktop-1.9.0.jar;C:\\Users\\kruz18\\.gradle\\caches\\modules-2\\files-2.1\\org.jetbrains.compose.components\\components-resources-desktop\\1.11.0\\f4eb52d87f31584dacdb816a26376f39a1802e8a\\library-desktop-1.11.0.jar;C:\\Users\\kruz18\\.gradle\\caches\\modules-2\\files-2.1\\io.github.takahirom.roborazzi\\roborazzi-compose-desktop-desktop\\1.63.0\\87966b9db242e860e7ae499fe58cb10fe60973a5\\roborazzi-compose-desktop-desktop.jar;C:\\Users\\kruz18\\.gradle\\caches\\modules-2\\files-2.1\\org.jetbrains.compose.desktop\\desktop-jvm\\1.11.0\\1fee826ff9d1fafd500b57a22facfc0236bc14c7\\desktop-jvm-1.11.0.jar;C:\\Users\\kruz18\\.gradle\\caches\\modules-2\\files-2.1\\org.jetbrains.compose.material\\material-desktop\\1.11.0\\2891a6f3a62dc4c367636a521d1b680a7d6ff6d\\material-desktop-1.11.0.jar;C:\\Users\\kruz18\\.gradle\\caches\\modules-2\\files-2.1\\org.jetbrains.compose.animation\\animation-core-desktop\\1.11.0\\1bf633ecd1a38a1cf7a41630bc56cba0da9cc25b\\animation-core-desktop-1.11.0.jar;C:\\Users\\kruz18\\.gradle\\caches\\modules-2\\files-2.1\\org.jetbrains.compose.material\\material-ripple-desktop\\1.11.0\\ae97a5eeb23bc3f461bc3e16e2a9882175405d17\\material-ripple-desktop-1.11.0.jar;C:\\Users\\kruz18\\.gradle\\caches\\modules-2\\files-2.1\\org.jetbrains.compose.animation\\animation-desktop\\1.11.0\\f873fb28f1a08d45a4dd20a0130b3da8cadf383c\\animation-desktop-1.11.0.jar;C:\\Users\\kruz18\\.gradle\\caches\\modules-2\\files-2.1\\org.jetbrains.compose.foundation\\foundation-layout-desktop\\1.11.0\\853fc5d01388da6515ce40b719798914012f6469\\foundation-layout-desktop-1.11.0.jar;C:\\Users\\kruz18\\.gradle\\caches\\modules-2\\files-2.1\\org.jetbrains.compose.foundation\\foundation-desktop\\1.11.0\\6df316e7af2c0c97f200de289925f62ca8fce53d\\foundation-desktop-1.11.0.jar;C:\\Users\\kruz18\\.gradle\\caches\\modules-2\\files-2.1\\org.jetbrains.compose.ui\\ui-test-junit4-desktop\\1.10.3\\d79788278e7d36ad808b4148a5094c0b85ae9240\\ui-test-junit4-desktop-1.10.3.jar;C:\\Users\\kruz18\\.gradle\\caches\\modules-2\\files-2.1\\org.jetbrains.compose.ui\\ui-tooling-preview-desktop\\1.11.0\\97ec578d33adc34adcaa63e9af7bb2328c6c29b7\\ui-tooling-preview-desktop-1.11.0.jar;C:\\Users\\kruz18\\.gradle\\caches\\modules-2\\files-2.1\\org.jetbrains.compose.ui\\ui-unit-desktop\\1.11.0\\f6c06f98da206d01dc40c1587c6bc4c40cbef623\\ui-unit-desktop-1.11.0.jar;C:\\Users\\kruz18\\.gradle\\caches\\modules-2\\files-2.1\\org.jetbrains.compose.ui\\ui-graphics-desktop\\1.11.0\\6ea106d02adf29694eedf12fdfb621947d3621bf\\ui-graphics-desktop-1.11.0.jar;C:\\Users\\kruz18\\.gradle\\caches\\modules-2\\files-2.1\\org.jetbrains.compose.ui\\ui-geometry-desktop\\1.11.0\\5e430152487375359973ac9874653d335dcc220\\ui-geometry-desktop-1.11.0.jar;C:\\Users\\kruz18\\.gradle\\caches\\modules-2\\files-2.1\\org.jetbrains.compose.ui\\ui-backhandler-desktop\\1.11.0\\bd3540bb1d6abd60c5e58f32663b2f3e89406cd1\\ui-backhandler-desktop-1.11.0.jar;C:\\Users\\kruz18\\.gradle\\caches\\modules-2\\files-2.1\\org.jetbrains.compose.ui\\ui-util-desktop\\1.11.0\\4302c582878b82ab24e1f34e6e90f967f7b416ed\\ui-util-desktop-1.11.0.jar;C:\\Users\\kruz18\\.gradle\\caches\\modules-2\\files-2.1\\org.jetbrains.compose.ui\\ui-text-desktop\\1.11.0\\6ded685e2601260d6231c859a849b96ee6c60368\\ui-text-desktop-1.11.0.jar;C:\\Users\\kruz18\\.gradle\\caches\\modules-2\\files-2.1\\org.jetbrains.compose.ui\\ui-test-desktop\\1.11.0\\af9676309d288e6786fcd931c15274a4d9a8fabe\\ui-test-desktop-1.11.0.jar;C:\\Users\\kruz18\\.gradle\\caches\\modules-2\\files-2.1\\org.jetbrains.compose.ui\\ui-desktop\\1.11.0\\25db30fe824f0e7455ccf7a9455a69ce6f609e6c\\ui-desktop-1.11.0.jar;C:\\Users\\kruz18\\.gradle\\caches\\modules-2\\files-2.1\\androidx.navigationevent\\navigationevent-desktop\\1.0.1\\ddb1e7fe97ed51c3d35bba493f97fcf12398719\\navigationevent-desktop-1.0.1.jar;C:\\Users\\kruz18\\.gradle\\caches\\modules-2\\files-2.1\\org.jetbrains.compose.runtime\\runtime-saveable-desktop\\1.11.0\\b7c8a8ed985a0f15b4d8d206de1fc6125b499388\\runtime-saveable-desktop-1.11.0.jar;C:\\Users\\kruz18\\.gradle\\caches\\modules-2\\files-2.1\\androidx.compose.runtime\\runtime-saveable-desktop\\1.11.1\\1618fae89791692a224fe7aa79edbd7a8f5b7522\\runtime-saveable-desktop-1.11.1.jar;C:\\Users\\kruz18\\.gradle\\caches\\modules-2\\files-2.1\\androidx.compose.runtime\\runtime-annotation-jvm\\1.11.1\\db4aa964627ac96331b72e231b9ad54318d112f4\\runtime-annotation-jvm-1.11.1.jar;C:\\Users\\kruz18\\.gradle\\caches\\modules-2\\files-2.1\\androidx.compose.runtime\\runtime-retain-desktop\\1.11.1\\3aa3ec26ef2a3d26bc556b51b33d09efc1a198e8\\runtime-retain-desktop-1.11.1.jar;C:\\Users\\kruz18\\.gradle\\caches\\modules-2\\files-2.1\\org.jetbrains.androidx.savedstate\\savedstate-compose-desktop\\1.3.6\\63692375ffe667f12cb3ea8aa1e605d659ed2add\\savedstate-compose-desktop-1.3.6.jar;C:\\Users\\kruz18\\.gradle\\caches\\modules-2\\files-2.1\\org.jetbrains.androidx.lifecycle\\lifecycle-runtime-compose-desktop\\2.9.6\\7b6b6793f3c4c5996b20d1d99cf728e5fac00364\\lifecycle-runtime-compose-desktop-2.9.6.jar;C:\\Users\\kruz18\\.gradle\\caches\\modules-2\\files-2.1\\androidx.lifecycle\\lifecycle-runtime-desktop\\2.9.4\\1cc820319ec0139e76b8a2fe4be0b356b4e624c4\\lifecycle-runtime-desktop-2.9.4.jar;C:\\Users\\kruz18\\.gradle\\caches\\modules-2\\files-2.1\\androidx.lifecycle\\lifecycle-common-jvm\\2.9.4\\ab739bccdb3541983385af169565c7c035d897e7\\lifecycle-common-jvm-2.9.4.jar;C:\\Users\\kruz18\\.gradle\\caches\\modules-2\\files-2.1\\androidx.lifecycle\\lifecycle-runtime-compose-desktop\\2.9.4\\86a4ffec845d4e488078118a0b5095bd1fabcafe\\lifecycle-runtime-compose-desktop-2.9.4.jar;C:\\Users\\kruz18\\.gradle\\caches\\modules-2\\files-2.1\\androidx.lifecycle\\lifecycle-viewmodel-desktop\\2.9.4\\93fee6d78f0df0e38f36e0fa2eff74f8da6d5481\\lifecycle-viewmodel-desktop-2.9.4.jar;C:\\Users\\kruz18\\.gradle\\caches\\modules-2\\files-2.1\\androidx.lifecycle\\lifecycle-viewmodel-savedstate-desktop\\2.9.4\\72a1919b08c5a4da224d8a65ce1589aa69934e8a\\lifecycle-viewmodel-savedstate-desktop-2.9.4.jar;C:\\Users\\kruz18\\.gradle\\caches\\modules-2\\files-2.1\\androidx.savedstate\\savedstate-desktop\\1.4.0\\3b049a0f81643d6b4b900de95bc23efc085c32d5\\savedstate-desktop-1.4.0.jar;C:\\Users\\kruz18\\.gradle\\caches\\modules-2\\files-2.1\\androidx.savedstate\\savedstate-compose-desktop\\1.4.0\\d3d6e0e2108528eb6080dc250da925a572be4202\\savedstate-compose-desktop-1.4.0.jar;C:\\Users\\kruz18\\.gradle\\caches\\modules-2\\files-2.1\\androidx.compose.runtime\\runtime-desktop\\1.11.1\\d778cba765eaed705d37ddd06542a01369fcbb16\\runtime-desktop-1.11.1.jar;C:\\Users\\kruz18\\.gradle\\caches\\modules-2\\files-2.1\\org.jetbrains.compose.runtime\\runtime-desktop\\1.11.0\\1941336b045aac4b87cc3be81d9fdb9977c88c61\\runtime-desktop-1.11.0.jar;C:\\Users\\kruz18\\.gradle\\caches\\modules-2\\files-2.1\\io.github.oshai\\kotlin-logging-jvm\\7.0.13\\59500693668b6c70e9580c651298734054d20284\\kotlin-logging-jvm-7.0.13.jar;C:\\Users\\kruz18\\.gradle\\caches\\modules-2\\files-2.1\\org.jetbrains.kotlinx\\kotlinx-coroutines-test-jvm\\1.10.2\\deb87732ba15dc455f08af4b120fca0d96d6cb5f\\kotlinx-coroutines-test-jvm-1.10.2.jar;C:\\Users\\kruz18\\.gradle\\caches\\modules-2\\files-2.1\\org.jetbrains.skiko\\skiko-awt-runtime-windows-x64\\0.144.6\\6f04ac6776aa0cba95b4232e8e174bea5051c4fd\\skiko-awt-runtime-windows-x64-0.144.6.jar;C:\\Users\\kruz18\\.gradle\\caches\\modules-2\\files-2.1\\org.jetbrains.skiko\\skiko-awt-runtime-macos-arm64\\0.144.6\\fa12044f1775530103fd37e71f7bf5398a1d735d\\skiko-awt-runtime-macos-arm64-0.144.6.jar;C:\\Users\\kruz18\\.gradle\\caches\\modules-2\\files-2.1\\org.jetbrains.skiko\\skiko-awt\\0.144.6\\c9bec39e3c517ed5591c71c7db0cbbe64b6be849\\skiko-awt-0.144.6.jar;C:\\Users\\kruz18\\.gradle\\caches\\modules-2\\files-2.1\\org.jetbrains.kotlinx\\kotlinx-coroutines-core-jvm\\1.10.2\\4a9f78ef49483748e2c129f3d124b8fa249dafbf\\kotlinx-coroutines-core-jvm-1.10.2.jar;C:\\Users\\kruz18\\.gradle\\caches\\modules-2\\files-2.1\\io.github.takahirom.roborazzi\\roborazzi-painter-jvm\\1.63.0\\bf3fa7f7b72ec80d60e16ca5080c7c097fa23883\\roborazzi-painter-jvm.jar;C:\\Users\\kruz18\\.gradle\\caches\\modules-2\\files-2.1\\io.github.takahirom.roborazzi\\roborazzi-core-jvm\\1.63.0\\d0bd28cc417e24f02708b60743591c7b025fdbb\\roborazzi-core-jvm.jar;C:\\Users\\kruz18\\.gradle\\caches\\modules-2\\files-2.1\\org.jetbrains.kotlinx\\kotlinx-serialization-json-jvm\\1.7.3\\6701e8c68d9e82387ce72ee96e8ddf058208d58f\\kotlinx-serialization-json-jvm-1.7.3.jar;C:\\Users\\kruz18\\.gradle\\caches\\modules-2\\files-2.1\\org.jetbrains.kotlinx\\kotlinx-serialization-core-jvm\\1.7.3\\1f226780b845ff9206474c05159245d861556249\\kotlinx-serialization-core-jvm-1.7.3.jar;C:\\Users\\kruz18\\.gradle\\caches\\modules-2\\files-2.1\\org.jetbrains.compose.components\\components-ui-tooling-preview-desktop\\1.11.0\\b1cf782605b572c79f636e7ccc36393d1be8db49\\library-desktop-1.11.0.jar;C:\\Users\\kruz18\\.gradle\\caches\\modules-2\\files-2.1\\androidx.collection\\collection-jvm\\1.5.0\\7ba2c69414d46ebc2dd76598bdd0a75c54281a57\\collection-jvm-1.5.0.jar;C:\\Users\\kruz18\\.gradle\\caches\\modules-2\\files-2.1\\org.jetbrains.kotlinx\\atomicfu-jvm\\0.28.0\\6a9ac536f4b2144e57c176fd4e26821eb12084f4\\atomicfu-jvm-0.28.0.jar;C:\\Users\\kruz18\\.gradle\\caches\\modules-2\\files-2.1\\androidx.arch.core\\core-common\\2.2.0\\5e1b8b81dfd5f52c56a8d53b18ca759c19a301f3\\core-common-2.2.0.jar;C:\\Users\\kruz18\\.gradle\\caches\\modules-2\\files-2.1\\androidx.annotation\\annotation-jvm\\1.9.1\\b17951747e38bf3986a24431b9ba0d039958aa5f\\annotation-jvm-1.9.1.jar;C:\\Users\\kruz18\\.gradle\\caches\\modules-2\\files-2.1\\org.jetbrains.kotlinx\\kotlinx-datetime-jvm\\0.7.1\\81c2e0246bd28cc2dcbdf0ab53628322e66a9de9\\kotlinx-datetime-jvm-0.7.1.jar;C:\\Users\\kruz18\\.gradle\\caches\\modules-2\\files-2.1\\com.dropbox.differ\\differ-jvm\\0.3.0\\1fc0656a44bf48b466414a6167c675a1e84e4703\\differ-jvm-0.3.0.jar;C:\\Users\\kruz18\\.gradle\\caches\\modules-2\\files-2.1\\org.jetbrains.kotlinx\\kotlinx-io-core-jvm\\0.3.3\\66d09333cd60ba1c48c9b906b3a888112653d252\\kotlinx-io-core-jvm-0.3.3.jar;C:\\Users\\kruz18\\.gradle\\caches\\modules-2\\files-2.1\\org.jetbrains.kotlinx\\kotlinx-io-bytestring-jvm\\0.3.3\\aaa11306c241f7ab75346f03c3849cf5f5c308f5\\kotlinx-io-bytestring-jvm-0.3.3.jar;C:\\Users\\kruz18\\.gradle\\caches\\modules-2\\files-2.1\\org.jetbrains.kotlin\\kotlin-stdlib\\2.3.21\\a2ee2c4e220fee522f0451b723bab2a43f3481a7\\kotlin-stdlib-2.3.21.jar;C:\\Users\\kruz18\\.gradle\\caches\\modules-2\\files-2.1\\org.slf4j\\slf4j-simple\\2.0.17\\9872a3fd794ffe7b18d17747926a64d61526ca96\\slf4j-simple-2.0.17.jar;C:\\Users\\kruz18\\.gradle\\caches\\modules-2\\files-2.1\\org.slf4j\\slf4j-api\\2.0.17\\d9e58ac9c7779ba3bf8142aff6c830617a7fe60f\\slf4j-api-2.0.17.jar;C:\\Users\\kruz18\\.gradle\\caches\\modules-2\\files-2.1\\org.apache.pdfbox\\pdfbox\\3.0.5\\c34109061c3a0d85d871d9edc469ac0682f81856\\pdfbox-3.0.5.jar;C:\\Users\\kruz18\\.gradle\\caches\\modules-2\\files-2.1\\org.jetbrains\\annotations\\23.0.0\\8cc20c07506ec18e0834947b84a864bfc094484e\\annotations-23.0.0.jar;C:\\Users\\kruz18\\.gradle\\caches\\modules-2\\files-2.1\\org.apache.pdfbox\\fontbox\\3.0.5\\b4a068e1dba2b9832a108cdf6e9a3249680e3ce8\\fontbox-3.0.5.jar;C:\\Users\\kruz18\\.gradle\\caches\\modules-2\\files-2.1\\org.apache.pdfbox\\pdfbox-io\\3.0.5\\402151a8d1aa427ea879cc7160e9227e9f5088ba\\pdfbox-io-3.0.5.jar;C:\\Users\\kruz18\\.gradle\\caches\\modules-2\\files-2.1\\commons-logging\\commons-logging\\1.3.5\\a3fcc5d3c29b2b03433aa2d2f2d2c1b1638924a1\\commons-logging-1.3.5.jar;C:\\Users\\kruz18\\.gradle\\caches\\modules-2\\files-2.1\\org.jetbrains.runtime\\jbr-api\\1.9.0\\2bc161f5472b5fd5610740e4d6ebe896c811cb0e\\jbr-api-1.9.0.jar;C:\\Users\\kruz18\\.gradle\\caches\\modules-2\\files-2.1\\com.google.truth\\truth\\1.0.1\\361459309085bd9441cb97b62f160e8b353a93c0\\truth-1.0.1.jar;C:\\Users\\kruz18\\.gradle\\caches\\modules-2\\files-2.1\\junit\\junit\\4.13.2\\8ac9e16d933b6fb43bc7f576336b8f4d7eb5ba12\\junit-4.13.2.jar;C:\\Users\\kruz18\\.gradle\\caches\\modules-2\\files-2.1\\org.hamcrest\\hamcrest-core\\1.3\\42a25dc3219429f0e5d060061f71acb49bf010a0\\hamcrest-core-1.3.jar;C:\\Users\\kruz18\\.gradle\\caches\\modules-2\\files-2.1\\com.google.guava\\guava\\28.1-android\\c2526f8fad32a65a6d7032dd8e9524eb276b108b\\guava-28.1-android.jar;C:\\Users\\kruz18\\.gradle\\caches\\modules-2\\files-2.1\\org.checkerframework\\checker-compat-qual\\2.5.5\\435dc33e3019c9f019e15f01aa111de9d6b2b79c\\checker-compat-qual-2.5.5.jar;C:\\Users\\kruz18\\.gradle\\caches\\modules-2\\files-2.1\\com.googlecode.java-diff-utils\\diffutils\\1.3.0\\7e060dd5b19431e6d198e91ff670644372f60fbd\\diffutils-1.3.0.jar;C:\\Users\\kruz18\\.gradle\\caches\\modules-2\\files-2.1\\com.google.auto.value\\auto-value-annotations\\1.6.3\\b88c1bb7f149f6d2cc03898359283e57b08f39cc\\auto-value-annotations-1.6.3.jar;C:\\Users\\kruz18\\.gradle\\caches\\modules-2\\files-2.1\\com.google.errorprone\\error_prone_annotations\\2.3.3\\42aa5155a54a87d70af32d4b0d06bf43779de0e2\\error_prone_annotations-2.3.3.jar;C:\\Users\\kruz18\\.gradle\\caches\\modules-2\\files-2.1\\com.google.guava\\failureaccess\\1.0.1\\1dcf1de382a0bf95a3d8b0849546c88bac1292c9\\failureaccess-1.0.1.jar;C:\\Users\\kruz18\\.gradle\\caches\\modules-2\\files-2.1\\com.google.guava\\listenablefuture\\9999.0-empty-to-avoid-conflict-with-guava\\b421526c5f297295adef1c886e5246c39d4ac629\\listenablefuture-9999.0-empty-to-avoid-conflict-with-guava.jar;C:\\Users\\kruz18\\.gradle\\caches\\modules-2\\files-2.1\\com.google.code.findbugs\\jsr305\\3.0.2\\25ea2e8b0c338a877313bd4672d3fe056ea78f0d\\jsr305-3.0.2.jar;C:\\Users\\kruz18\\.gradle\\caches\\modules-2\\files-2.1\\com.google.j2objc\\j2objc-annotations\\1.3\\ba035118bc8bac37d7eff77700720999acd9986d\\j2objc-annotations-1.3.jar;C:\\Users\\kruz18\\.gradle\\caches\\modules-2\\files-2.1\\org.codehaus.mojo\\animal-sniffer-annotations\\1.18\\f7aa683ea79dc6681ee9fb95756c999acbb62f5d\\animal-sniffer-annotations-1.18.jar;C:\\Users\\kruz18\\.gradle\\caches\\modules-2\\files-2.1\\org.jspecify\\jspecify\\1.0.0\\7425a601c1c7ec76645a78d22b8c6a627edee507\\jspecify-1.0.0.jar
Launcher Type: SUN_STANDARD

[Global flags]
     intx CICompilerCount                          = 12                                        {product} {ergonomic}
     uint ConcGCThreads                            = 3                                         {product} {ergonomic}
     uint G1ConcRefinementThreads                  = 13                                        {product} {ergonomic}
   size_t G1HeapRegionSize                         = 1048576                                   {product} {ergonomic}
    uintx GCDrainStackTargetSize                   = 64                                        {product} {ergonomic}
   size_t InitialHeapSize                          = 536870912                                 {product} {ergonomic}
   size_t MarkStackSize                            = 4194304                                   {product} {ergonomic}
   size_t MaxHeapSize                              = 536870912                                 {product} {command line}
   size_t MaxNewSize                               = 321912832                                 {product} {ergonomic}
   size_t MinHeapDeltaBytes                        = 1048576                                   {product} {ergonomic}
   size_t MinHeapSize                              = 8388608                                   {product} {ergonomic}
    uintx NonNMethodCodeHeapSize                   = 7602480                                {pd product} {ergonomic}
    uintx NonProfiledCodeHeapSize                  = 122027880                              {pd product} {ergonomic}
    uintx ProfiledCodeHeapSize                     = 122027880                              {pd product} {ergonomic}
    uintx ReservedCodeCacheSize                    = 251658240                              {pd product} {ergonomic}
     bool SegmentedCodeCache                       = true                                      {product} {ergonomic}
   size_t SoftMaxHeapSize                          = 536870912                              {manageable} {ergonomic}
     bool UseCompressedOops                        = true                           {product lp64_product} {ergonomic}
     bool UseG1GC                                  = true                                      {product} {ergonomic}
     bool UseLargePagesIndividualAllocation        = false                                  {pd product} {ergonomic}

Logging:
Log output configuration:
 #0: stdout all=warning uptime,level,tags foldmultilines=false
 #1: stderr all=off uptime,level,tags foldmultilines=false

Environment Variables:
JAVA_HOME=C:\Users\kruz18\Programs\Jdks\temurin-21.0.8
PATH=C:\Program Files\WindowsApps\Microsoft.PowerShell_7.6.2.0_x64__8wekyb3d8bbwe;C:\Users\kruz18\.codex\tmp\arg0\codex-arg0J11OxP;C:\WINDOWS\system32;C:\WINDOWS;C:\WINDOWS\System32\Wbem;C:\WINDOWS\System32\WindowsPowerShell\v1.0\;C:\WINDOWS\System32\OpenSSH\;C:\Program Files\WireGuard\;C:\Program Files\Docker\Docker\resources\bin;C:\Program Files\nodejs\;C:\Program Files\GitHub CLI\;C:\Program Files\dotnet\;C:\Users\kruz18\AppData\Local\Programs\Python\Python312\Scripts\;C:\Users\kruz18\AppData\Local\Programs\Python\Python312\;C:\Users\kruz18\AppData\Local\Programs\Python\Launcher\;C:\Users\kruz18\.local\bin;C:\Users\kruz18\AppData\Local\Microsoft\WindowsApps;C:\Users\kruz18\AppData\Local\JetBrains\Toolbox\scripts;C:\Users\kruz18\Programs\Jdks\temurin-21.0.8\bin;C:\Users\kruz18\Programs\Gradle\gradle-9.0.0\bin;C:\Users\kruz18\AppData\Local\Programs\Git\cmd;C:\Users\kruz18\Programs\VScode\Microsoft VS Code\bin;C:\Users\kruz18\AppData\Local\PowerToys\DSCModules\;C:\Users\kruz18\AppData\Local\Programs\Ollama;C:\Users\kruz18\AppData\Roaming\npm;C:\Users\kruz18\AppData\Local\Programs\cursor\resources\app\bin;C:\Users\kruz18\AppData\Local\Programs\Windsurf\bin;C:\Users\kruz18\AppData\Local\Microsoft\WinGet\Packages\astral-sh.ruff_Microsoft.Winget.Source_8wekyb3d8bbwe;C:\Users\kruz18\AppData\Local\Microsoft\WinGet\Packages\astral-sh.uv_Microsoft.Winget.Source_8wekyb3d8bbwe;C:\Users\kruz18\AppData\Local\Programs\Zed\bin;C:\Users\kruz18\AppData\Local\Pandoc\;C:\Users\kruz18\AppData\Local\Microsoft\WinGet\Packages\Typst.Typst_Microsoft.Winget.Source_8wekyb3d8bbwe\typst-x86_64-pc-windows-msvc;C:\Users\kruz18\AppData\Local\Programs\MiKTeX\miktex\bin\x64\;C:\Users\kruz18\AppData\Local\Programs\MiKTeX2\miktex\bin\x64\;C:\Users\kruz18\AppData\Local\Microsoft\WinGet\Packages\BurntSushi.ripgrep.MSVC_Microsoft.Winget.Source_8wekyb3d8bbwe\ripgrep-15.1.0-x86_64-pc-windows-msvc;C:\Users\kruz18\AppData\Local\OpenAI\Codex\bin\ada252862d154cdd;C:\Program Files\WindowsApps\OpenAI.Codex_26.602.4764.0_x64__2p2nqsd0c76g0\app\resources
USERNAME=kruz18
SHELL=C:\WINDOWS\System32\WindowsPowerShell\v1.0\powershell.exe
OS=Windows_NT
PROCESSOR_IDENTIFIER=AMD64 Family 25 Model 33 Stepping 2, AuthenticAMD
TMP=C:\Users\kruz18\AppData\Local\Temp
TEMP=C:\Users\kruz18\AppData\Local\Temp




Periodic native trim disabled

---------------  S Y S T E M  ---------------

OS:
 Windows 11 , 64 bit Build 26100 (10.0.26100.8328)
OS uptime: 4 days 1:36 hours
Hyper-V role detected

CPU: total 16 (initial active 16) (16 cores per cpu, 2 threads per core) family 25 model 33 stepping 2 microcode 0xa20120e, cx8, cmov, fxsr, ht, mmx, 3dnowpref, sse, sse2, sse3, ssse3, sse4a, sse4.1, sse4.2, popcnt, lzcnt, tsc, tscinvbit, avx, avx2, aes, erms, clmul, bmi1, bmi2, adx, sha, fma, vzeroupper, clflush, clflushopt, hv, rdtscp, rdpid, fsrm, f16c, cet_ss
Processor Information for the first 16 processors :
  Max Mhz: 3401, Current Mhz: 3401, Mhz Limit: 3401

Memory: 4k page, system-wide physical 65455M (33509M free)
TotalPageFile size 69551M (AvailPageFile size 32605M)
current process WorkingSet (physical memory assigned to process): 824M, peak: 825M
current process commit charge ("private bytes"): 876M, peak: 876M

vm_info: OpenJDK 64-Bit Server VM (21.0.8+9-LTS) for windows-amd64 JRE (21.0.8+9-LTS), built on 2025-07-15T00:00:00Z by "admin" with MS VC++ 17.7 (VS2022)

END.
