#
# A fatal error has been detected by the Java Runtime Environment:
#
#  EXCEPTION_ACCESS_VIOLATION (0xc0000005) at pc=0x00007ff8515ec3d6, pid=12560, tid=21824
#
# JRE version: OpenJDK Runtime Environment Temurin-21.0.8+9 (21.0.8+9) (build 21.0.8+9-LTS)
# Java VM: OpenJDK 64-Bit Server VM Temurin-21.0.8+9 (21.0.8+9-LTS, mixed mode, sharing, tiered, compressed oops, compressed class ptrs, g1 gc, windows-amd64)
# Problematic frame:
# C  [skiko-windows-x64.dll+0xec3d6]
#
# No core dump will be written. Minidumps are not enabled by default on client versions of Windows
#
# If you would like to submit a bug report, please visit:
#   https://github.com/adoptium/adoptium-support/issues
# The crash happened outside the Java Virtual Machine in native code.
# See problematic frame for where to report the bug.
#

---------------  S U M M A R Y ------------

Command Line: -Dorg.gradle.internal.worker.tmpdir=C:\Users\kruz18\IdeaProjects\NotePen2\reflow\impl\build\tmp\jvmTest\work -Xmx512m -Dfile.encoding=UTF-8 -Duser.country=RU -Duser.language=ru -Duser.variant -ea worker.org.gradle.process.internal.worker.GradleWorkerMain 'Gradle Test Executor 10'

Host: AMD Ryzen 7 5700X 8-Core Processor             , 16 cores, 63G,  Windows 11 , 64 bit Build 26100 (10.0.26100.8328)
Time: Sun Jun  7 18:17:48 2026 elapsed time: 43.357385 seconds (0d 0h 0m 43s)

---------------  T H R E A D  ---------------

Current thread (0x0000024d1a2b74d0):  JavaThread "DefaultDispatcher-worker-1 @coroutine#965" daemon [_thread_in_native, id=21824, stack(0x000000717c800000,0x000000717c900000) (1024K)]

Stack: [0x000000717c800000,0x000000717c900000],  sp=0x000000717c8fdd90,  free space=1015k
Native frames: (J=compiled Java code, j=interpreted, Vv=VM code, C=native code)
C  [skiko-windows-x64.dll+0xec3d6]

Java frames: (J=compiled Java code, j=interpreted, Vv=VM code)
j  org.jetbrains.skia.paragraph.FontCollectionKt._nFindTypefaces(JLjava/lang/Object;II)J+0
j  org.jetbrains.skia.paragraph.FontCollectionKt.access$_nFindTypefaces(JLjava/lang/Object;II)J+5
j  org.jetbrains.skia.paragraph.FontCollection.findTypefaces([Ljava/lang/String;Lorg/jetbrains/skia/FontStyle;)[Lorg/jetbrains/skia/Typeface;+61
j  androidx.compose.ui.text.platform.FontCache.loadPlatformTypes-RetOiIg$ui_text(Landroidx/compose/ui/text/font/FontFamily;Landroidx/compose/ui/text/font/FontWeight;I)Landroidx/compose/ui/text/platform/FontLoadResult;+58
j  androidx.compose.ui.text.font.SkiaFontLoader.loadPlatformTypes-RetOiIg$ui_text(Landroidx/compose/ui/text/font/FontFamily;Landroidx/compose/ui/text/font/FontWeight;I)Landroidx/compose/ui/text/platform/FontLoadResult;+7
j  androidx.compose.ui.text.font.PlatformFontFamilyTypefaceAdapter.resolve(Landroidx/compose/ui/text/font/TypefaceRequest;Landroidx/compose/ui/text/font/PlatformFontLoader;Lkotlin/jvm/functions/Function1;Lkotlin/jvm/functions/Function1;)Landroidx/compose/ui/text/font/TypefaceResult;+52
j  androidx.compose.ui.text.font.FontFamilyResolverImpl.resolve$lambda$0(Landroidx/compose/ui/text/font/FontFamilyResolverImpl;Landroidx/compose/ui/text/font/TypefaceRequest;Lkotlin/jvm/functions/Function1;)Landroidx/compose/ui/text/font/TypefaceResult;+36
j  androidx.compose.ui.text.font.FontFamilyResolverImpl$$Lambda+0x0000024cd5357bb8.invoke(Ljava/lang/Object;)Ljava/lang/Object;+12
J 8576 c1 androidx.compose.ui.text.font.TypefaceRequestCache.runCached(Landroidx/compose/ui/text/font/TypefaceRequest;Lkotlin/jvm/functions/Function1;)Landroidx/compose/runtime/State; (214 bytes) @ 0x0000024cc08cff64 [0x0000024cc08cf700+0x0000000000000864]
J 8574 c1 androidx.compose.ui.text.font.FontFamilyResolverImpl.resolve(Landroidx/compose/ui/text/font/TypefaceRequest;)Landroidx/compose/runtime/State; (18 bytes) @ 0x0000024cc0a424b4 [0x0000024cc0a420a0+0x0000000000000414]
J 8569 c1 androidx.compose.ui.text.font.FontFamilyResolverImpl.resolve-DPcqOEQ(Landroidx/compose/ui/text/font/FontFamily;Landroidx/compose/ui/text/font/FontWeight;II)Landroidx/compose/runtime/State; (63 bytes) @ 0x0000024cc0a43e2c [0x0000024cc0a436c0+0x000000000000076c]
J 9020 c1 androidx.compose.ui.text.platform.ParagraphBuilder.build()Lorg/jetbrains/skia/paragraph/Paragraph; (551 bytes) @ 0x0000024cc0e31eac [0x0000024cc0e2fc20+0x000000000000228c]
J 8098 c1 androidx.compose.ui.text.platform.ParagraphLayouter.layoutParagraph(F)Lorg/jetbrains/skia/paragraph/Paragraph; (97 bytes) @ 0x0000024cc0c2428c [0x0000024cc0c23d40+0x000000000000054c]
J 9936 c1 androidx.compose.ui.text.platform.SkiaParagraphIntrinsics.<init>(Ljava/lang/String;Landroidx/compose/ui/text/TextStyle;Ljava/util/List;Ljava/util/List;Landroidx/compose/ui/unit/Density;Landroidx/compose/ui/text/font/FontFamily$Resolver;)V (119 bytes) @ 0x0000024cc0fcec94 [0x0000024cc0fce620+0x0000000000000674]
J 9707 c1 androidx.compose.ui.text.platform.SkiaParagraphIntrinsics_skikoKt.ActualParagraphIntrinsics(Ljava/lang/String;Landroidx/compose/ui/text/TextStyle;Ljava/util/List;Ljava/util/List;Landroidx/compose/ui/unit/Density;Landroidx/compose/ui/text/font/FontFamily$Resolver;)Landroidx/compose/ui/text/ParagraphIntrinsics; (19 bytes) @ 0x0000024cc0f3cd2c [0x0000024cc0f3cc40+0x00000000000000ec]
J 9706 c1 androidx.compose.ui.text.ParagraphIntrinsicsKt.ParagraphIntrinsics(Ljava/lang/String;Landroidx/compose/ui/text/TextStyle;Ljava/util/List;Landroidx/compose/ui/unit/Density;Landroidx/compose/ui/text/font/FontFamily$Resolver;Ljava/util/List;)Landroidx/compose/ui/text/ParagraphIntrinsics; (12 bytes) @ 0x0000024cc0f3c92c [0x0000024cc0f3c8c0+0x000000000000006c]
J 9726 c1 androidx.compose.ui.text.MultiParagraphIntrinsics.<init>(Landroidx/compose/ui/text/AnnotatedString;Landroidx/compose/ui/text/TextStyle;Ljava/util/List;Landroidx/compose/ui/unit/Density;Landroidx/compose/ui/text/font/FontFamily$Resolver;)V (320 bytes) @ 0x0000024cc0f4a234 [0x0000024cc0f48fa0+0x0000000000001294]
j  androidx.compose.ui.text.TextMeasurer$Companion.layout(Landroidx/compose/ui/text/TextLayoutInput;)Landroidx/compose/ui/text/TextLayoutResult;+55
j  androidx.compose.ui.text.TextMeasurer$Companion.access$layout(Landroidx/compose/ui/text/TextMeasurer$Companion;Landroidx/compose/ui/text/TextLayoutInput;)Landroidx/compose/ui/text/TextLayoutResult;+2
j  androidx.compose.ui.text.TextMeasurer.measure-xDpz5zY(Landroidx/compose/ui/text/AnnotatedString;Landroidx/compose/ui/text/TextStyle;IZILjava/util/List;JLandroidx/compose/ui/unit/LayoutDirection;Landroidx/compose/ui/unit/Density;Landroidx/compose/ui/text/font/FontFamily$Resolver;Z)Landroidx/compose/ui/text/TextLayoutResult;+137
j  androidx.compose.ui.text.TextMeasurer.measure-xDpz5zY$default(Landroidx/compose/ui/text/TextMeasurer;Landroidx/compose/ui/text/AnnotatedString;Landroidx/compose/ui/text/TextStyle;IZILjava/util/List;JLandroidx/compose/ui/unit/LayoutDirection;Landroidx/compose/ui/unit/Density;Landroidx/compose/ui/text/font/FontFamily$Resolver;ZILjava/lang/Object;)Landroidx/compose/ui/text/TextLayoutResult;+161
j  ru.kyamshanov.notepen.reflow.ui.BlockHeightCalculator.measureNonSplittable(Ljava/lang/String;Ljava/util/List;Landroidx/compose/ui/text/TextStyle;ILru/kyamshanov/notepen/reflow/ui/ReflowReaderSettings;Landroidx/compose/ui/text/TextMeasurer;)Lru/kyamshanov/notepen/reflow/ui/MeasuredBlock;+40
j  ru.kyamshanov.notepen.reflow.ui.BlockHeightCalculator.measure(Lru/kyamshanov/notepen/reflow/api/ReflowBlock;IILru/kyamshanov/notepen/reflow/ui/ReflowReaderSettings;Landroidx/compose/ui/text/TextMeasurer;Landroidx/compose/ui/unit/Density;Ljava/util/Map;)Lru/kyamshanov/notepen/reflow/ui/MeasuredBlock;+154
j  ru.kyamshanov.notepen.reflow.ui.ReflowReaderKt$PagedReflowContent$1$1$1$4.invokeSuspend(Ljava/lang/Object;)Ljava/lang/Object;+189
J 8083 c1 kotlin.coroutines.jvm.internal.BaseContinuationImpl.resumeWith(Ljava/lang/Object;)V (124 bytes) @ 0x0000024cc0e536dc [0x0000024cc0e532c0+0x000000000000041c]
J 9659 c1 kotlinx.coroutines.DispatchedTask.run()V (387 bytes) @ 0x0000024cc0f2c9b4 [0x0000024cc0f2b360+0x0000000000001654]
j  kotlinx.coroutines.scheduling.CoroutineScheduler.runSafely(Lkotlinx/coroutines/scheduling/Task;)V+2
j  kotlinx.coroutines.scheduling.CoroutineScheduler$Worker.executeTask(Lkotlinx/coroutines/scheduling/Task;)V+164
j  kotlinx.coroutines.scheduling.CoroutineScheduler$Worker.runWorker()V+44
j  kotlinx.coroutines.scheduling.CoroutineScheduler$Worker.run()V+1
v  ~StubRoutines::call_stub 0x0000024cc778100d

siginfo: EXCEPTION_ACCESS_VIOLATION (0xc0000005), reading address 0x0000000000000000


Registers:
RAX=0x0000000000000000, RBX=0x0000024d1a24b4f8, RCX=0x0000000000000000, RDX=0x00000000930c3668
RSP=0x000000717c8fdd90, RBP=0x0000000000050258, RSI=0x0000000000000000, RDI=0x0000024d1a24b4f8
R8 =0x000000717c8fdd0c, R9 =0x0000000000000003, R10=0xbd0939c338b4cdea, R11=0x000000000000000c
R12=0x000000717c8fe078, R13=0x0000000000000000, R14=0x0000000000000000, R15=0x000000717c8fdef0
RIP=0x00007ff8515ec3d6, EFLAGS=0x0000000000010256

XMM[0]=0x0000000000000000 0x0000000000000000
XMM[1]=0x0000000000000000 0x0000000000000000
XMM[2]=0x0000000000000000 0x0000000000000000
XMM[3]=0x0000000000000000 0x0000000000000000
XMM[4]=0x0000000000000000 0x0000000000000000
XMM[5]=0x0000000000000000 0x0000000000000000
XMM[6]=0x0000000000000000 0x00000000e3cbfce0
XMM[7]=0x0000000000000000 0x00000000e0237420
XMM[8]=0x0000000000000000 0x00000000e4d5ce90
XMM[9]=0x0000000000000000 0x00000000ecb47108
XMM[10]=0x0000000000000000 0x00000000ecb46c28
XMM[11]=0x0000000000000000 0x00000000c09d5800
XMM[12]=0x0000000000000000 0x000000001e21072f
XMM[13]=0x0000000000000000 0x0000000000000000
XMM[14]=0x0000000000000000 0x000000004160cccd
XMM[15]=0x0000000000000000 0x0000000000000000
  MXCSR=0x00001fa3


Register to memory mapping:

RAX=0x0 is null
RBX=0x0000024d1a24b4f8 points into unknown readable memory: 0x0000000400000001 | 01 00 00 00 04 00 00 00
RCX=0x0 is null
RDX=0x00000000930c3668 is an unknown value
RSP=0x000000717c8fdd90 is pointing into the stack for thread: 0x0000024d1a2b74d0
RBP=0x0000000000050258 is an unknown value
RSI=0x0 is null
RDI=0x0000024d1a24b4f8 points into unknown readable memory: 0x0000000400000001 | 01 00 00 00 04 00 00 00
R8 =0x000000717c8fdd0c is pointing into the stack for thread: 0x0000024d1a2b74d0
R9 =0x0000000000000003 is an unknown value
R10=0xbd0939c338b4cdea is an unknown value
R11=0x000000000000000c is an unknown value
R12=0x000000717c8fe078 is pointing into the stack for thread: 0x0000024d1a2b74d0
R13=0x0 is null
R14=0x0 is null
R15=0x000000717c8fdef0 is pointing into the stack for thread: 0x0000024d1a2b74d0

Top of Stack: (sp=0x000000717c8fdd90)
0x000000717c8fdd90:   0000e6226a9728a1 0000000000000000
0x000000717c8fdda0:   0000000000050258 00007ff8515eabcb
0x000000717c8fddb0:   0000000000000000 000000717c8fdef0
0x000000717c8fddc0:   000000717c8fdf10 000000717c8fdfe8
0x000000717c8fddd0:   0000000000050258 0000024d1a24b4f8
0x000000717c8fdde0:   000000717c8fe098 000000717c8fe078
0x000000717c8fddf0:   0000024d16766070 0000024d1a24b4e0
0x000000717c8fde00:   000000717c8fdef0 00007ff8515ea309
0x000000717c8fde10:   0000000000000020 00007ff952fb0139
0x000000717c8fde20:   000000717c8fccf0 0000024cc77889d2
0x000000717c8fde30:   0000024cc7788190 0000000000000000
0x000000717c8fde40:   0000000000000001 0000969cba04199f
0x000000717c8fde50:   000000000000000f 000000000000000f
0x000000717c8fde60:   0000024d1cd626ce 00000001fffffffc
0x000000717c8fde70:   0000024d1a2b57a0 000000717c8fdff8
0x000000717c8fde80:   0000000000000018 00007ff851ffde44
0x000000717c8fde90:   000000000000000f 00007ff8555af257
0x000000717c8fdea0:   00000000ecb475d0 0000000000000000
0x000000717c8fdeb0:   000000717c8fdf7c 0000024d1cd626ce
0x000000717c8fdec0:   0000024d1b51f0c7 0000024d1b51f0c7
0x000000717c8fded0:   0000024d1cd626b0 000000717c8fdff8
0x000000717c8fdee0:   0000024d1a2b74d0 00007ff952fbe0fb
0x000000717c8fdef0:   0000024d1ad109e0 0000024d1ad109e8
0x000000717c8fdf00:   0000024d1ad109e8 0000000000050258
0x000000717c8fdf10:   0000024d1a2b74d0 00007ff8555ae73f
0x000000717c8fdf20:   0000024d1a2b7888 000082c900000000
0x000000717c8fdf30:   0000024d1a2b7888 0000024d1a2b57a0
0x000000717c8fdf40:   0000024d1a2b57a0 00007ff8515167d8
0x000000717c8fdf50:   0000024d1a2b7800 000082c916938814
0x000000717c8fdf60:   00000000e3cbfce0 0000000000000000
0x000000717c8fdf70:   0000024d1cd626b0 0000024d1a2b7888
0x000000717c8fdf80:   000000717c8fe178 000000717c8fdfe8 

Instructions: (pc=0x00007ff8515ec3d6)
0x00007ff8515ec2d6:   48 81 fa 00 10 00 00 72 18 48 8b 41 f8 48 83 c1
0x00007ff8515ec2e6:   f8 48 29 c1 48 83 f9 20 73 37 48 83 c2 27 48 89
0x00007ff8515ec2f6:   c1 e8 c0 dd 94 00 48 89 3e 4a 8d 04 e7 48 89 46
0x00007ff8515ec306:   08 4a 8d 04 ef 48 89 46 10 48 89 d8 48 83 c4 30
0x00007ff8515ec316:   5b 5f 5e 41 5c 41 5d 41 5e 41 5f c3 e8 c9 ba f1
0x00007ff8515ec326:   ff 48 c7 44 24 20 00 00 00 00 31 c9 31 d2 45 31
0x00007ff8515ec336:   c0 45 31 c9 e8 81 35 9e 00 cc 41 57 41 56 41 55
0x00007ff8515ec346:   41 54 56 57 55 53 48 83 ec 38 48 89 d6 48 89 cb
0x00007ff8515ec356:   e8 a5 d6 ff ff 83 f8 02 ba 01 00 00 00 0f 43 d0
0x00007ff8515ec366:   44 8b 6b 04 48 c7 44 24 20 00 00 00 00 45 85 ed
0x00007ff8515ec376:   0f 8e 06 01 00 00 41 ff cd 41 21 d5 48 89 74 24
0x00007ff8515ec386:   28 48 8d 46 20 48 89 44 24 30 45 31 f6 eb 2f 38
0x00007ff8515ec396:   c8 0f 84 dc 00 00 00 0f 1f 00 8b 43 04 45 85 ed
0x00007ff8515ec3a6:   89 c1 ba 00 00 00 00 0f 4f ca 41 01 cd 41 ff cd
0x00007ff8515ec3b6:   41 ff c6 41 39 c6 89 fa 0f 8d be 00 00 00 49 63
0x00007ff8515ec3c6:   c5 48 8b 73 08 48 89 c1 48 c1 e1 07 48 8d 04 c1
0x00007ff8515ec3d6:   8b 0c 06 85 c9 0f 84 a1 00 00 00 89 d7 39 ca 75
0x00007ff8515ec3e6:   b9 48 01 c6 48 8b 44 24 28 4c 8b 38 48 8b 68 08
0x00007ff8515ec3f6:   48 89 e8 4c 29 f8 4c 8b 66 08 48 8b 4e 10 4c 29
0x00007ff8515ec406:   e1 48 39 c8 75 94 0f 1f 40 00 49 39 ef 74 20 4c
0x00007ff8515ec416:   89 f9 4c 89 e2 e8 a0 2a f8 ff 84 c0 0f 84 78 ff
0x00007ff8515ec426:   ff ff 49 83 c7 08 49 83 c4 08 49 39 ef 75 e0 48
0x00007ff8515ec436:   8b 44 24 28 8b 40 18 3b 46 20 0f 85 5a ff ff ff
0x00007ff8515ec446:   48 8b 44 24 28 0f b6 40 60 0f b6 4e 68 3c 01 0f
0x00007ff8515ec456:   85 3a ff ff ff 84 c9 0f 84 32 ff ff ff 48 8d 56
0x00007ff8515ec466:   28 48 8b 4c 24 30 e8 9f 8d 20 00 84 c0 0f 84 27
0x00007ff8515ec476:   ff ff ff 48 83 c6 08 48 89 74 24 20 48 8b 44 24
0x00007ff8515ec486:   20 48 83 c4 38 5b 5d 5f 5e 41 5c 41 5d 41 5e 41
0x00007ff8515ec496:   5f c3 cc cc cc cc cc cc cc cc 41 57 41 56 56 57
0x00007ff8515ec4a6:   53 48 83 ec 20 48 63 fa ba 88 00 00 00 48 89 f8
0x00007ff8515ec4b6:   48 f7 e2 41 0f 90 c0 48 83 c0 08 48 c7 c2 ff ff
0x00007ff8515ec4c6:   ff ff 48 0f 42 c2 48 89 ce 44 8b 71 04 c7 01 00 


Stack slot to memory mapping:

stack at sp + 0 slots: 0x0000e6226a9728a1 is an unknown value
stack at sp + 1 slots: 0x0 is null
stack at sp + 2 slots: 0x0000000000050258 is an unknown value
stack at sp + 3 slots: 0x00007ff8515eabcb skiko-windows-x64.dll
stack at sp + 4 slots: 0x0 is null
stack at sp + 5 slots: 0x000000717c8fdef0 is pointing into the stack for thread: 0x0000024d1a2b74d0
stack at sp + 6 slots: 0x000000717c8fdf10 is pointing into the stack for thread: 0x0000024d1a2b74d0
stack at sp + 7 slots: 0x000000717c8fdfe8 is pointing into the stack for thread: 0x0000024d1a2b74d0


Compiled method (c1) 43402 8576   !   3       androidx.compose.ui.text.font.TypefaceRequestCache::runCached (214 bytes)
 total in heap  [0x0000024cc08cf410,0x0000024cc08d12e8] = 7896
 relocation     [0x0000024cc08cf570,0x0000024cc08cf6f8] = 392
 main code      [0x0000024cc08cf700,0x0000024cc08d09d8] = 4824
 stub code      [0x0000024cc08d09d8,0x0000024cc08d0a68] = 144
 oops           [0x0000024cc08d0a68,0x0000024cc08d0a78] = 16
 metadata       [0x0000024cc08d0a78,0x0000024cc08d0ad8] = 96
 scopes data    [0x0000024cc08d0ad8,0x0000024cc08d0e40] = 872
 scopes pcs     [0x0000024cc08d0e40,0x0000024cc08d10a0] = 608
 dependencies   [0x0000024cc08d10a0,0x0000024cc08d10b0] = 16
 handler table  [0x0000024cc08d10b0,0x0000024cc08d1290] = 480
 nul chk table  [0x0000024cc08d1290,0x0000024cc08d12e8] = 88

[Constant Pool (empty)]

[MachCode]
[Entry Point]
  # {method} {0x0000024d16778280} 'runCached' '(Landroidx/compose/ui/text/font/TypefaceRequest;Lkotlin/jvm/functions/Function1;)Landroidx/compose/runtime/State;' in 'androidx/compose/ui/text/font/TypefaceRequestCache'
  # this:     rdx:rdx   = 'androidx/compose/ui/text/font/TypefaceRequestCache'
  # parm0:    r8:r8     = 'androidx/compose/ui/text/font/TypefaceRequest'
  # parm1:    r9:r9     = 'kotlin/jvm/functions/Function1'
  #           [sp+0x100]  (sp of caller)
  0x0000024cc08cf700: 448b 5208 | 49bb 0000 | 00d4 4c02 | 0000 4d03 | d34c 3bd0 

  0x0000024cc08cf714: ;   {runtime_call ic_miss_stub}
  0x0000024cc08cf714: 0f85 66f0 | ef06 660f | 1f44 0000 
[Verified Entry Point]
  0x0000024cc08cf720: 8984 2400 | 80ff ff55 | 4881 ecf0 | 0000 0090 | 4181 7f20 | 6500 0000 

  0x0000024cc08cf738: ;   {runtime_call StubRoutines (final stubs)}
  0x0000024cc08cf738: 7405 e821 | 56ee 0648 | 8994 2490 | 0000 004c | 8984 2498 | 0000 004c | 898c 24a0 

  0x0000024cc08cf754: ;   {metadata(method data for {method} {0x0000024d16778280} 'runCached' '(Landroidx/compose/ui/text/font/TypefaceRequest;Lkotlin/jvm/functions/Function1;)Landroidx/compose/runtime/State;' in 'androidx/compose/ui/text/font/TypefaceRequestCache')}
  0x0000024cc08cf754: 0000 0048 | b820 b70c | 174d 0200 | 008b b0cc | 0000 0083 | c602 89b0 | cc00 0000 | 81e6 fe07 
  0x0000024cc08cf774: 0000 85f6 | 0f84 830f | 0000 8b72 | 0c48 8dbc | 24d0 0000 | 0048 8977 | 0848 8b06 | 4883 c801 
  0x0000024cc08cf794: 4889 07f0 | 480f b13e | 0f84 1200 | 0000 482b | c448 2507 | f0ff ff48 | 8907 0f85 | 730f 0000 
  0x0000024cc08cf7b4: 49ff 8748 | 0500 0048 | 89b4 24a8 | 0000 008b | 7a10 483b | 0748 8bdf 

  0x0000024cc08cf7cc: ;   {metadata(method data for {method} {0x0000024d16778280} 'runCached' '(Landroidx/compose/ui/text/font/TypefaceRequest;Lkotlin/jvm/functions/Function1;)Landroidx/compose/runtime/State;' in 'androidx/compose/ui/text/font/TypefaceRequestCache')}
  0x0000024cc08cf7cc: 48b8 20b7 | 0c17 4d02 | 0000 4883 | 8010 0100 | 0001 498b | d84c 8bc3 

  0x0000024cc08cf7e4: ;   {optimized virtual_call}
  0x0000024cc08cf7e4: 488b d7e8 

  0x0000024cc08cf7e8: ; ImmutableOopMap {[144]=Oop [152]=Oop [160]=Oop [168]=Oop [216]=Oop }
                      ;*invokevirtual get {reexecute=0 rethrow=0 return_oop=0}
                      ; - androidx.compose.ui.text.font.TypefaceRequestCache::runCached@23 (line 177)
  0x0000024cc08cf7e8: 3486 e4ff 

  0x0000024cc08cf7ec: ;   {other}
  0x0000024cc08cf7ec: 0f1f 8400 | dc03 0000 | 4885 c075 

  0x0000024cc08cf7f8: ;   {metadata(method data for {method} {0x0000024d16778280} 'runCached' '(Landroidx/compose/ui/text/font/TypefaceRequest;Lkotlin/jvm/functions/Function1;)Landroidx/compose/runtime/State;' in 'androidx/compose/ui/text/font/TypefaceRequestCache')}
  0x0000024cc08cf7f8: 1648 ba20 | b70c 174d | 0200 0080 | 8a41 0100 | 0001 e9e7 

  0x0000024cc08cf80c: ;   {metadata('androidx/compose/ui/text/font/TypefaceResult')}
  0x0000024cc08cf80c: 0000 0048 | bfb8 7935 | d54c 0200 | 008b 5008 | 49ba 0000 | 00d4 4c02 | 0000 4903 | d248 3b7a 
  0x0000024cc08cf82c: 200f 841a | 0000 0048 | 3bd7 0f84 | 1100 0000 

  0x0000024cc08cf83c: ;   {runtime_call slow_subtype_check Runtime1 stub}
  0x0000024cc08cf83c: 5257 e83d | 42fc 065a | 5a85 d20f | 848d 0000 

  0x0000024cc08cf84c: ;   {metadata(method data for {method} {0x0000024d16778280} 'runCached' '(Landroidx/compose/ui/text/font/TypefaceRequest;Lkotlin/jvm/functions/Function1;)Landroidx/compose/runtime/State;' in 'androidx/compose/ui/text/font/TypefaceRequestCache')}
  0x0000024cc08cf84c: 0048 ba20 | b70c 174d | 0200 008b | 7808 49ba | 0000 00d4 | 4c02 0000 | 4903 fa48 | 3bba 5801 
  0x0000024cc08cf86c: 0000 750d | 4883 8260 | 0100 0001 | e979 0000 | 0048 3bba | 6801 0000 | 750d 4883 | 8270 0100 
  0x0000024cc08cf88c: 0001 e963 | 0000 0048 | 83ba 5801 | 0000 0075 | 1748 89ba | 5801 0000 | 48c7 8260 | 0100 0001 
  0x0000024cc08cf8ac: 0000 00e9 | 4200 0000 | 4883 ba68 | 0100 0000 | 7517 4889 | ba68 0100 | 0048 c782 | 7001 0000 
  0x0000024cc08cf8cc: 0100 0000 | e921 0000 | 00e9 1c00 

  0x0000024cc08cf8d8: ;   {metadata(method data for {method} {0x0000024d16778280} 'runCached' '(Landroidx/compose/ui/text/font/TypefaceRequest;Lkotlin/jvm/functions/Function1;)Landroidx/compose/runtime/State;' in 'androidx/compose/ui/text/font/TypefaceRequestCache')}
  0x0000024cc08cf8d8: 0000 48ba | 20b7 0c17 | 4d02 0000 | 4883 aa48 | 0100 0001 | e94e 0e00 | 00e9 0000 | 0000 488b 
  0x0000024cc08cf8f8: f048 85f6 

  0x0000024cc08cf8fc: ;   {metadata(method data for {method} {0x0000024d16778280} 'runCached' '(Landroidx/compose/ui/text/font/TypefaceRequest;Lkotlin/jvm/functions/Function1;)Landroidx/compose/runtime/State;' in 'androidx/compose/ui/text/font/TypefaceRequestCache')}
  0x0000024cc08cf8fc: 49b8 20b7 | 0c17 4d02 | 0000 48c7 | c280 0100 | 0074 0748 | c7c2 9001 | 0000 498b | 3c10 488d 
  0x0000024cc08cf91c: 7f01 4989 | 3c10 0f84 | dc01 0000 | 4885 f60f | 8428 0000 

  0x0000024cc08cf930: ;   {metadata('androidx/compose/ui/text/font/TypefaceResult$Immutable')}
  0x0000024cc08cf930: 0048 bb40 | e835 d54c | 0200 008b | 5608 49ba | 0000 00d4 | 4c02 0000 | 4903 d248 | 3bda 0f85 
  0x0000024cc08cf950: f40d 0000 | e900 0000 | 004c 8bc6 

  0x0000024cc08cf95c: ; implicit exception: dispatches to 0x0000024cc08d074d
  0x0000024cc08cf95c: 483b 064c 

  0x0000024cc08cf960: ;   {metadata(method data for {method} {0x0000024d16778280} 'runCached' '(Landroidx/compose/ui/text/font/TypefaceRequest;Lkotlin/jvm/functions/Function1;)Landroidx/compose/runtime/State;' in 'androidx/compose/ui/text/font/TypefaceRequestCache')}
  0x0000024cc08cf960: 8bc6 48ba | 20b7 0c17 | 4d02 0000 | 4883 82b8 | 0100 0001 | 440f be46 | 0c41 83e0 | 0145 85c0 
  0x0000024cc08cf980: ;   {metadata(method data for {method} {0x0000024d16778280} 'runCached' '(Landroidx/compose/ui/text/font/TypefaceRequest;Lkotlin/jvm/functions/Function1;)Landroidx/compose/runtime/State;' in 'androidx/compose/ui/text/font/TypefaceRequestCache')}
  0x0000024cc08cf980: 49b8 20b7 | 0c17 4d02 | 0000 48c7 | c2e8 0100 | 0075 0748 | c7c2 d801 | 0000 498b | 3c10 488d 
  0x0000024cc08cf9a0: 7f01 4989 | 3c10 0f85 | bd09 0000 | 488b 9424 | 9000 0000 | 8b72 1048 | 3b06 4c8b 

  0x0000024cc08cf9bc: ;   {metadata(method data for {method} {0x0000024d16778280} 'runCached' '(Landroidx/compose/ui/text/font/TypefaceRequest;Lkotlin/jvm/functions/Function1;)Landroidx/compose/runtime/State;' in 'androidx/compose/ui/text/font/TypefaceRequestCache')}
  0x0000024cc08cf9bc: c648 bf20 | b70c 174d | 0200 0048 | 8387 3002 | 0000 014c | 8b84 2498 | 0000 0048 | 8bd6 0f1f 
  0x0000024cc08cf9dc: ;   {optimized virtual_call}
  0x0000024cc08cf9dc: 4400 00e8 

  0x0000024cc08cf9e0: ; ImmutableOopMap {[144]=Oop [152]=Oop [160]=Oop [168]=Oop [216]=Oop }
                      ;*invokevirtual remove {reexecute=0 rethrow=0 return_oop=0}
                      ; - androidx.compose.ui.text.font.TypefaceRequestCache::runCached@66 (line 181)
  0x0000024cc08cf9e0: 9cf0 ef06 

  0x0000024cc08cf9e4: ;   {other}
  0x0000024cc08cf9e4: 0f1f 8400 | d405 0001 | 4885 c075 

  0x0000024cc08cf9f0: ;   {metadata(method data for {method} {0x0000024d16778280} 'runCached' '(Landroidx/compose/ui/text/font/TypefaceRequest;Lkotlin/jvm/functions/Function1;)Landroidx/compose/runtime/State;' in 'androidx/compose/ui/text/font/TypefaceRequestCache')}
  0x0000024cc08cf9f0: 1648 ba20 | b70c 174d | 0200 0080 | 8a61 0200 | 0001 e9e7 

  0x0000024cc08cfa04: ;   {metadata('androidx/compose/ui/text/font/TypefaceResult')}
  0x0000024cc08cfa04: 0000 0048 | beb8 7935 | d54c 0200 | 008b 5008 | 49ba 0000 | 00d4 4c02 | 0000 4903 | d248 3b72 
  0x0000024cc08cfa24: 200f 841a | 0000 0048 | 3bd6 0f84 | 1100 0000 

  0x0000024cc08cfa34: ;   {runtime_call slow_subtype_check Runtime1 stub}
  0x0000024cc08cfa34: 5256 e845 | 40fc 065a | 5a85 d20f | 848d 0000 

  0x0000024cc08cfa44: ;   {metadata(method data for {method} {0x0000024d16778280} 'runCached' '(Landroidx/compose/ui/text/font/TypefaceRequest;Lkotlin/jvm/functions/Function1;)Landroidx/compose/runtime/State;' in 'androidx/compose/ui/text/font/TypefaceRequestCache')}
  0x0000024cc08cfa44: 0048 ba20 | b70c 174d | 0200 008b | 7008 49ba | 0000 00d4 | 4c02 0000 | 4903 f248 | 3bb2 7802 
  0x0000024cc08cfa64: 0000 750d | 4883 8280 | 0200 0001 | e979 0000 | 0048 3bb2 | 8802 0000 | 750d 4883 | 8290 0200 
  0x0000024cc08cfa84: 0001 e963 | 0000 0048 | 83ba 7802 | 0000 0075 | 1748 89b2 | 7802 0000 | 48c7 8280 | 0200 0001 
  0x0000024cc08cfaa4: 0000 00e9 | 4200 0000 | 4883 ba88 | 0200 0000 | 7517 4889 | b288 0200 | 0048 c782 | 9002 0000 
  0x0000024cc08cfac4: 0100 0000 | e921 0000 | 00e9 1c00 

  0x0000024cc08cfad0: ;   {metadata(method data for {method} {0x0000024d16778280} 'runCached' '(Landroidx/compose/ui/text/font/TypefaceRequest;Lkotlin/jvm/functions/Function1;)Landroidx/compose/runtime/State;' in 'androidx/compose/ui/text/font/TypefaceRequestCache')}
  0x0000024cc08cfad0: 0000 48ba | 20b7 0c17 | 4d02 0000 | 4883 aa68 | 0200 0001 | e96e 0c00 | 00e9 0000 

  0x0000024cc08cfaec: ;   {metadata(method data for {method} {0x0000024d16778280} 'runCached' '(Landroidx/compose/ui/text/font/TypefaceRequest;Lkotlin/jvm/functions/Function1;)Landroidx/compose/runtime/State;' in 'androidx/compose/ui/text/font/TypefaceRequestCache')}
  0x0000024cc08cfaec: 0000 49b8 | 20b7 0c17 | 4d02 0000 | 41ff 80a0 | 0200 00e9 | 0a00 0000 

  0x0000024cc08cfb04: ;   {oop(nullptr)}
  0x0000024cc08cfb04: 48b8 0000 | 0000 0000 | 0000 488d | 8424 d000 | 0000 4c8b | 004d 85c0 | 0f84 0f00 | 0000 488b 
  0x0000024cc08cfb24: 5008 f04c | 0fb1 020f | 852f 0c00 | 0049 ff8f | 4805 0000 

  0x0000024cc08cfb38: ;   {metadata(method data for {method} {0x0000024d16778280} 'runCached' '(Landroidx/compose/ui/text/font/TypefaceRequest;Lkotlin/jvm/functions/Function1;)Landroidx/compose/runtime/State;' in 'androidx/compose/ui/text/font/TypefaceRequestCache')}
  0x0000024cc08cfb38: 49b8 20b7 | 0c17 4d02 | 0000 41ff | 80b8 0200 | 004c 8b84 | 2498 0000 

  0x0000024cc08cfb50: ;   {metadata(method data for {method} {0x0000024d16778280} 'runCached' '(Landroidx/compose/ui/text/font/TypefaceRequest;Lkotlin/jvm/functions/Function1;)Landroidx/compose/runtime/State;' in 'androidx/compose/ui/text/font/TypefaceRequestCache')}
  0x0000024cc08cfb50: 0048 be20 | b70c 174d | 0200 0048 | 8db6 e002 | 0000 4d85 | c075 0cf6 | 4618 0175 | 06f0 4883 
  0x0000024cc08cfb70: ;   {metadata(method data for {method} {0x0000024d16778280} 'runCached' '(Landroidx/compose/ui/text/font/TypefaceRequest;Lkotlin/jvm/functions/Function1;)Landroidx/compose/runtime/State;' in 'androidx/compose/ui/text/font/TypefaceRequestCache')}
  0x0000024cc08cfb70: 4e18 0148 | be20 b70c | 174d 0200 | 0048 8386 | d002 0000 

  0x0000024cc08cfb84: ;   {metadata(method data for {method} {0x0000024cd40afc90} 'linkToTargetMethod' '(Ljava/lang/Object;Ljava/lang/Object;Ljava/lang/Object;)Ljava/lang/Object;' in 'java/lang/invoke/Invokers$Holder')}
  0x0000024cc08cfb84: 0148 beb0 | c328 154d | 0200 008b | becc 0000 | 0083 c702 | 89be cc00 | 0000 81e7 | feff 1f00 
  0x0000024cc08cfba4: 85ff 0f84 | ca0b 0000 

  0x0000024cc08cfbac: ;   {metadata(method data for {method} {0x0000024cd40b5d50} 'newInvokeSpecial' '(Ljava/lang/Object;Ljava/lang/Object;Ljava/lang/Object;)Ljava/lang/Object;' in 'java/lang/invoke/DirectMethodHandle$Holder')}
  0x0000024cc08cfbac: 48be e0c5 | 2815 4d02 | 0000 488d | b648 0200 

  0x0000024cc08cfbbc: ;   {oop(a 'java/lang/invoke/DirectMethodHandle$Constructor'{0x00000000f2191f88})}
  0x0000024cc08cfbbc: 0048 bf88 | 1f19 f200 | 0000 0048 | 85ff 750a | f606 0175 | 05f0 4883 

  0x0000024cc08cfbd4: ;   {metadata(method data for {method} {0x0000024cd40afc90} 'linkToTargetMethod' '(Ljava/lang/Object;Ljava/lang/Object;Ljava/lang/Object;)Ljava/lang/Object;' in 'java/lang/invoke/Invokers$Holder')}
  0x0000024cc08cfbd4: 0e01 48be | b0c3 2815 | 4d02 0000 | 4883 8648 | 0100 0001 

  0x0000024cc08cfbe8: ;   {metadata(method data for {method} {0x0000024cd40b5d50} 'newInvokeSpecial' '(Ljava/lang/Object;Ljava/lang/Object;Ljava/lang/Object;)Ljava/lang/Object;' in 'java/lang/invoke/DirectMethodHandle$Holder')}
  0x0000024cc08cfbe8: 48be e0c5 | 2815 4d02 | 0000 8b9e | cc00 0000 | 83c3 0289 | 9ecc 0000 | 0081 e3fe | ff1f 0085 
  0x0000024cc08cfc08: db0f 8488 

  0x0000024cc08cfc0c: ;   {metadata(method data for {method} {0x0000024cd40b5d50} 'newInvokeSpecial' '(Ljava/lang/Object;Ljava/lang/Object;Ljava/lang/Object;)Ljava/lang/Object;' in 'java/lang/invoke/DirectMethodHandle$Holder')}
  0x0000024cc08cfc0c: 0b00 0048 | bee0 c528 | 154d 0200 | 0048 8db6 | 2001 0000 | 4885 ff75 | 0cf6 4608 | 0175 06f0 
  0x0000024cc08cfc2c: 4883 4e08 

  0x0000024cc08cfc30: ;   {metadata(method data for {method} {0x0000024cd40b5d50} 'newInvokeSpecial' '(Ljava/lang/Object;Ljava/lang/Object;Ljava/lang/Object;)Ljava/lang/Object;' in 'java/lang/invoke/DirectMethodHandle$Holder')}
  0x0000024cc08cfc30: 0148 bee0 | c528 154d | 0200 0048 | 8386 1001 

  0x0000024cc08cfc40: ;   {metadata(method data for {method} {0x0000024cd40a2650} 'allocateInstance' '(Ljava/lang/Object;)Ljava/lang/Object;' in 'java/lang/invoke/DirectMethodHandle')}
  0x0000024cc08cfc40: 0000 0148 | be70 4021 | 154d 0200 | 008b 9ecc | 0000 0083 | c302 899e | cc00 0000 | 81e3 feff 
  0x0000024cc08cfc60: 1f00 85db | 0f84 4e0b 

  0x0000024cc08cfc68: ;   {oop(a 'jdk/internal/misc/Unsafe'{0x00000000e022b520})}
  0x0000024cc08cfc68: 0000 48be | 20b5 22e0 | 0000 0000 

  0x0000024cc08cfc74: ;   {metadata(method data for {method} {0x0000024cd40a2650} 'allocateInstance' '(Ljava/lang/Object;)Ljava/lang/Object;' in 'java/lang/invoke/DirectMethodHandle')}
  0x0000024cc08cfc74: 488b de48 | b870 4021 | 154d 0200 | 0048 8380 | 4801 0000 

  0x0000024cc08cfc88: ;   {oop(a 'java/lang/Class'{0x00000000f215a678} = 'androidx/compose/ui/text/font/TypefaceRequestCache$$Lambda+0x0000024cd535c228')}
  0x0000024cc08cfc88: 0149 b878 | a615 f200 | 0000 0048 | 8bd6 4889 | bc24 b000 

  0x0000024cc08cfc9c: ;   {optimized virtual_call}
  0x0000024cc08cfc9c: 0000 90e8 

  0x0000024cc08cfca0: ; ImmutableOopMap {[144]=Oop [152]=Oop [160]=Oop [176]=Oop }
                      ;*invokevirtual allocateInstance {reexecute=0 rethrow=0 return_oop=0}
                      ; - java.lang.invoke.DirectMethodHandle::allocateInstance@12 (line 501)
                      ; - java.lang.invoke.DirectMethodHandle$Holder::newInvokeSpecial@1
                      ; - java.lang.invoke.Invokers$Holder::linkToTargetMethod@6
                      ; - androidx.compose.ui.text.font.TypefaceRequestCache::runCached@100 (line 197)
  0x0000024cc08cfca0: bc3a 6207 

  0x0000024cc08cfca4: ;   {other}
  0x0000024cc08cfca4: 0f1f 8400 | 9408 0002 

  0x0000024cc08cfcac: ;   {metadata(method data for {method} {0x0000024cd40b5d50} 'newInvokeSpecial' '(Ljava/lang/Object;Ljava/lang/Object;Ljava/lang/Object;)Ljava/lang/Object;' in 'java/lang/invoke/DirectMethodHandle$Holder')}
  0x0000024cc08cfcac: 49b8 e0c5 | 2815 4d02 | 0000 4d8d | 8030 0100 | 0048 85c0 | 750b 41f6 | 0001 7505 | f049 8308 
  0x0000024cc08cfccc: ;   {metadata(method data for {method} {0x0000024cd40b5d50} 'newInvokeSpecial' '(Ljava/lang/Object;Ljava/lang/Object;Ljava/lang/Object;)Ljava/lang/Object;' in 'java/lang/invoke/DirectMethodHandle$Holder')}
  0x0000024cc08cfccc: 0149 b8e0 | c528 154d | 0200 004d | 8d80 5001 | 0000 488b | bc24 b000 | 0000 4885 | ff75 0d41 
  0x0000024cc08cfcec: f640 0801 | 7506 f049 | 8348 0801 

  0x0000024cc08cfcf8: ;   {metadata(method data for {method} {0x0000024cd40b5d50} 'newInvokeSpecial' '(Ljava/lang/Object;Ljava/lang/Object;Ljava/lang/Object;)Ljava/lang/Object;' in 'java/lang/invoke/DirectMethodHandle$Holder')}
  0x0000024cc08cfcf8: 49b8 e0c5 | 2815 4d02 | 0000 4983 | 8040 0100 

  0x0000024cc08cfd08: ;   {metadata(method data for {method} {0x0000024cd40a30f8} 'constructorMethod' '(Ljava/lang/Object;)Ljava/lang/Object;' in 'java/lang/invoke/DirectMethodHandle')}
  0x0000024cc08cfd08: 0001 49b8 | 7843 2115 | 4d02 0000 | 418b 90cc | 0000 0083 | c202 4189 | 90cc 0000 | 0081 e2fe 
  0x0000024cc08cfd28: ff1f 0085 | d20f 84a6 

  0x0000024cc08cfd30: ;   {metadata(method data for {method} {0x0000024cd40b5d50} 'newInvokeSpecial' '(Ljava/lang/Object;Ljava/lang/Object;Ljava/lang/Object;)Ljava/lang/Object;' in 'java/lang/invoke/DirectMethodHandle$Holder')}
  0x0000024cc08cfd30: 0a00 0049 | b8e0 c528 | 154d 0200 | 004d 8d80 | 6001 0000 

  0x0000024cc08cfd44: ;   {oop(a 'java/lang/invoke/MemberName'{0x00000000f21920b8} = {method} {0x0000024d16cba8c0} '<init>' '(Landroidx/compose/ui/text/font/TypefaceRequestCache;Landroidx/compose/ui/text/font/TypefaceRequest;)V' in 'androidx/compose/ui/text/font/TypefaceRequestCache$$Lambda+0x0000024cd535c228')}
  0x0000024cc08cfd44: 48ba b820 | 19f2 0000 | 0000 4885 | d275 0b41 | f600 0175 | 05f0 4983 | 0801 483b | 004c 8bc0 
  0x0000024cc08cfd64: ;   {metadata(method data for {method} {0x0000024cd40b5d50} 'newInvokeSpecial' '(Ljava/lang/Object;Ljava/lang/Object;Ljava/lang/Object;)Ljava/lang/Object;' in 'java/lang/invoke/DirectMethodHandle$Holder')}
  0x0000024cc08cfd64: 48ba e0c5 | 2815 4d02 | 0000 4883 | 82a8 0100 

  0x0000024cc08cfd74: ;   {metadata(method data for {method} {0x0000024d16cba8c0} '<init>' '(Landroidx/compose/ui/text/font/TypefaceRequestCache;Landroidx/compose/ui/text/font/TypefaceRequest;)V' in 'androidx/compose/ui/text/font/TypefaceRequestCache$$Lambda+0x0000024cd535c228')}
  0x0000024cc08cfd74: 0001 49b8 | b029 0d17 | 4d02 0000 | 418b 90cc | 0000 0083 | c202 4189 | 90cc 0000 | 0081 e2fe 
  0x0000024cc08cfd94: ff1f 0085 | d20f 8460 | 0a00 004c 

  0x0000024cc08cfda0: ;   {metadata(method data for {method} {0x0000024d16cba8c0} '<init>' '(Landroidx/compose/ui/text/font/TypefaceRequestCache;Landroidx/compose/ui/text/font/TypefaceRequest;)V' in 'androidx/compose/ui/text/font/TypefaceRequestCache$$Lambda+0x0000024cd535c228')}
  0x0000024cc08cfda0: 8bc0 48ba | b029 0d17 | 4d02 0000 | 4883 8210 | 0100 0001 

  0x0000024cc08cfdb4: ;   {metadata(method data for {method} {0x0000024cd4476d38} '<init>' '()V' in 'java/lang/Object')}
  0x0000024cc08cfdb4: 49b8 a878 | 0015 4d02 | 0000 418b | 90cc 0000 | 0083 c202 | 4189 90cc | 0000 0081 | e2fe ff1f 
  0x0000024cc08cfdd4: 0085 d20f | 8443 0a00 | 0045 0fbe | 4740 4585 | c00f 8556 | 0a00 0048 | 8b94 2490 | 0000 004c 
  0x0000024cc08cfdf4: 8bd2 4489 | 500c 4c8b | c04c 33c2 | 49c1 e814 | 4983 f800 | 0f85 4f0a | 0000 450f | be47 4045 
  0x0000024cc08cfe14: 85c0 0f85 | 590a 0000 | 4c8b 8424 | 9800 0000 | 4d8b d044 | 8950 1048 | 8bf0 4933 | f048 c1ee 
  0x0000024cc08cfe34: 1448 83fe | 000f 8552 

  0x0000024cc08cfe3c: ;   {metadata(method data for {method} {0x0000024cd40afc90} 'linkToTargetMethod' '(Ljava/lang/Object;Ljava/lang/Object;Ljava/lang/Object;)Ljava/lang/Object;' in 'java/lang/invoke/Invokers$Holder')}
  0x0000024cc08cfe3c: 0a00 0048 | beb0 c328 | 154d 0200 | 0048 8db6 | a001 0000 | 4885 c075 | 0af6 0601 | 7505 f048 
  0x0000024cc08cfe5c: ;   {metadata(method data for {method} {0x0000024d16778280} 'runCached' '(Landroidx/compose/ui/text/font/TypefaceRequest;Lkotlin/jvm/functions/Function1;)Landroidx/compose/runtime/State;' in 'androidx/compose/ui/text/font/TypefaceRequestCache')}
  0x0000024cc08cfe5c: 830e 0148 | be20 b70c | 174d 0200 | 0048 8db6 | 0003 0000 | 4885 c075 | 0cf6 0601 | 7530 f048 
  0x0000024cc08cfe7c: 830e 01eb | 298b 7808 | 49ba 0000 | 00d4 4c02 | 0000 4903 | fa4c 8bd7 | 4833 3e48 | f7c7 fcff 
  0x0000024cc08cfe9c: ffff 740a | 40f6 c702 | 7504 4883 | 0e02 4c8b | 8c24 a000 | 0000 493b | 0149 8bf1 

  0x0000024cc08cfeb8: ;   {metadata(method data for {method} {0x0000024d16778280} 'runCached' '(Landroidx/compose/ui/text/font/TypefaceRequest;Lkotlin/jvm/functions/Function1;)Landroidx/compose/runtime/State;' in 'androidx/compose/ui/text/font/TypefaceRequestCache')}
  0x0000024cc08cfeb8: 48bf 20b7 | 0c17 4d02 | 0000 8b76 | 0849 ba00 | 0000 d44c | 0200 0049 | 03f2 483b | b720 0300 
  0x0000024cc08cfed8: 0075 0d48 | 8387 2803 | 0000 01e9 | 6000 0000 | 483b b730 | 0300 0075 | 0d48 8387 | 3803 0000 
  0x0000024cc08cfef8: 01e9 4a00 | 0000 4883 | bf20 0300 | 0000 7517 | 4889 b720 | 0300 0048 | c787 2803 | 0000 0100 
  0x0000024cc08cff18: 0000 e929 | 0000 0048 | 83bf 3003 | 0000 0075 | 1748 89b7 | 3003 0000 | 48c7 8738 | 0300 0001 
  0x0000024cc08cff38: 0000 00e9 | 0800 0000 | 4883 8710 | 0300 0001 | 4c8b c049 | 8bd1 0f1f | 8000 0000 | 0048 b850 
  0x0000024cc08cff58: fa7b 1a4d 

  0x0000024cc08cff5c: ;   {virtual_call}
  0x0000024cc08cff5c: 0200 00e8 

  0x0000024cc08cff60: ; ImmutableOopMap {[144]=Oop [152]=Oop }
                      ;*invokeinterface invoke {reexecute=0 rethrow=0 return_oop=0}
                      ; - androidx.compose.ui.text.font.TypefaceRequestCache::runCached@105 (line 197)
  0x0000024cc08cff60: 5142 f006 

  0x0000024cc08cff64: ;   {other}
  0x0000024cc08cff64: 0f1f 8400 | 540b 0003 | 4885 c075 

  0x0000024cc08cff70: ;   {metadata(method data for {method} {0x0000024d16778280} 'runCached' '(Landroidx/compose/ui/text/font/TypefaceRequest;Lkotlin/jvm/functions/Function1;)Landroidx/compose/runtime/State;' in 'androidx/compose/ui/text/font/TypefaceRequestCache')}
  0x0000024cc08cff70: 1749 b820 | b70c 174d | 0200 0041 | 8088 4103 | 0000 01e9 | ec00 0000 

  0x0000024cc08cff88: ;   {metadata('androidx/compose/ui/text/font/TypefaceResult')}
  0x0000024cc08cff88: 48ba b879 | 35d5 4c02 | 0000 448b | 4008 49ba | 0000 00d4 | 4c02 0000 | 4d03 c249 | 3b50 200f 
  0x0000024cc08cffa8: 841e 0000 | 004c 3bc2 | 0f84 1500 | 0000 4150 

  0x0000024cc08cffb8: ;   {runtime_call slow_subtype_check Runtime1 stub}
  0x0000024cc08cffb8: 52e8 c23a | fc06 4158 | 4158 4585 | c00f 848d 

  0x0000024cc08cffc8: ;   {metadata(method data for {method} {0x0000024d16778280} 'runCached' '(Landroidx/compose/ui/text/font/TypefaceRequest;Lkotlin/jvm/functions/Function1;)Landroidx/compose/runtime/State;' in 'androidx/compose/ui/text/font/TypefaceRequestCache')}
  0x0000024cc08cffc8: 0000 0049 | b820 b70c | 174d 0200 | 008b 5008 | 49ba 0000 | 00d4 4c02 | 0000 4903 | d249 3b90 
  0x0000024cc08cffe8: 5803 0000 | 750d 4983 | 8060 0300 | 0001 e979 | 0000 0049 | 3b90 6803 | 0000 750d | 4983 8070 
  0x0000024cc08d0008: 0300 0001 | e963 0000 | 0049 83b8 | 5803 0000 | 0075 1749 | 8990 5803 | 0000 49c7 | 8060 0300 
  0x0000024cc08d0028: 0001 0000 | 00e9 4200 | 0000 4983 | b868 0300 | 0000 7517 | 4989 9068 | 0300 0049 | c780 7003 
  0x0000024cc08d0048: 0000 0100 | 0000 e921 | 0000 00e9 | 1c00 0000 

  0x0000024cc08d0058: ;   {metadata(method data for {method} {0x0000024d16778280} 'runCached' '(Landroidx/compose/ui/text/font/TypefaceRequest;Lkotlin/jvm/functions/Function1;)Landroidx/compose/runtime/State;' in 'androidx/compose/ui/text/font/TypefaceRequestCache')}
  0x0000024cc08d0058: 49b8 20b7 | 0c17 4d02 | 0000 4983 | a848 0300 | 0001 e93f | 0800 00e9 | 0000 0000 | 488b f048 
  0x0000024cc08d0078: 89b4 24b8 

  0x0000024cc08d007c: ;   {metadata(method data for {method} {0x0000024d16778280} 'runCached' '(Landroidx/compose/ui/text/font/TypefaceRequest;Lkotlin/jvm/functions/Function1;)Landroidx/compose/runtime/State;' in 'androidx/compose/ui/text/font/TypefaceRequestCache')}
  0x0000024cc08d007c: 0000 0048 | b820 b70c | 174d 0200 | 00ff 8080 | 0300 0048 | 8b94 2490 | 0000 008b | 7a0c 4889 
  0x0000024cc08d009c: bc24 c000 | 0000 4c8d | 8424 d000 | 0000 4989 | 7808 488b | 0748 83c8 | 0149 8900 | f04c 0fb1 
  0x0000024cc08d00bc: 070f 8412 | 0000 0048 | 2bc4 4825 | 07f0 ffff | 4989 000f | 85e7 0700 | 0049 ff87 | 4805 0000 
  0x0000024cc08d00dc: 8b5a 1048 | 3b03 4c8b 

  0x0000024cc08d00e4: ;   {metadata(method data for {method} {0x0000024d16778280} 'runCached' '(Landroidx/compose/ui/text/font/TypefaceRequest;Lkotlin/jvm/functions/Function1;)Landroidx/compose/runtime/State;' in 'androidx/compose/ui/text/font/TypefaceRequestCache')}
  0x0000024cc08d00e4: c348 b820 | b70c 174d | 0200 0048 | 8380 e003 | 0000 014c | 8b84 2498 | 0000 0048 | 8bd3 0f1f 
  0x0000024cc08d0104: ;   {optimized virtual_call}
  0x0000024cc08d0104: 4400 00e8 

  0x0000024cc08d0108: ; ImmutableOopMap {[144]=Oop [152]=Oop [184]=Oop [192]=Oop [216]=Oop }
                      ;*invokevirtual get {reexecute=0 rethrow=0 return_oop=0}
                      ; - androidx.compose.ui.text.font.TypefaceRequestCache::runCached@163 (line 219)
  0x0000024cc08d0108: 147d e4ff 

  0x0000024cc08d010c: ;   {other}
  0x0000024cc08d010c: 0f1f 8400 | fc0c 0004 

  0x0000024cc08d0114: ;   {metadata(method data for {method} {0x0000024d16778280} 'runCached' '(Landroidx/compose/ui/text/font/TypefaceRequest;Lkotlin/jvm/functions/Function1;)Landroidx/compose/runtime/State;' in 'androidx/compose/ui/text/font/TypefaceRequestCache')}
  0x0000024cc08d0114: 4885 c049 | b820 b70c | 174d 0200 | 0049 c7c1 | 1804 0000 | 7507 49c7 | c128 0400 | 004b 8b14 
  0x0000024cc08d0134: 0848 8d52 | 014b 8914 | 080f 85c9 | 0000 0048 | 8bb4 24b8 | 0000 0048 | 85f6 0f84 | 2900 0000 
  0x0000024cc08d0154: ;   {metadata('androidx/compose/ui/text/font/TypefaceResult$Immutable')}
  0x0000024cc08d0154: 48bf 40e8 | 35d5 4c02 | 0000 448b | 4e08 49ba | 0000 00d4 | 4c02 0000 | 4d03 ca49 | 3bf9 0f85 
  0x0000024cc08d0174: 5c07 0000 | e900 0000 | 004c 8bc6 

  0x0000024cc08d0180: ; implicit exception: dispatches to 0x0000024cc08d08d9
  0x0000024cc08d0180: 483b 064c 

  0x0000024cc08d0184: ;   {metadata(method data for {method} {0x0000024d16778280} 'runCached' '(Landroidx/compose/ui/text/font/TypefaceRequest;Lkotlin/jvm/functions/Function1;)Landroidx/compose/runtime/State;' in 'androidx/compose/ui/text/font/TypefaceRequestCache')}
  0x0000024cc08d0184: 8bc6 49b9 | 20b7 0c17 | 4d02 0000 | 4983 8150 | 0400 0001 | 440f be46 | 0c41 83e0 | 0145 85c0 
  0x0000024cc08d01a4: ;   {metadata(method data for {method} {0x0000024d16778280} 'runCached' '(Landroidx/compose/ui/text/font/TypefaceRequest;Lkotlin/jvm/functions/Function1;)Landroidx/compose/runtime/State;' in 'androidx/compose/ui/text/font/TypefaceRequestCache')}
  0x0000024cc08d01a4: 49b8 20b7 | 0c17 4d02 | 0000 49c7 | c170 0400 | 0074 0749 | c7c1 8004 | 0000 4b8b | 1408 488d 
  0x0000024cc08d01c4: 5201 4b89 | 1408 0f84 | 3c00 0000 | 4c8b 8424 | 9800 0000 | 488b 9424 | 9000 0000 | 8b52 1048 
  0x0000024cc08d01e4: 3b02 4c8b 

  0x0000024cc08d01e8: ;   {metadata(method data for {method} {0x0000024d16778280} 'runCached' '(Landroidx/compose/ui/text/font/TypefaceRequest;Lkotlin/jvm/functions/Function1;)Landroidx/compose/runtime/State;' in 'androidx/compose/ui/text/font/TypefaceRequestCache')}
  0x0000024cc08d01e8: ca48 bb20 | b70c 174d | 0200 0048 | 8383 9004 | 0000 014c 

  0x0000024cc08d01fc: ;   {optimized virtual_call}
  0x0000024cc08d01fc: 8bce 90e8 

  0x0000024cc08d0200: ; ImmutableOopMap {[184]=Oop [192]=Oop [216]=Oop }
                      ;*invokevirtual put {reexecute=0 rethrow=0 return_oop=0}
                      ; - androidx.compose.ui.text.font.TypefaceRequestCache::runCached@184 (line 220)
  0x0000024cc08d0200: 2408 0000 

  0x0000024cc08d0204: ;   {other}
  0x0000024cc08d0204: 0f1f 8400 | f40d 0005 | 488d 8424 | d000 0000 | 488b 1048 | 85d2 0f84 | 0f00 0000 | 488b 7008 
  0x0000024cc08d0224: f048 0fb1 | 160f 85b4 | 0600 0049 | ff8f 4805 

  0x0000024cc08d0234: ;   {metadata(method data for {method} {0x0000024d16778280} 'runCached' '(Landroidx/compose/ui/text/font/TypefaceRequest;Lkotlin/jvm/functions/Function1;)Landroidx/compose/runtime/State;' in 'androidx/compose/ui/text/font/TypefaceRequestCache')}
  0x0000024cc08d0234: 0000 48b8 | 20b7 0c17 | 4d02 0000 | ff80 c804 | 0000 488b | b424 b800 | 0000 4885 

  0x0000024cc08d0250: ;   {metadata(method data for {method} {0x0000024d16778280} 'runCached' '(Landroidx/compose/ui/text/font/TypefaceRequest;Lkotlin/jvm/functions/Function1;)Landroidx/compose/runtime/State;' in 'androidx/compose/ui/text/font/TypefaceRequestCache')}
  0x0000024cc08d0250: f675 1648 | b820 b70c | 174d 0200 | 0080 88d9 | 0400 0001 | e9e7 0000 

  0x0000024cc08d0268: ;   {metadata('androidx/compose/runtime/State')}
  0x0000024cc08d0268: 0048 bf20 | b126 d54c | 0200 008b | 4608 49ba | 0000 00d4 | 4c02 0000 | 4903 c248 | 3b78 200f 
  0x0000024cc08d0288: 841a 0000 | 0048 3bc7 | 0f84 1100 | 0000 5057 

  0x0000024cc08d0298: ;   {runtime_call slow_subtype_check Runtime1 stub}
  0x0000024cc08d0298: e8e3 37fc | 0658 5885 | c00f 848d 

  0x0000024cc08d02a4: ;   {metadata(method data for {method} {0x0000024d16778280} 'runCached' '(Landroidx/compose/ui/text/font/TypefaceRequest;Lkotlin/jvm/functions/Function1;)Landroidx/compose/runtime/State;' in 'androidx/compose/ui/text/font/TypefaceRequestCache')}
  0x0000024cc08d02a4: 0000 0048 | b820 b70c | 174d 0200 | 008b 7e08 | 49ba 0000 | 00d4 4c02 | 0000 4903 | fa48 3bb8 
  0x0000024cc08d02c4: f004 0000 | 750d 4883 | 80f8 0400 | 0001 e979 | 0000 0048 | 3bb8 0005 | 0000 750d | 4883 8008 
  0x0000024cc08d02e4: 0500 0001 | e963 0000 | 0048 83b8 | f004 0000 | 0075 1748 | 89b8 f004 | 0000 48c7 | 80f8 0400 
  0x0000024cc08d0304: 0001 0000 | 00e9 4200 | 0000 4883 | b800 0500 | 0000 7517 | 4889 b800 | 0500 0048 | c780 0805 
  0x0000024cc08d0324: 0000 0100 | 0000 e921 | 0000 00e9 | 1c00 0000 

  0x0000024cc08d0334: ;   {metadata(method data for {method} {0x0000024d16778280} 'runCached' '(Landroidx/compose/ui/text/font/TypefaceRequest;Lkotlin/jvm/functions/Function1;)Landroidx/compose/runtime/State;' in 'androidx/compose/ui/text/font/TypefaceRequestCache')}
  0x0000024cc08d0334: 48b8 20b7 | 0c17 4d02 | 0000 4883 | a8e0 0400 | 0001 e9ae | 0500 00e9 | 0000 0000 | 488b c648 
  0x0000024cc08d0354: 81c4 f000 

  0x0000024cc08d0358: ;   {poll_return}
  0x0000024cc08d0358: 0000 5d49 | 3ba7 4804 | 0000 0f87 | 9a05 0000 | c348 8b84 | 24a8 0000 | 0048 85f6 

  0x0000024cc08d0374: ;   {metadata(method data for {method} {0x0000024d16778280} 'runCached' '(Landroidx/compose/ui/text/font/TypefaceRequest;Lkotlin/jvm/functions/Function1;)Landroidx/compose/runtime/State;' in 'androidx/compose/ui/text/font/TypefaceRequestCache')}
  0x0000024cc08d0374: 7516 48bf | 20b7 0c17 | 4d02 0000 | 808f f101 | 0000 01e9 | e700 0000 

  0x0000024cc08d038c: ;   {metadata('androidx/compose/runtime/State')}
  0x0000024cc08d038c: 48b9 20b1 | 26d5 4c02 | 0000 8b7e | 0849 ba00 | 0000 d44c | 0200 0049 | 03fa 483b | 4f20 0f84 
  0x0000024cc08d03ac: 1a00 0000 | 483b f90f | 8411 0000 

  0x0000024cc08d03b8: ;   {runtime_call slow_subtype_check Runtime1 stub}
  0x0000024cc08d03b8: 0057 51e8 | c036 fc06 | 5f5f 85ff | 0f84 8d00 

  0x0000024cc08d03c8: ;   {metadata(method data for {method} {0x0000024d16778280} 'runCached' '(Landroidx/compose/ui/text/font/TypefaceRequest;Lkotlin/jvm/functions/Function1;)Landroidx/compose/runtime/State;' in 'androidx/compose/ui/text/font/TypefaceRequestCache')}
  0x0000024cc08d03c8: 0000 48bf | 20b7 0c17 | 4d02 0000 | 8b4e 0849 | ba00 0000 | d44c 0200 | 0049 03ca | 483b 8f08 
  0x0000024cc08d03e8: 0200 0075 | 0d48 8387 | 1002 0000 | 01e9 7900 | 0000 483b | 8f18 0200 | 0075 0d48 | 8387 2002 
  0x0000024cc08d0408: 0000 01e9 | 6300 0000 | 4883 bf08 | 0200 0000 | 7517 4889 | 8f08 0200 | 0048 c787 | 1002 0000 
  0x0000024cc08d0428: 0100 0000 | e942 0000 | 0048 83bf | 1802 0000 | 0075 1748 | 898f 1802 | 0000 48c7 | 8720 0200 
  0x0000024cc08d0448: 0001 0000 | 00e9 2100 | 0000 e91c 

  0x0000024cc08d0454: ;   {metadata(method data for {method} {0x0000024d16778280} 'runCached' '(Landroidx/compose/ui/text/font/TypefaceRequest;Lkotlin/jvm/functions/Function1;)Landroidx/compose/runtime/State;' in 'androidx/compose/ui/text/font/TypefaceRequestCache')}
  0x0000024cc08d0454: 0000 0048 | bf20 b70c | 174d 0200 | 0048 83af | f801 0000 | 01e9 aa04 | 0000 e900 | 0000 0048 
  0x0000024cc08d0474: 8bd6 488d | 8424 d000 | 0000 488b | 3048 85f6 | 0f84 0f00 | 0000 488b | 7808 f048 | 0fb1 370f 
  0x0000024cc08d0494: 8588 0400 | 0049 ff8f | 4805 0000 | 488b c248 | 81c4 f000 

  0x0000024cc08d04a8: ;   {poll_return}
  0x0000024cc08d04a8: 0000 5d49 | 3ba7 4804 | 0000 0f87 | 7f04 0000 | c349 8b87 | f804 0000 | 4d33 d24d | 8997 f804 
  0x0000024cc08d04c8: 0000 4d33 | d24d 8997 | 0005 0000 | 488b d048 | 8d84 24d0 | 0000 0048 | 8b30 4885 | f60f 840f 
  0x0000024cc08d04e8: 0000 0048 | 8b78 08f0 | 480f b137 | 0f85 5304 | 0000 49ff | 8f48 0500 | 0048 8bc2 | e9bc 0400 
  0x0000024cc08d0508: 0049 8b87 | f804 0000 | 4d33 d24d | 8997 f804 | 0000 4d33 | d24d 8997 | 0005 0000 | 488b d048 
  0x0000024cc08d0528: 8d84 24d0 | 0000 0048 | 8b30 4885 | f60f 840f | 0000 0048 | 8b78 08f0 | 480f b137 | 0f85 1904 
  0x0000024cc08d0548: 0000 49ff | 8f48 0500 | 0048 8bc2 | e96c 0400 | 0049 8b87 | f804 0000 | 4d33 d24d | 8997 f804 
  0x0000024cc08d0568: 0000 4d33 | d24d 8997 | 0005 0000 | 4c8b c090 

  0x0000024cc08d0578: ;   {no_reloc}
  0x0000024cc08d0578: e90b 0400 | 0000 0000 | 0000 498b | 87b8 0100 | 0048 8d78 | 2849 3bbf | c801 0000 | 0f87 f803 
  0x0000024cc08d0598: 0000 4989 | bfb8 0100 | 0048 c700 | 0100 0000 | 488b ca49 | ba00 0000 | d44c 0200 | 0049 2bca 
  0x0000024cc08d05b8: 8948 0848 | 33c9 8948 | 0c48 33c9 | 4889 4810 | 4889 4818 | 4889 4820 | 4d85 c075 

  0x0000024cc08d05d4: ;   {metadata(method data for {method} {0x0000024d16778280} 'runCached' '(Landroidx/compose/ui/text/font/TypefaceRequest;Lkotlin/jvm/functions/Function1;)Landroidx/compose/runtime/State;' in 'androidx/compose/ui/text/font/TypefaceRequestCache')}
  0x0000024cc08d05d4: 1648 ba20 | b70c 174d | 0200 0080 | 8a91 0300 | 0001 e9cf 

  0x0000024cc08d05e8: ;   {metadata('java/lang/Throwable')}
  0x0000024cc08d05e8: 0000 0048 | be80 c400 | d44c 0200 | 0041 8b50 | 0849 ba00 | 0000 d44c | 0200 0049 | 03d2 483b 
  0x0000024cc08d0608: 7238 0f85 | 8e00 0000 

  0x0000024cc08d0610: ;   {metadata(method data for {method} {0x0000024d16778280} 'runCached' '(Landroidx/compose/ui/text/font/TypefaceRequest;Lkotlin/jvm/functions/Function1;)Landroidx/compose/runtime/State;' in 'androidx/compose/ui/text/font/TypefaceRequestCache')}
  0x0000024cc08d0610: 48ba 20b7 | 0c17 4d02 | 0000 418b | 7008 49ba | 0000 00d4 | 4c02 0000 | 4903 f248 | 3bb2 a803 
  0x0000024cc08d0630: 0000 750d | 4883 82b0 | 0300 0001 | e979 0000 | 0048 3bb2 | b803 0000 | 750d 4883 | 82c0 0300 
  0x0000024cc08d0650: 0001 e963 | 0000 0048 | 83ba a803 | 0000 0075 | 1748 89b2 | a803 0000 | 48c7 82b0 | 0300 0001 
  0x0000024cc08d0670: 0000 00e9 | 4200 0000 | 4883 bab8 | 0300 0000 | 7517 4889 | b2b8 0300 | 0048 c782 | c003 0000 
  0x0000024cc08d0690: 0100 0000 | e921 0000 | 00e9 1c00 

  0x0000024cc08d069c: ;   {metadata(method data for {method} {0x0000024d16778280} 'runCached' '(Landroidx/compose/ui/text/font/TypefaceRequest;Lkotlin/jvm/functions/Function1;)Landroidx/compose/runtime/State;' in 'androidx/compose/ui/text/font/TypefaceRequestCache')}
  0x0000024cc08d069c: 0000 48ba | 20b7 0c17 | 4d02 0000 | 4883 aa98 | 0300 0001 | e9ea 0200 | 00e9 0000 | 0000 4d8b 
  0x0000024cc08d06bc: c84c 8bc0 

  0x0000024cc08d06c0: ;   {metadata(method data for {method} {0x0000024d16778280} 'runCached' '(Landroidx/compose/ui/text/font/TypefaceRequest;Lkotlin/jvm/functions/Function1;)Landroidx/compose/runtime/State;' in 'androidx/compose/ui/text/font/TypefaceRequestCache')}
  0x0000024cc08d06c0: 48ba 20b7 | 0c17 4d02 | 0000 4883 | 82d0 0300 

  0x0000024cc08d06d0: ;   {oop("Could not load font"{0x00000000f21920e8})}
  0x0000024cc08d06d0: 0001 49b8 | e820 19f2 | 0000 0000 | 488b d048 | 8984 24c8 

  0x0000024cc08d06e4: ;   {optimized virtual_call}
  0x0000024cc08d06e4: 0000 00e8 

  0x0000024cc08d06e8: ; ImmutableOopMap {[200]=Oop }
                      ;*invokespecial <init> {reexecute=0 rethrow=0 return_oop=0}
                      ; - androidx.compose.ui.text.font.TypefaceRequestCache::runCached@131 (line 214)
  0x0000024cc08d06e8: 94e3 ef06 

  0x0000024cc08d06ec: ;   {other}
  0x0000024cc08d06ec: 0f1f 8400 | dc12 0006 | 488b 8424 | c800 0000 | e9c4 0200 

  0x0000024cc08d0700: ;   {metadata({method} {0x0000024d16778280} 'runCached' '(Landroidx/compose/ui/text/font/TypefaceRequest;Lkotlin/jvm/functions/Function1;)Landroidx/compose/runtime/State;' in 'androidx/compose/ui/text/font/TypefaceRequestCache')}
  0x0000024cc08d0700: 0049 ba78 | 8277 164d | 0200 004c | 8954 2408 | 48c7 0424 | ffff ffff 

  0x0000024cc08d0718: ;   {runtime_call counter_overflow Runtime1 stub}
  0x0000024cc08d0718: e8e3 5efc 

  0x0000024cc08d071c: ; ImmutableOopMap {rdx=Oop r8=Oop r9=Oop [144]=Oop [152]=Oop [160]=Oop }
                      ;*synchronization entry
                      ; - androidx.compose.ui.text.font.TypefaceRequestCache::runCached@-1 (line 176)
  0x0000024cc08d071c: 06e9 5cf0 

  0x0000024cc08d0720: ;   {runtime_call throw_null_pointer_exception Runtime1 stub}
  0x0000024cc08d0720: ffff e859 

  0x0000024cc08d0724: ; ImmutableOopMap {rdx=Oop r8=Oop r9=Oop rsi=Oop [144]=Oop [152]=Oop [160]=Oop }
                      ;*monitorenter {reexecute=0 rethrow=0 return_oop=0}
                      ; - androidx.compose.ui.text.font.TypefaceRequestCache::runCached@13 (line 261)
  0x0000024cc08d0724: 04fc 0648 | 8974 2408 | 4889 3c24 

  0x0000024cc08d0730: ;   {runtime_call monitorenter_nofpu Runtime1 stub}
  0x0000024cc08d0730: e8cb 3dfc 

  0x0000024cc08d0734: ; ImmutableOopMap {rdx=Oop r8=Oop r9=Oop rsi=Oop [144]=Oop [152]=Oop [160]=Oop [216]=Oop }
                      ;*monitorenter {reexecute=0 rethrow=0 return_oop=0}
                      ; - androidx.compose.ui.text.font.TypefaceRequestCache::runCached@13 (line 261)
  0x0000024cc08d0734: 06e9 81f0 

  0x0000024cc08d0738: ;   {runtime_call throw_null_pointer_exception Runtime1 stub}
  0x0000024cc08d0738: ffff e841 

  0x0000024cc08d073c: ; ImmutableOopMap {rdx=Oop r8=Oop rdi=Oop [144]=Oop [152]=Oop [160]=Oop [168]=Oop [216]=Oop }
                      ;*invokevirtual get {reexecute=0 rethrow=0 return_oop=0}
                      ; - androidx.compose.ui.text.font.TypefaceRequestCache::runCached@23 (line 177)
  0x0000024cc08d073c: 04fc 0648 

  0x0000024cc08d0740: ;   {runtime_call throw_class_cast_exception Runtime1 stub}
  0x0000024cc08d0740: 8904 24e8 

  0x0000024cc08d0744: ; ImmutableOopMap {[144]=Oop [152]=Oop [160]=Oop [168]=Oop [216]=Oop }
                      ;*checkcast {reexecute=0 rethrow=0 return_oop=0}
                      ; - androidx.compose.ui.text.font.TypefaceRequestCache::runCached@26 (line 177)
  0x0000024cc08d0744: 3828 fc06 

  0x0000024cc08d0748: ;   {runtime_call throw_incompatible_class_change_error Runtime1 stub}
  0x0000024cc08d0748: e833 30fc 

  0x0000024cc08d074c: ; ImmutableOopMap {rsi=Oop [144]=Oop [152]=Oop [160]=Oop [168]=Oop [216]=Oop }
                      ;*invokeinterface getCacheable {reexecute=0 rethrow=0 return_oop=0}
                      ; - androidx.compose.ui.text.font.TypefaceRequestCache::runCached@40 (line 178)
                      ;   {runtime_call throw_null_pointer_exception Runtime1 stub}
  0x0000024cc08d074c: 06e8 2e04 

  0x0000024cc08d0750: ; ImmutableOopMap {rsi=Oop [144]=Oop [152]=Oop [160]=Oop [168]=Oop [216]=Oop }
                      ;*invokeinterface getCacheable {reexecute=0 rethrow=0 return_oop=0}
                      ; - androidx.compose.ui.text.font.TypefaceRequestCache::runCached@40 (line 178)
                      ;   {runtime_call throw_null_pointer_exception Runtime1 stub}
  0x0000024cc08d0750: fc06 e829 

  0x0000024cc08d0754: ; ImmutableOopMap {rdx=Oop rsi=Oop [144]=Oop [152]=Oop [160]=Oop [168]=Oop [216]=Oop }
                      ;*invokevirtual remove {reexecute=0 rethrow=0 return_oop=0}
                      ; - androidx.compose.ui.text.font.TypefaceRequestCache::runCached@66 (line 181)
  0x0000024cc08d0754: 04fc 0648 

  0x0000024cc08d0758: ;   {runtime_call throw_class_cast_exception Runtime1 stub}
  0x0000024cc08d0758: 8904 24e8 

  0x0000024cc08d075c: ; ImmutableOopMap {[144]=Oop [152]=Oop [160]=Oop [168]=Oop [216]=Oop }
                      ;*checkcast {reexecute=0 rethrow=0 return_oop=0}
                      ; - androidx.compose.ui.text.font.TypefaceRequestCache::runCached@69 (line 181)
  0x0000024cc08d075c: 2028 fc06 | 488d 8424 | d000 0000 | 4889 0424 

  0x0000024cc08d076c: ;   {runtime_call monitorexit_nofpu Runtime1 stub}
  0x0000024cc08d076c: e88f 43fc | 06e9 c2f3 

  0x0000024cc08d0774: ;   {metadata({method} {0x0000024cd40afc90} 'linkToTargetMethod' '(Ljava/lang/Object;Ljava/lang/Object;Ljava/lang/Object;)Ljava/lang/Object;' in 'java/lang/invoke/Invokers$Holder')}
  0x0000024cc08d0774: ffff 49ba | 88fc 0ad4 | 4c02 0000 | 4c89 5424 | 0848 c704 | 24ff ffff 

  0x0000024cc08d078c: ;   {runtime_call counter_overflow Runtime1 stub}
  0x0000024cc08d078c: ffe8 6e5e 

  0x0000024cc08d0790: ; ImmutableOopMap {r8=Oop [144]=Oop [152]=Oop [160]=Oop }
                      ;*synchronization entry
                      ; - java.lang.invoke.Invokers$Holder::linkToTargetMethod@-1
                      ; - androidx.compose.ui.text.font.TypefaceRequestCache::runCached@100 (line 197)
  0x0000024cc08d0790: fc06 e915 

  0x0000024cc08d0794: ;   {metadata({method} {0x0000024cd40b5d50} 'newInvokeSpecial' '(Ljava/lang/Object;Ljava/lang/Object;Ljava/lang/Object;)Ljava/lang/Object;' in 'java/lang/invoke/DirectMethodHandle$Holder')}
  0x0000024cc08d0794: f4ff ff49 | ba48 5d0b | d44c 0200 | 004c 8954 | 2408 48c7 | 0424 ffff 

  0x0000024cc08d07ac: ;   {runtime_call counter_overflow Runtime1 stub}
  0x0000024cc08d07ac: ffff e84d 

  0x0000024cc08d07b0: ; ImmutableOopMap {r8=Oop rdi=Oop [144]=Oop [152]=Oop [160]=Oop }
                      ;*synchronization entry
                      ; - java.lang.invoke.DirectMethodHandle$Holder::newInvokeSpecial@-1
                      ; - java.lang.invoke.Invokers$Holder::linkToTargetMethod@6
                      ; - androidx.compose.ui.text.font.TypefaceRequestCache::runCached@100 (line 197)
  0x0000024cc08d07b0: 5efc 06e9 | 57f4 ffff 

  0x0000024cc08d07b8: ;   {metadata({method} {0x0000024cd40a2650} 'allocateInstance' '(Ljava/lang/Object;)Ljava/lang/Object;' in 'java/lang/invoke/DirectMethodHandle')}
  0x0000024cc08d07b8: 49ba 4826 | 0ad4 4c02 | 0000 4c89 | 5424 0848 | c704 24ff 

  0x0000024cc08d07cc: ;   {runtime_call counter_overflow Runtime1 stub}
  0x0000024cc08d07cc: ffff ffe8 

  0x0000024cc08d07d0: ; ImmutableOopMap {r8=Oop rdi=Oop [144]=Oop [152]=Oop [160]=Oop }
                      ;*synchronization entry
                      ; - java.lang.invoke.DirectMethodHandle::allocateInstance@-1 (line 500)
                      ; - java.lang.invoke.DirectMethodHandle$Holder::newInvokeSpecial@1
                      ; - java.lang.invoke.Invokers$Holder::linkToTargetMethod@6
                      ; - androidx.compose.ui.text.font.TypefaceRequestCache::runCached@100 (line 197)
  0x0000024cc08d07d0: 2c5e fc06 | e991 f4ff 

  0x0000024cc08d07d8: ;   {metadata({method} {0x0000024cd40a30f8} 'constructorMethod' '(Ljava/lang/Object;)Ljava/lang/Object;' in 'java/lang/invoke/DirectMethodHandle')}
  0x0000024cc08d07d8: ff49 baf0 | 300a d44c | 0200 004c | 8954 2408 | 48c7 0424 | ffff ffff 

  0x0000024cc08d07f0: ;   {runtime_call counter_overflow Runtime1 stub}
  0x0000024cc08d07f0: e80b 5efc 

  0x0000024cc08d07f4: ; ImmutableOopMap {rax=Oop [144]=Oop [152]=Oop [160]=Oop }
                      ;*synchronization entry
                      ; - java.lang.invoke.DirectMethodHandle::constructorMethod@-1 (line 494)
                      ; - java.lang.invoke.DirectMethodHandle$Holder::newInvokeSpecial@6
                      ; - java.lang.invoke.Invokers$Holder::linkToTargetMethod@6
                      ; - androidx.compose.ui.text.font.TypefaceRequestCache::runCached@100 (line 197)
  0x0000024cc08d07f4: 06e9 39f5 

  0x0000024cc08d07f8: ;   {runtime_call throw_null_pointer_exception Runtime1 stub}
  0x0000024cc08d07f8: ffff e881 

  0x0000024cc08d07fc: ; ImmutableOopMap {rax=Oop [144]=Oop [152]=Oop [160]=Oop }
                      ;*invokestatic linkToSpecial {reexecute=0 rethrow=0 return_oop=0}
                      ; - java.lang.invoke.DirectMethodHandle$Holder::newInvokeSpecial@19
                      ; - java.lang.invoke.Invokers$Holder::linkToTargetMethod@6
                      ; - androidx.compose.ui.text.font.TypefaceRequestCache::runCached@100 (line 197)
                      ;   {metadata({method} {0x0000024d16cba8c0} '<init>' '(Landroidx/compose/ui/text/font/TypefaceRequestCache;Landroidx/compose/ui/text/font/TypefaceRequest;)V' in 'androidx/compose/ui/text/font/TypefaceRequestCache$$Lambda+0x0000024cd535c228')}
  0x0000024cc08d07fc: 03fc 0649 | bab8 a8cb | 164d 0200 | 004c 8954 | 2408 48c7 | 0424 ffff 

  0x0000024cc08d0814: ;   {runtime_call counter_overflow Runtime1 stub}
  0x0000024cc08d0814: ffff e8e5 

  0x0000024cc08d0818: ; ImmutableOopMap {rax=Oop [144]=Oop [152]=Oop [160]=Oop }
                      ;*synchronization entry
                      ; - androidx.compose.ui.text.font.TypefaceRequestCache$$Lambda/0x0000024cd535c228::<init>@-1
                      ; - java.lang.invoke.DirectMethodHandle$Holder::newInvokeSpecial@19
                      ; - java.lang.invoke.Invokers$Holder::linkToTargetMethod@6
                      ; - androidx.compose.ui.text.font.TypefaceRequestCache::runCached@100 (line 197)
  0x0000024cc08d0818: 5dfc 06e9 | 7ff5 ffff 

  0x0000024cc08d0820: ;   {metadata({method} {0x0000024cd4476d38} '<init>' '()V' in 'java/lang/Object')}
  0x0000024cc08d0820: 49ba 306d | 47d4 4c02 | 0000 4c89 | 5424 0848 | c704 24ff 

  0x0000024cc08d0834: ;   {runtime_call counter_overflow Runtime1 stub}
  0x0000024cc08d0834: ffff ffe8 

  0x0000024cc08d0838: ; ImmutableOopMap {rax=Oop [144]=Oop [152]=Oop [160]=Oop }
                      ;*synchronization entry
                      ; - java.lang.Object::<init>@-1 (line 45)
                      ; - androidx.compose.ui.text.font.TypefaceRequestCache$$Lambda/0x0000024cd535c228::<init>@1
                      ; - java.lang.invoke.DirectMethodHandle$Holder::newInvokeSpecial@19
                      ; - java.lang.invoke.Invokers$Holder::linkToTargetMethod@6
                      ; - androidx.compose.ui.text.font.TypefaceRequestCache::runCached@100 (line 197)
  0x0000024cc08d0838: c45d fc06 | e99c f5ff | ff44 8b40 | 0c49 83f8 | 000f 849c | f5ff ff4c 

  0x0000024cc08d0850: ;   {runtime_call g1_pre_barrier_slow}
  0x0000024cc08d0850: 8904 24e8 | a86c fc06 | e98e f5ff | ff48 83fa | 000f 84a7 | f5ff ff48 

  0x0000024cc08d0868: ;   {runtime_call g1_post_barrier_slow}
  0x0000024cc08d0868: 8904 24e8 | 1074 fc06 | e999 f5ff | ff44 8b40 | 1049 83f8 | 000f 8499 | f5ff ff4c 

  0x0000024cc08d0884: ;   {runtime_call g1_pre_barrier_slow}
  0x0000024cc08d0884: 8904 24e8 | 746c fc06 | e98b f5ff | ff49 83f8 | 000f 84a4 | f5ff ff48 

  0x0000024cc08d089c: ;   {runtime_call g1_post_barrier_slow}
  0x0000024cc08d089c: 8904 24e8 | dc73 fc06 | e996 f5ff 

  0x0000024cc08d08a8: ;   {runtime_call throw_null_pointer_exception Runtime1 stub}
  0x0000024cc08d08a8: ffe8 d202 

  0x0000024cc08d08ac: ; ImmutableOopMap {rax=Oop rdx=Oop r8=Oop r9=Oop [144]=Oop [152]=Oop [160]=Oop }
                      ;*invokeinterface invoke {reexecute=0 rethrow=0 return_oop=0}
                      ; - androidx.compose.ui.text.font.TypefaceRequestCache::runCached@105 (line 197)
  0x0000024cc08d08ac: fc06 4889 

  0x0000024cc08d08b0: ;   {runtime_call throw_class_cast_exception Runtime1 stub}
  0x0000024cc08d08b0: 0424 e8c9 

  0x0000024cc08d08b4: ; ImmutableOopMap {[144]=Oop [152]=Oop }
                      ;*checkcast {reexecute=0 rethrow=0 return_oop=0}
                      ; - androidx.compose.ui.text.font.TypefaceRequestCache::runCached@110 (line 197)
                      ;   {runtime_call throw_null_pointer_exception Runtime1 stub}
  0x0000024cc08d08b4: 26fc 06e8 

  0x0000024cc08d08b8: ; ImmutableOopMap {rsi=Oop rdx=Oop rdi=Oop [144]=Oop [152]=Oop [184]=Oop [192]=Oop }
                      ;*monitorenter {reexecute=0 rethrow=0 return_oop=0}
                      ; - androidx.compose.ui.text.font.TypefaceRequestCache::runCached@153 (line 262)
  0x0000024cc08d08b8: c402 fc06 | 4889 7c24 | 084c 8904 

  0x0000024cc08d08c4: ;   {runtime_call monitorenter_nofpu Runtime1 stub}
  0x0000024cc08d08c4: 24e8 363c 

  0x0000024cc08d08c8: ; ImmutableOopMap {rsi=Oop rdx=Oop rdi=Oop [144]=Oop [152]=Oop [184]=Oop [192]=Oop [216]=Oop }
                      ;*monitorenter {reexecute=0 rethrow=0 return_oop=0}
                      ; - androidx.compose.ui.text.font.TypefaceRequestCache::runCached@153 (line 262)
  0x0000024cc08d08c8: fc06 e90d 

  0x0000024cc08d08cc: ;   {runtime_call throw_null_pointer_exception Runtime1 stub}
  0x0000024cc08d08cc: f8ff ffe8 

  0x0000024cc08d08d0: ; ImmutableOopMap {rdx=Oop rbx=Oop [144]=Oop [152]=Oop [184]=Oop [192]=Oop [216]=Oop }
                      ;*invokevirtual get {reexecute=0 rethrow=0 return_oop=0}
                      ; - androidx.compose.ui.text.font.TypefaceRequestCache::runCached@163 (line 219)
  0x0000024cc08d08d0: ac02 fc06 

  0x0000024cc08d08d4: ;   {runtime_call throw_incompatible_class_change_error Runtime1 stub}
  0x0000024cc08d08d4: e8a7 2efc 

  0x0000024cc08d08d8: ; ImmutableOopMap {rsi=Oop [144]=Oop [152]=Oop [184]=Oop [192]=Oop [216]=Oop }
                      ;*invokeinterface getCacheable {reexecute=0 rethrow=0 return_oop=0}
                      ; - androidx.compose.ui.text.font.TypefaceRequestCache::runCached@170 (line 219)
                      ;   {runtime_call throw_null_pointer_exception Runtime1 stub}
  0x0000024cc08d08d8: 06e8 a202 

  0x0000024cc08d08dc: ; ImmutableOopMap {rsi=Oop [144]=Oop [152]=Oop [184]=Oop [192]=Oop [216]=Oop }
                      ;*invokeinterface getCacheable {reexecute=0 rethrow=0 return_oop=0}
                      ; - androidx.compose.ui.text.font.TypefaceRequestCache::runCached@170 (line 219)
                      ;   {runtime_call throw_null_pointer_exception Runtime1 stub}
  0x0000024cc08d08dc: fc06 e89d 

  0x0000024cc08d08e0: ; ImmutableOopMap {rsi=Oop r8=Oop rdx=Oop [152]=Oop [184]=Oop [192]=Oop [216]=Oop }
                      ;*invokevirtual put {reexecute=0 rethrow=0 return_oop=0}
                      ; - androidx.compose.ui.text.font.TypefaceRequestCache::runCached@184 (line 220)
  0x0000024cc08d08e0: 02fc 0648 | 8d84 24d0 | 0000 0048 

  0x0000024cc08d08ec: ;   {runtime_call monitorexit_nofpu Runtime1 stub}
  0x0000024cc08d08ec: 8904 24e8 | 0c42 fc06 | e93d f9ff | ff48 8934 

  0x0000024cc08d08fc: ;   {runtime_call throw_class_cast_exception Runtime1 stub}
  0x0000024cc08d08fc: 24e8 7e26 

  0x0000024cc08d0900: ; ImmutableOopMap {}
                      ;*checkcast {reexecute=0 rethrow=0 return_oop=0}
                      ; - androidx.compose.ui.text.font.TypefaceRequestCache::runCached@210 (line 223)
                      ;   {internal_word}
  0x0000024cc08d0900: fc06 49ba | 5b03 8dc0 | 4c02 0000 | 4d89 9760 

  0x0000024cc08d0910: ;   {runtime_call SafepointBlob}
  0x0000024cc08d0910: 0400 00e9 | e84d f006 | 4889 3424 

  0x0000024cc08d091c: ;   {runtime_call throw_class_cast_exception Runtime1 stub}
  0x0000024cc08d091c: e85f 26fc 

  0x0000024cc08d0920: ; ImmutableOopMap {rax=Oop [216]=Oop }
                      ;*checkcast {reexecute=0 rethrow=0 return_oop=0}
                      ; - androidx.compose.ui.text.font.TypefaceRequestCache::runCached@50 (line 179)
  0x0000024cc08d0920: 0648 8d84 | 24d0 0000 | 0048 8904 

  0x0000024cc08d092c: ;   {runtime_call monitorexit_nofpu Runtime1 stub}
  0x0000024cc08d092c: 24e8 ce41 | fc06 e969 

  0x0000024cc08d0934: ;   {internal_word}
  0x0000024cc08d0934: fbff ff49 | baab 048d | c04c 0200 | 004d 8997 | 6004 0000 

  0x0000024cc08d0948: ;   {runtime_call SafepointBlob}
  0x0000024cc08d0948: e9b3 4df0 | 0648 8d84 | 24d0 0000 | 0048 8904 

  0x0000024cc08d0958: ;   {runtime_call monitorexit_nofpu Runtime1 stub}
  0x0000024cc08d0958: 24e8 a241 | fc06 e99e | fbff ff48 | 8d84 24d0 | 0000 0048 

  0x0000024cc08d096c: ;   {runtime_call monitorexit_nofpu Runtime1 stub}
  0x0000024cc08d096c: 8904 24e8 | 8c41 fc06 | e9d8 fbff 

  0x0000024cc08d0978: ;   {metadata(nullptr)}
  0x0000024cc08d0978: ff48 ba00 | 0000 0000 | 0000 00b8 | 000f 050a 

  0x0000024cc08d0988: ;   {runtime_call load_klass_patching Runtime1 stub}
  0x0000024cc08d0988: e8f3 4bfc 

  0x0000024cc08d098c: ; ImmutableOopMap {r8=Oop }
                      ;*new {reexecute=1 rethrow=0 return_oop=0}
                      ; - (reexecute) androidx.compose.ui.text.font.TypefaceRequestCache::runCached@120 (line 214)
  0x0000024cc08d098c: 06e9 e6fb | ffff 488b 

  0x0000024cc08d0994: ;   {runtime_call fast_new_instance Runtime1 stub}
  0x0000024cc08d0994: d2e8 e60a 

  0x0000024cc08d0998: ; ImmutableOopMap {r8=Oop }
                      ;*new {reexecute=0 rethrow=0 return_oop=0}
                      ; - androidx.compose.ui.text.font.TypefaceRequestCache::runCached@120 (line 214)
  0x0000024cc08d0998: fc06 e931 | fcff ff4c 

  0x0000024cc08d09a0: ;   {runtime_call throw_class_cast_exception Runtime1 stub}
  0x0000024cc08d09a0: 8904 24e8 

  0x0000024cc08d09a4: ; ImmutableOopMap {rax=Oop }
                      ;*checkcast {reexecute=0 rethrow=0 return_oop=0}
                      ; - androidx.compose.ui.text.font.TypefaceRequestCache::runCached@128 (line 214)
  0x0000024cc08d09a4: d825 fc06 | 498b 87f8 | 0400 0049 | c787 f804 | 0000 0000 | 0000 49c7 | 8700 0500 | 0000 0000 
  0x0000024cc08d09c4: 0048 81c4 | f000 0000 

  0x0000024cc08d09cc: ;   {runtime_call unwind_exception Runtime1 stub}
  0x0000024cc08d09cc: 5de9 aef2 | fb06 f4f4 | f4f4 f4f4 
[Stub Code]
  0x0000024cc08d09d8: ;   {no_reloc}
  0x0000024cc08d09d8: 0f1f 4400 

  0x0000024cc08d09dc: ;   {static_stub}
  0x0000024cc08d09dc: 0048 bb00 | 0000 0000 

  0x0000024cc08d09e4: ;   {runtime_call nmethod}
  0x0000024cc08d09e4: 0000 00e9 | fbff ffff 

  0x0000024cc08d09ec: ;   {static_stub}
  0x0000024cc08d09ec: 48bb 0000 | 0000 0000 

  0x0000024cc08d09f4: ;   {runtime_call nmethod}
  0x0000024cc08d09f4: 0000 e9fb 

  0x0000024cc08d09f8: ;   {static_stub}
  0x0000024cc08d09f8: ffff ff48 | bb00 0000 | 0000 0000 

  0x0000024cc08d0a04: ;   {runtime_call nmethod}
  0x0000024cc08d0a04: 00e9 fbff 

  0x0000024cc08d0a08: ;   {static_stub}
  0x0000024cc08d0a08: ffff 48bb | 0000 0000 | 0000 0000 

  0x0000024cc08d0a14: ;   {runtime_call nmethod}
  0x0000024cc08d0a14: e9fb ffff 

  0x0000024cc08d0a18: ;   {static_stub}
  0x0000024cc08d0a18: ff48 bb00 | 0000 0000 

  0x0000024cc08d0a20: ;   {runtime_call nmethod}
  0x0000024cc08d0a20: 0000 00e9 | fbff ffff 

  0x0000024cc08d0a28: ;   {static_stub}
  0x0000024cc08d0a28: 48bb a8a6 | 7716 4d02 

  0x0000024cc08d0a30: ;   {runtime_call I2C/C2I adapters}
  0x0000024cc08d0a30: 0000 e934 

  0x0000024cc08d0a34: ;   {runtime_call handle_exception_from_callee Runtime1 stub}
  0x0000024cc08d0a34: a3ef 06e8 | 441f fc06 

  0x0000024cc08d0a3c: ;   {external_word}
  0x0000024cc08d0a3c: 48b9 90e2 | b555 f87f | 0000 4883 

  0x0000024cc08d0a48: ;   {runtime_call}
  0x0000024cc08d0a48: e4f0 48b8 | 1079 7855 | f87f 0000 

  0x0000024cc08d0a54: ;   {section_word}
  0x0000024cc08d0a54: ffd0 f449 | ba57 0a8d | c04c 0200 

  0x0000024cc08d0a60: ;   {runtime_call DeoptimizationBlob}
  0x0000024cc08d0a60: 0041 52e9 | 383f f006 
[/MachCode]


Compiled method (c1) 43450 8574       3       androidx.compose.ui.text.font.FontFamilyResolverImpl::resolve (18 bytes)
 total in heap  [0x0000024cc0a41e90,0x0000024cc0a428e8] = 2648
 relocation     [0x0000024cc0a41ff0,0x0000024cc0a42090] = 160
 main code      [0x0000024cc0a420a0,0x0000024cc0a42670] = 1488
 stub code      [0x0000024cc0a42670,0x0000024cc0a426c0] = 80
 oops           [0x0000024cc0a426c0,0x0000024cc0a426d0] = 16
 metadata       [0x0000024cc0a426d0,0x0000024cc0a42708] = 56
 scopes data    [0x0000024cc0a42708,0x0000024cc0a427f8] = 240
 scopes pcs     [0x0000024cc0a427f8,0x0000024cc0a428c8] = 208
 dependencies   [0x0000024cc0a428c8,0x0000024cc0a428d0] = 8
 nul chk table  [0x0000024cc0a428d0,0x0000024cc0a428e8] = 24

[Constant Pool (empty)]

[MachCode]
[Entry Point]
  # {method} {0x0000024d1675f350} 'resolve' '(Landroidx/compose/ui/text/font/TypefaceRequest;)Landroidx/compose/runtime/State;' in 'androidx/compose/ui/text/font/FontFamilyResolverImpl'
  # this:     rdx:rdx   = 'androidx/compose/ui/text/font/FontFamilyResolverImpl'
  # parm0:    r8:r8     = 'androidx/compose/ui/text/font/TypefaceRequest'
  #           [sp+0xd0]  (sp of caller)
  0x0000024cc0a420a0: 448b 5208 | 49bb 0000 | 00d4 4c02 | 0000 4d03 | d34c 3bd0 

  0x0000024cc0a420b4: ;   {runtime_call ic_miss_stub}
  0x0000024cc0a420b4: 0f85 c6c6 | d806 660f | 1f44 0000 
[Verified Entry Point]
  0x0000024cc0a420c0: 8984 2400 | 06ff ff55 | 4881 ecc0 | 0000 0090 | 4181 7f20 | 6500 0000 

  0x0000024cc0a420d8: ;   {runtime_call StubRoutines (final stubs)}
  0x0000024cc0a420d8: 7405 e881 

  0x0000024cc0a420dc: ;   {metadata(method data for {method} {0x0000024d1675f350} 'resolve' '(Landroidx/compose/ui/text/font/TypefaceRequest;)Landroidx/compose/runtime/State;' in 'androidx/compose/ui/text/font/FontFamilyResolverImpl')}
  0x0000024cc0a420dc: 2cd7 0648 | bef0 b30c | 174d 0200 | 008b becc | 0000 0083 | c702 89be | cc00 0000 | 81e7 fe07 
  0x0000024cc0a420fc: 0000 85ff | 0f84 cc03 | 0000 8b72 

  0x0000024cc0a42108: ;   {metadata(method data for {method} {0x0000024d1675f350} 'resolve' '(Landroidx/compose/ui/text/font/TypefaceRequest;)Landroidx/compose/runtime/State;' in 'androidx/compose/ui/text/font/FontFamilyResolverImpl')}
  0x0000024cc0a42108: 1448 bff0 | b30c 174d | 0200 0048 | 8dbf 2001 | 0000 4d85 | c075 0cf6 | 4718 0175 | 06f0 4883 
  0x0000024cc0a42128: ;   {metadata(method data for {method} {0x0000024d1675f350} 'resolve' '(Landroidx/compose/ui/text/font/TypefaceRequest;)Landroidx/compose/runtime/State;' in 'androidx/compose/ui/text/font/FontFamilyResolverImpl')}
  0x0000024cc0a42128: 4f18 0148 | bff0 b30c | 174d 0200 | 0048 8387 | 1001 0000 

  0x0000024cc0a4213c: ;   {metadata(method data for {method} {0x0000024cd40afc90} 'linkToTargetMethod' '(Ljava/lang/Object;Ljava/lang/Object;Ljava/lang/Object;)Ljava/lang/Object;' in 'java/lang/invoke/Invokers$Holder')}
  0x0000024cc0a4213c: 0148 bfb0 | c328 154d | 0200 008b | 9fcc 0000 | 0083 c302 | 899f cc00 | 0000 81e3 | feff 1f00 
  0x0000024cc0a4215c: 85db 0f84 | 8f03 0000 

  0x0000024cc0a42164: ;   {metadata(method data for {method} {0x0000024cd40b5d50} 'newInvokeSpecial' '(Ljava/lang/Object;Ljava/lang/Object;Ljava/lang/Object;)Ljava/lang/Object;' in 'java/lang/invoke/DirectMethodHandle$Holder')}
  0x0000024cc0a42164: 48bf e0c5 | 2815 4d02 | 0000 488d | bf48 0200 

  0x0000024cc0a42174: ;   {oop(a 'java/lang/invoke/DirectMethodHandle$Constructor'{0x00000000e40b1998})}
  0x0000024cc0a42174: 0048 bb98 | 190b e400 | 0000 0048 | 85db 750a | f607 0175 | 05f0 4883 

  0x0000024cc0a4218c: ;   {metadata(method data for {method} {0x0000024cd40afc90} 'linkToTargetMethod' '(Ljava/lang/Object;Ljava/lang/Object;Ljava/lang/Object;)Ljava/lang/Object;' in 'java/lang/invoke/Invokers$Holder')}
  0x0000024cc0a4218c: 0f01 48bf | b0c3 2815 | 4d02 0000 | 4883 8748 | 0100 0001 

  0x0000024cc0a421a0: ;   {metadata(method data for {method} {0x0000024cd40b5d50} 'newInvokeSpecial' '(Ljava/lang/Object;Ljava/lang/Object;Ljava/lang/Object;)Ljava/lang/Object;' in 'java/lang/invoke/DirectMethodHandle$Holder')}
  0x0000024cc0a421a0: 48bf e0c5 | 2815 4d02 | 0000 8b87 | cc00 0000 | 83c0 0289 | 87cc 0000 | 0025 feff | 1f00 85c0 
  0x0000024cc0a421c0: 0f84 4e03 

  0x0000024cc0a421c4: ;   {metadata(method data for {method} {0x0000024cd40b5d50} 'newInvokeSpecial' '(Ljava/lang/Object;Ljava/lang/Object;Ljava/lang/Object;)Ljava/lang/Object;' in 'java/lang/invoke/DirectMethodHandle$Holder')}
  0x0000024cc0a421c4: 0000 48bf | e0c5 2815 | 4d02 0000 | 488d bf20 | 0100 0048 | 85db 750c | f647 0801 | 7506 f048 
  0x0000024cc0a421e4: 834f 0801 

  0x0000024cc0a421e8: ;   {metadata(method data for {method} {0x0000024cd40b5d50} 'newInvokeSpecial' '(Ljava/lang/Object;Ljava/lang/Object;Ljava/lang/Object;)Ljava/lang/Object;' in 'java/lang/invoke/DirectMethodHandle$Holder')}
  0x0000024cc0a421e8: 48bf e0c5 | 2815 4d02 | 0000 4883 | 8710 0100 

  0x0000024cc0a421f8: ;   {metadata(method data for {method} {0x0000024cd40a2650} 'allocateInstance' '(Ljava/lang/Object;)Ljava/lang/Object;' in 'java/lang/invoke/DirectMethodHandle')}
  0x0000024cc0a421f8: 0001 48bf | 7040 2115 | 4d02 0000 | 8b87 cc00 | 0000 83c0 | 0289 87cc | 0000 0025 | feff 1f00 
  0x0000024cc0a42218: 85c0 0f84 | 1503 0000 

  0x0000024cc0a42220: ;   {oop(a 'jdk/internal/misc/Unsafe'{0x00000000e022b520})}
  0x0000024cc0a42220: 48bf 20b5 | 22e0 0000 | 0000 488b 

  0x0000024cc0a4222c: ;   {metadata(method data for {method} {0x0000024cd40a2650} 'allocateInstance' '(Ljava/lang/Object;)Ljava/lang/Object;' in 'java/lang/invoke/DirectMethodHandle')}
  0x0000024cc0a4222c: c748 b970 | 4021 154d | 0200 0048 | 8381 4801 | 0000 014c | 8984 24a0 

  0x0000024cc0a42244: ;   {oop(a 'java/lang/Class'{0x00000000e40b19f8} = 'androidx/compose/ui/text/font/FontFamilyResolverImpl$$Lambda+0x0000024cd5357bb8')}
  0x0000024cc0a42244: 0000 0049 | b8f8 190b | e400 0000 | 0048 8994 | 2498 0000 | 0048 8bd7 | 4889 b424 | a800 0000 
  0x0000024cc0a42264: 4889 9c24 | 9000 0000 

  0x0000024cc0a4226c: ;   {optimized virtual_call}
  0x0000024cc0a4226c: 6666 90e8 

  0x0000024cc0a42270: ; ImmutableOopMap {[144]=Oop [152]=Oop [160]=Oop [168]=Oop }
                      ;*invokevirtual allocateInstance {reexecute=0 rethrow=0 return_oop=0}
                      ; - java.lang.invoke.DirectMethodHandle::allocateInstance@12 (line 501)
                      ; - java.lang.invoke.DirectMethodHandle$Holder::newInvokeSpecial@1
                      ; - java.lang.invoke.Invokers$Holder::linkToTargetMethod@6
                      ; - androidx.compose.ui.text.font.FontFamilyResolverImpl::resolve@7 (line 94)
  0x0000024cc0a42270: ec14 4b07 

  0x0000024cc0a42274: ;   {other}
  0x0000024cc0a42274: 0f1f 8400 | e403 0000 

  0x0000024cc0a4227c: ;   {metadata(method data for {method} {0x0000024cd40b5d50} 'newInvokeSpecial' '(Ljava/lang/Object;Ljava/lang/Object;Ljava/lang/Object;)Ljava/lang/Object;' in 'java/lang/invoke/DirectMethodHandle$Holder')}
  0x0000024cc0a4227c: 49b8 e0c5 | 2815 4d02 | 0000 4d8d | 8030 0100 | 0048 85c0 | 750b 41f6 | 0001 7505 | f049 8308 
  0x0000024cc0a4229c: ;   {metadata(method data for {method} {0x0000024cd40b5d50} 'newInvokeSpecial' '(Ljava/lang/Object;Ljava/lang/Object;Ljava/lang/Object;)Ljava/lang/Object;' in 'java/lang/invoke/DirectMethodHandle$Holder')}
  0x0000024cc0a4229c: 0149 b8e0 | c528 154d | 0200 004d | 8d80 5001 | 0000 488b | 9c24 9000 | 0000 4885 | db75 0d41 
  0x0000024cc0a422bc: f640 0801 | 7506 f049 | 8348 0801 

  0x0000024cc0a422c8: ;   {metadata(method data for {method} {0x0000024cd40b5d50} 'newInvokeSpecial' '(Ljava/lang/Object;Ljava/lang/Object;Ljava/lang/Object;)Ljava/lang/Object;' in 'java/lang/invoke/DirectMethodHandle$Holder')}
  0x0000024cc0a422c8: 49b8 e0c5 | 2815 4d02 | 0000 4983 | 8040 0100 

  0x0000024cc0a422d8: ;   {metadata(method data for {method} {0x0000024cd40a30f8} 'constructorMethod' '(Ljava/lang/Object;)Ljava/lang/Object;' in 'java/lang/invoke/DirectMethodHandle')}
  0x0000024cc0a422d8: 0001 49b8 | 7843 2115 | 4d02 0000 | 458b 88cc | 0000 0041 | 83c1 0245 | 8988 cc00 | 0000 4181 
  0x0000024cc0a422f8: e1fe ff1f | 0045 85c9 | 0f84 5002 

  0x0000024cc0a42304: ;   {metadata(method data for {method} {0x0000024cd40b5d50} 'newInvokeSpecial' '(Ljava/lang/Object;Ljava/lang/Object;Ljava/lang/Object;)Ljava/lang/Object;' in 'java/lang/invoke/DirectMethodHandle$Holder')}
  0x0000024cc0a42304: 0000 49b8 | e0c5 2815 | 4d02 0000 | 4d8d 8060 

  0x0000024cc0a42314: ;   {oop(a 'java/lang/invoke/MemberName'{0x00000000e40b1bc8} = {method} {0x0000024d16cb9fa0} '<init>' '(Landroidx/compose/ui/text/font/FontFamilyResolverImpl;Landroidx/compose/ui/text/font/TypefaceRequest;)V' in 'androidx/compose/ui/text/font/FontFamilyResolverImpl$$Lambda+0x0000024cd5357bb8')}
  0x0000024cc0a42314: 0100 0049 | b9c8 1b0b | e400 0000 | 004d 85c9 | 750b 41f6 | 0001 7505 | f049 8308 | 0148 3b00 
  0x0000024cc0a42334: ;   {metadata(method data for {method} {0x0000024cd40b5d50} 'newInvokeSpecial' '(Ljava/lang/Object;Ljava/lang/Object;Ljava/lang/Object;)Ljava/lang/Object;' in 'java/lang/invoke/DirectMethodHandle$Holder')}
  0x0000024cc0a42334: 4c8b c049 | b9e0 c528 | 154d 0200 | 0049 8381 | a801 0000 

  0x0000024cc0a42348: ;   {metadata(method data for {method} {0x0000024d16cb9fa0} '<init>' '(Landroidx/compose/ui/text/font/FontFamilyResolverImpl;Landroidx/compose/ui/text/font/TypefaceRequest;)V' in 'androidx/compose/ui/text/font/FontFamilyResolverImpl$$Lambda+0x0000024cd5357bb8')}
  0x0000024cc0a42348: 0149 b8c0 | b50c 174d | 0200 0045 | 8b88 cc00 | 0000 4183 | c102 4589 | 88cc 0000 | 0041 81e1 
  0x0000024cc0a42368: feff 1f00 | 4585 c90f | 8407 0200 | 004c 8bc0 

  0x0000024cc0a42378: ;   {metadata(method data for {method} {0x0000024d16cb9fa0} '<init>' '(Landroidx/compose/ui/text/font/FontFamilyResolverImpl;Landroidx/compose/ui/text/font/TypefaceRequest;)V' in 'androidx/compose/ui/text/font/FontFamilyResolverImpl$$Lambda+0x0000024cd5357bb8')}
  0x0000024cc0a42378: 49b9 c0b5 | 0c17 4d02 | 0000 4983 | 8110 0100 

  0x0000024cc0a42388: ;   {metadata(method data for {method} {0x0000024cd4476d38} '<init>' '()V' in 'java/lang/Object')}
  0x0000024cc0a42388: 0001 49b8 | a878 0015 | 4d02 0000 | 458b 88cc | 0000 0041 | 83c1 0245 | 8988 cc00 | 0000 4181 
  0x0000024cc0a423a8: e1fe ff1f | 0045 85c9 | 0f84 e701 | 0000 450f | be47 4045 | 85c0 0f85 | fa01 0000 | 488b 9424 
  0x0000024cc0a423c8: 9800 0000 | 4c8b d244 | 8950 0c4c | 8bc0 4c33 | c249 c1e8 | 1449 83f8 | 000f 85f3 | 0100 0045 
  0x0000024cc0a423e8: 0fbe 4740 | 4585 c00f | 85fd 0100 | 004c 8b84 | 24a0 0000 | 004d 8bd0 | 4489 5010 | 4c8b c84d 
  0x0000024cc0a42408: 33c8 49c1 | e914 4983 | f900 0f85 | f601 0000 

  0x0000024cc0a42418: ;   {metadata(method data for {method} {0x0000024cd40afc90} 'linkToTargetMethod' '(Ljava/lang/Object;Ljava/lang/Object;Ljava/lang/Object;)Ljava/lang/Object;' in 'java/lang/invoke/Invokers$Holder')}
  0x0000024cc0a42418: 49b9 b0c3 | 2815 4d02 | 0000 4d8d | 89a0 0100 | 0048 85c0 | 750b 41f6 | 0101 7505 | f049 8309 
  0x0000024cc0a42438: ;   {metadata(method data for {method} {0x0000024d1675f350} 'resolve' '(Landroidx/compose/ui/text/font/TypefaceRequest;)Landroidx/compose/runtime/State;' in 'androidx/compose/ui/text/font/FontFamilyResolverImpl')}
  0x0000024cc0a42438: 0149 b9f0 | b30c 174d | 0200 004d | 8d89 4001 | 0000 4885 | c075 0d41 | f601 0175 | 2ff0 4983 
  0x0000024cc0a42458: 0901 eb28 | 8b50 0849 | ba00 0000 | d44c 0200 | 0049 03d2 | 4c8b d249 | 3311 48f7 | c2fc ffff 
  0x0000024cc0a42478: ff74 09f6 | c202 7504 | 4983 0902 | 488b b424 | a800 0000 

  0x0000024cc0a4248c: ; implicit exception: dispatches to 0x0000024cc0a42626
  0x0000024cc0a4248c: 483b 064c 

  0x0000024cc0a42490: ;   {metadata(method data for {method} {0x0000024d1675f350} 'resolve' '(Landroidx/compose/ui/text/font/TypefaceRequest;)Landroidx/compose/runtime/State;' in 'androidx/compose/ui/text/font/FontFamilyResolverImpl')}
  0x0000024cc0a42490: 8bce 48ba | f0b3 0c17 | 4d02 0000 | 4883 8250 | 0100 0001 | 4c8b c848 | 8bd6 0f1f 

  0x0000024cc0a424ac: ;   {optimized virtual_call}
  0x0000024cc0a424ac: 4400 00e8 

  0x0000024cc0a424b0: ; ImmutableOopMap {}
                      ;*invokevirtual runCached {reexecute=0 rethrow=0 return_oop=0}
                      ; - androidx.compose.ui.text.font.FontFamilyResolverImpl::resolve@12 (line 94)
  0x0000024cc0a424b0: 6cd2 e8ff 

  0x0000024cc0a424b4: ;   {other}
  0x0000024cc0a424b4: 0f1f 8400 | 2406 0001 | 4881 c4c0 | 0000 005d 

  0x0000024cc0a424c4: ;   {poll_return}
  0x0000024cc0a424c4: 493b a748 | 0400 000f | 875a 0100 

  0x0000024cc0a424d0: ;   {metadata({method} {0x0000024d1675f350} 'resolve' '(Landroidx/compose/ui/text/font/TypefaceRequest;)Landroidx/compose/runtime/State;' in 'androidx/compose/ui/text/font/FontFamilyResolverImpl')}
  0x0000024cc0a424d0: 00c3 49ba | 48f3 7516 | 4d02 0000 | 4c89 5424 | 0848 c704 | 24ff ffff 

  0x0000024cc0a424e8: ;   {runtime_call counter_overflow Runtime1 stub}
  0x0000024cc0a424e8: ffe8 1241 

  0x0000024cc0a424ec: ; ImmutableOopMap {rdx=Oop r8=Oop }
                      ;*synchronization entry
                      ; - androidx.compose.ui.text.font.FontFamilyResolverImpl::resolve@-1 (line 94)
  0x0000024cc0a424ec: e506 e913 

  0x0000024cc0a424f0: ;   {metadata({method} {0x0000024cd40afc90} 'linkToTargetMethod' '(Ljava/lang/Object;Ljava/lang/Object;Ljava/lang/Object;)Ljava/lang/Object;' in 'java/lang/invoke/Invokers$Holder')}
  0x0000024cc0a424f0: fcff ff49 | ba88 fc0a | d44c 0200 | 004c 8954 | 2408 48c7 | 0424 ffff 

  0x0000024cc0a42508: ;   {runtime_call counter_overflow Runtime1 stub}
  0x0000024cc0a42508: ffff e8f1 

  0x0000024cc0a4250c: ; ImmutableOopMap {rdx=Oop r8=Oop rsi=Oop }
                      ;*synchronization entry
                      ; - java.lang.invoke.Invokers$Holder::linkToTargetMethod@-1
                      ; - androidx.compose.ui.text.font.FontFamilyResolverImpl::resolve@7 (line 94)
  0x0000024cc0a4250c: 40e5 06e9 | 50fc ffff 

  0x0000024cc0a42514: ;   {metadata({method} {0x0000024cd40b5d50} 'newInvokeSpecial' '(Ljava/lang/Object;Ljava/lang/Object;Ljava/lang/Object;)Ljava/lang/Object;' in 'java/lang/invoke/DirectMethodHandle$Holder')}
  0x0000024cc0a42514: 49ba 485d | 0bd4 4c02 | 0000 4c89 | 5424 0848 | c704 24ff 

  0x0000024cc0a42528: ;   {runtime_call counter_overflow Runtime1 stub}
  0x0000024cc0a42528: ffff ffe8 

  0x0000024cc0a4252c: ; ImmutableOopMap {rdx=Oop r8=Oop rsi=Oop rbx=Oop }
                      ;*synchronization entry
                      ; - java.lang.invoke.DirectMethodHandle$Holder::newInvokeSpecial@-1
                      ; - java.lang.invoke.Invokers$Holder::linkToTargetMethod@6
                      ; - androidx.compose.ui.text.font.FontFamilyResolverImpl::resolve@7 (line 94)
  0x0000024cc0a4252c: d040 e506 | e991 fcff 

  0x0000024cc0a42534: ;   {metadata({method} {0x0000024cd40a2650} 'allocateInstance' '(Ljava/lang/Object;)Ljava/lang/Object;' in 'java/lang/invoke/DirectMethodHandle')}
  0x0000024cc0a42534: ff49 ba48 | 260a d44c | 0200 004c | 8954 2408 | 48c7 0424 | ffff ffff 

  0x0000024cc0a4254c: ;   {runtime_call counter_overflow Runtime1 stub}
  0x0000024cc0a4254c: e8af 40e5 

  0x0000024cc0a42550: ; ImmutableOopMap {rdx=Oop r8=Oop rsi=Oop rbx=Oop }
                      ;*synchronization entry
                      ; - java.lang.invoke.DirectMethodHandle::allocateInstance@-1 (line 500)
                      ; - java.lang.invoke.DirectMethodHandle$Holder::newInvokeSpecial@1
                      ; - java.lang.invoke.Invokers$Holder::linkToTargetMethod@6
                      ; - androidx.compose.ui.text.font.FontFamilyResolverImpl::resolve@7 (line 94)
  0x0000024cc0a42550: 06e9 cafc 

  0x0000024cc0a42554: ;   {metadata({method} {0x0000024cd40a30f8} 'constructorMethod' '(Ljava/lang/Object;)Ljava/lang/Object;' in 'java/lang/invoke/DirectMethodHandle')}
  0x0000024cc0a42554: ffff 49ba | f030 0ad4 | 4c02 0000 | 4c89 5424 | 0848 c704 | 24ff ffff 

  0x0000024cc0a4256c: ;   {runtime_call counter_overflow Runtime1 stub}
  0x0000024cc0a4256c: ffe8 8e40 

  0x0000024cc0a42570: ; ImmutableOopMap {rax=Oop [152]=Oop [160]=Oop [168]=Oop }
                      ;*synchronization entry
                      ; - java.lang.invoke.DirectMethodHandle::constructorMethod@-1 (line 494)
                      ; - java.lang.invoke.DirectMethodHandle$Holder::newInvokeSpecial@6
                      ; - java.lang.invoke.Invokers$Holder::linkToTargetMethod@6
                      ; - androidx.compose.ui.text.font.FontFamilyResolverImpl::resolve@7 (line 94)
  0x0000024cc0a42570: e506 e98f 

  0x0000024cc0a42574: ;   {runtime_call throw_null_pointer_exception Runtime1 stub}
  0x0000024cc0a42574: fdff ffe8 

  0x0000024cc0a42578: ; ImmutableOopMap {rax=Oop [152]=Oop [160]=Oop [168]=Oop }
                      ;*invokestatic linkToSpecial {reexecute=0 rethrow=0 return_oop=0}
                      ; - java.lang.invoke.DirectMethodHandle$Holder::newInvokeSpecial@19
                      ; - java.lang.invoke.Invokers$Holder::linkToTargetMethod@6
                      ; - androidx.compose.ui.text.font.FontFamilyResolverImpl::resolve@7 (line 94)
  0x0000024cc0a42578: 04e6 e406 

  0x0000024cc0a4257c: ;   {metadata({method} {0x0000024d16cb9fa0} '<init>' '(Landroidx/compose/ui/text/font/FontFamilyResolverImpl;Landroidx/compose/ui/text/font/TypefaceRequest;)V' in 'androidx/compose/ui/text/font/FontFamilyResolverImpl$$Lambda+0x0000024cd5357bb8')}
  0x0000024cc0a4257c: 49ba 989f | cb16 4d02 | 0000 4c89 | 5424 0848 | c704 24ff 

  0x0000024cc0a42590: ;   {runtime_call counter_overflow Runtime1 stub}
  0x0000024cc0a42590: ffff ffe8 

  0x0000024cc0a42594: ; ImmutableOopMap {rax=Oop [152]=Oop [160]=Oop [168]=Oop }
                      ;*synchronization entry
                      ; - androidx.compose.ui.text.font.FontFamilyResolverImpl$$Lambda/0x0000024cd5357bb8::<init>@-1
                      ; - java.lang.invoke.DirectMethodHandle$Holder::newInvokeSpecial@19
                      ; - java.lang.invoke.Invokers$Holder::linkToTargetMethod@6
                      ; - androidx.compose.ui.text.font.FontFamilyResolverImpl::resolve@7 (line 94)
  0x0000024cc0a42594: 6840 e506 | e9d8 fdff 

  0x0000024cc0a4259c: ;   {metadata({method} {0x0000024cd4476d38} '<init>' '()V' in 'java/lang/Object')}
  0x0000024cc0a4259c: ff49 ba30 | 6d47 d44c | 0200 004c | 8954 2408 | 48c7 0424 | ffff ffff 

  0x0000024cc0a425b4: ;   {runtime_call counter_overflow Runtime1 stub}
  0x0000024cc0a425b4: e847 40e5 

  0x0000024cc0a425b8: ; ImmutableOopMap {rax=Oop [152]=Oop [160]=Oop [168]=Oop }
                      ;*synchronization entry
                      ; - java.lang.Object::<init>@-1 (line 45)
                      ; - androidx.compose.ui.text.font.FontFamilyResolverImpl$$Lambda/0x0000024cd5357bb8::<init>@1
                      ; - java.lang.invoke.DirectMethodHandle$Holder::newInvokeSpecial@19
                      ; - java.lang.invoke.Invokers$Holder::linkToTargetMethod@6
                      ; - androidx.compose.ui.text.font.FontFamilyResolverImpl::resolve@7 (line 94)
  0x0000024cc0a425b8: 06e9 f8fd | ffff 448b | 400c 4983 | f800 0f84 | f8fd ffff | 4c89 0424 

  0x0000024cc0a425d0: ;   {runtime_call g1_pre_barrier_slow}
  0x0000024cc0a425d0: e82b 4fe5 | 06e9 eafd | ffff 4883 | fa00 0f84 | 03fe ffff | 4889 0424 

  0x0000024cc0a425e8: ;   {runtime_call g1_post_barrier_slow}
  0x0000024cc0a425e8: e893 56e5 | 06e9 f5fd | ffff 448b | 4010 4983 | f800 0f84 | f5fd ffff | 4c89 0424 

  0x0000024cc0a42604: ;   {runtime_call g1_pre_barrier_slow}
  0x0000024cc0a42604: e8f7 4ee5 | 06e9 e7fd | ffff 4983 | f800 0f84 | 00fe ffff | 4889 0424 

  0x0000024cc0a4261c: ;   {runtime_call g1_post_barrier_slow}
  0x0000024cc0a4261c: e85f 56e5 | 06e9 f2fd 

  0x0000024cc0a42624: ;   {runtime_call throw_null_pointer_exception Runtime1 stub}
  0x0000024cc0a42624: ffff e855 

  0x0000024cc0a42628: ; ImmutableOopMap {rax=Oop r8=Oop rsi=Oop }
                      ;*invokevirtual runCached {reexecute=0 rethrow=0 return_oop=0}
                      ; - androidx.compose.ui.text.font.FontFamilyResolverImpl::resolve@12 (line 94)
                      ;   {internal_word}
  0x0000024cc0a42628: e5e4 0649 | bac4 24a4 | c04c 0200 | 004d 8997 | 6004 0000 

  0x0000024cc0a4263c: ;   {runtime_call SafepointBlob}
  0x0000024cc0a4263c: e9bf 30d9 | 0649 8b87 | f804 0000 | 49c7 87f8 | 0400 0000 | 0000 0049 | c787 0005 | 0000 0000 
  0x0000024cc0a4265c: 0000 4881 | c4c0 0000 

  0x0000024cc0a42664: ;   {runtime_call unwind_exception Runtime1 stub}
  0x0000024cc0a42664: 005d e915 | d6e4 06f4 | f4f4 f4f4 
[Stub Code]
  0x0000024cc0a42670: ;   {no_reloc}
  0x0000024cc0a42670: 48bb 0000 | 0000 0000 

  0x0000024cc0a42678: ;   {runtime_call nmethod}
  0x0000024cc0a42678: 0000 e9fb 

  0x0000024cc0a4267c: ;   {static_stub}
  0x0000024cc0a4267c: ffff ff48 | bb78 8277 | 164d 0200 

  0x0000024cc0a42688: ;   {runtime_call I2C/C2I adapters}
  0x0000024cc0a42688: 00e9 dd86 

  0x0000024cc0a4268c: ;   {runtime_call handle_exception_from_callee Runtime1 stub}
  0x0000024cc0a4268c: d806 e8ed 

  0x0000024cc0a42690: ;   {external_word}
  0x0000024cc0a42690: 02e5 0648 | b990 e2b5 | 55f8 7f00 | 0048 83e4 

  0x0000024cc0a426a0: ;   {runtime_call}
  0x0000024cc0a426a0: f048 b810 | 7978 55f8 | 7f00 00ff 

  0x0000024cc0a426ac: ;   {section_word}
  0x0000024cc0a426ac: d0f4 49ba | ae26 a4c0 | 4c02 0000 

  0x0000024cc0a426b8: ;   {runtime_call DeoptimizationBlob}
  0x0000024cc0a426b8: 4152 e9e1 | 22d9 06f4 
[/MachCode]


Compiled method (c1) 43464 8569       3       androidx.compose.ui.text.font.FontFamilyResolverImpl::resolve-DPcqOEQ (63 bytes)
 total in heap  [0x0000024cc0a43490,0x0000024cc0a443c0] = 3888
 relocation     [0x0000024cc0a435f0,0x0000024cc0a436a8] = 184
 main code      [0x0000024cc0a436c0,0x0000024cc0a43fb0] = 2288
 stub code      [0x0000024cc0a43fb0,0x0000024cc0a44018] = 104
 oops           [0x0000024cc0a44018,0x0000024cc0a44020] = 8
 metadata       [0x0000024cc0a44020,0x0000024cc0a44080] = 96
 scopes data    [0x0000024cc0a44080,0x0000024cc0a44220] = 416
 scopes pcs     [0x0000024cc0a44220,0x0000024cc0a44380] = 352
 dependencies   [0x0000024cc0a44380,0x0000024cc0a443a0] = 32
 nul chk table  [0x0000024cc0a443a0,0x0000024cc0a443c0] = 32

[Constant Pool (empty)]

[MachCode]
[Entry Point]
  # {method} {0x0000024d1675f278} 'resolve-DPcqOEQ' '(Landroidx/compose/ui/text/font/FontFamily;Landroidx/compose/ui/text/font/FontWeight;II)Landroidx/compose/runtime/State;' in 'androidx/compose/ui/text/font/FontFamilyResolverImpl'
  # this:     rdx:rdx   = 'androidx/compose/ui/text/font/FontFamilyResolverImpl'
  # parm0:    r8:r8     = 'androidx/compose/ui/text/font/FontFamily'
  # parm1:    r9:r9     = 'androidx/compose/ui/text/font/FontWeight'
  # parm2:    rdi       = int
  # parm3:    rsi       = int
  #           [sp+0xb0]  (sp of caller)
  0x0000024cc0a436c0: 448b 5208 | 49bb 0000 | 00d4 4c02 | 0000 4d03 | d34c 3bd0 

  0x0000024cc0a436d4: ;   {runtime_call ic_miss_stub}
  0x0000024cc0a436d4: 0f85 a6b0 | d806 660f | 1f44 0000 
[Verified Entry Point]
  0x0000024cc0a436e0: 8984 2400 | 80ff ff55 | 4881 eca0 | 0000 0090 | 4181 7f20 | 6500 0000 

  0x0000024cc0a436f8: ;   {runtime_call StubRoutines (final stubs)}
  0x0000024cc0a436f8: 7405 e861 

  0x0000024cc0a436fc: ;   {metadata(method data for {method} {0x0000024d1675f278} 'resolve-DPcqOEQ' '(Landroidx/compose/ui/text/font/FontFamily;Landroidx/compose/ui/text/font/FontWeight;II)Landroidx/compose/runtime/State;' in 'androidx/compose/ui/text/font/FontFamilyResolverImpl')}
  0x0000024cc0a436fc: 16d7 0648 | b838 ac0c | 174d 0200 | 008b 88cc | 0000 0083 | c102 8988 | cc00 0000 | 81e1 fe07 
  0x0000024cc0a4371c: 0000 85c9 | 0f84 2407 | 0000 89b4 | 248c 0000 | 0089 bc24 | 8800 0000 | 4c89 8c24 | 8000 0000 
  0x0000024cc0a4373c: 4c89 4424 | 7848 8bda 

  0x0000024cc0a43744: ;   {metadata('androidx/compose/ui/text/font/TypefaceRequest')}
  0x0000024cc0a43744: 48ba b857 | 2bd5 4c02 | 0000 498b | 87b8 0100 | 0048 8d78 | 2049 3bbf | c801 0000 | 0f87 0507 
  0x0000024cc0a43764: 0000 4989 | bfb8 0100 | 0048 c700 | 0100 0000 | 488b ca49 | ba00 0000 | d44c 0200 | 0049 2bca 
  0x0000024cc0a43784: 8948 0848 | 33c9 8948 | 0c48 33c9 | 4889 4810 | 4889 4818 | 8b53 1048 | 85d2 0f84 | 2800 0000 
  0x0000024cc0a437a4: ;   {metadata('androidx/compose/ui/text/font/PlatformResolveInterceptor$Companion$Default$1')}
  0x0000024cc0a437a4: 49be 982f | 2bd5 4c02 | 0000 8b7a | 0849 ba00 | 0000 d44c | 0200 0049 | 03fa 4c3b | f70f 85b1 
  0x0000024cc0a437c4: 0600 00e9 | 0000 0000 | 488b f248 | 3b02 488b 

  0x0000024cc0a437d4: ;   {metadata(method data for {method} {0x0000024d1675f278} 'resolve-DPcqOEQ' '(Landroidx/compose/ui/text/font/FontFamily;Landroidx/compose/ui/text/font/FontWeight;II)Landroidx/compose/runtime/State;' in 'androidx/compose/ui/text/font/FontFamilyResolverImpl')}
  0x0000024cc0a437d4: f248 bf38 | ac0c 174d | 0200 008b | 7608 49ba | 0000 00d4 | 4c02 0000 | 4903 f248 | 3bb7 2001 
  0x0000024cc0a437f4: 0000 750d | 4883 8728 | 0100 0001 | e960 0000 | 0048 3bb7 | 3001 0000 | 750d 4883 | 8738 0100 
  0x0000024cc0a43814: 0001 e94a | 0000 0048 | 83bf 2001 | 0000 0075 | 1748 89b7 | 2001 0000 | 48c7 8728 | 0100 0001 
  0x0000024cc0a43834: 0000 00e9 | 2900 0000 | 4883 bf30 | 0100 0000 | 7517 4889 | b730 0100 | 0048 c787 | 3801 0000 
  0x0000024cc0a43854: 0100 0000 | e908 0000 | 0048 8387 | 1001 0000 

  0x0000024cc0a43864: ;   {metadata(method data for {method} {0x0000024d167760b8} 'interceptFontFamily' '(Landroidx/compose/ui/text/font/FontFamily;)Landroidx/compose/ui/text/font/FontFamily;' in 'androidx/compose/ui/text/font/PlatformResolveInterceptor')}
  0x0000024cc0a43864: 0148 bec8 | fd0b 174d | 0200 008b | becc 0000 | 0083 c702 | 89be cc00 | 0000 81e7 | feff 1f00 
  0x0000024cc0a43884: 85ff 0f84 | f605 0000 | 4885 d20f | 8428 0000 

  0x0000024cc0a43894: ;   {metadata('androidx/compose/ui/text/font/PlatformResolveInterceptor$Companion$Default$1')}
  0x0000024cc0a43894: 0049 be98 | 2f2b d54c | 0200 008b | 7a08 49ba | 0000 00d4 | 4c02 0000 | 4903 fa4c | 3bf7 0f85 
  0x0000024cc0a438b4: eb05 0000 | e900 0000 | 0048 8bf2 

  0x0000024cc0a438c0: ;   {metadata(method data for {method} {0x0000024d1675f278} 'resolve-DPcqOEQ' '(Landroidx/compose/ui/text/font/FontFamily;Landroidx/compose/ui/text/font/FontWeight;II)Landroidx/compose/runtime/State;' in 'androidx/compose/ui/text/font/FontFamilyResolverImpl')}
  0x0000024cc0a438c0: 488b f248 | bf38 ac0c | 174d 0200 | 008b 7608 | 49ba 0000 | 00d4 4c02 | 0000 4903 | f248 3bb7 
  0x0000024cc0a438e0: 5801 0000 | 750d 4883 | 8760 0100 | 0001 e960 | 0000 0048 | 3bb7 6801 | 0000 750d | 4883 8770 
  0x0000024cc0a43900: 0100 0001 | e94a 0000 | 0048 83bf | 5801 0000 | 0075 1748 | 89b7 5801 | 0000 48c7 | 8760 0100 
  0x0000024cc0a43920: 0001 0000 | 00e9 2900 | 0000 4883 | bf68 0100 | 0000 7517 | 4889 b768 | 0100 0048 | c787 7001 
  0x0000024cc0a43940: 0000 0100 | 0000 e908 | 0000 0048 | 8387 4801 

  0x0000024cc0a43950: ;   {metadata(method data for {method} {0x0000024d16776170} 'interceptFontWeight' '(Landroidx/compose/ui/text/font/FontWeight;)Landroidx/compose/ui/text/font/FontWeight;' in 'androidx/compose/ui/text/font/PlatformResolveInterceptor')}
  0x0000024cc0a43950: 0000 0148 | be38 060c | 174d 0200 | 008b becc | 0000 0083 | c702 89be | cc00 0000 | 81e7 feff 
  0x0000024cc0a43970: 1f00 85ff | 0f84 2e05 | 0000 4885 | d20f 8428 

  0x0000024cc0a43980: ;   {metadata('androidx/compose/ui/text/font/PlatformResolveInterceptor$Companion$Default$1')}
  0x0000024cc0a43980: 0000 0049 | be98 2f2b | d54c 0200 | 008b 7a08 | 49ba 0000 | 00d4 4c02 | 0000 4903 | fa4c 3bf7 
  0x0000024cc0a439a0: 0f85 2305 | 0000 e900 | 0000 0048 | 8bf2 488b 

  0x0000024cc0a439b0: ;   {metadata(method data for {method} {0x0000024d1675f278} 'resolve-DPcqOEQ' '(Landroidx/compose/ui/text/font/FontFamily;Landroidx/compose/ui/text/font/FontWeight;II)Landroidx/compose/runtime/State;' in 'androidx/compose/ui/text/font/FontFamilyResolverImpl')}
  0x0000024cc0a439b0: f248 bf38 | ac0c 174d | 0200 008b | 7608 49ba | 0000 00d4 | 4c02 0000 | 4903 f248 | 3bb7 9001 
  0x0000024cc0a439d0: 0000 750d | 4883 8798 | 0100 0001 | e960 0000 | 0048 3bb7 | a001 0000 | 750d 4883 | 87a8 0100 
  0x0000024cc0a439f0: 0001 e94a | 0000 0048 | 83bf 9001 | 0000 0075 | 1748 89b7 | 9001 0000 | 48c7 8798 | 0100 0001 
  0x0000024cc0a43a10: 0000 00e9 | 2900 0000 | 4883 bfa0 | 0100 0000 | 7517 4889 | b7a0 0100 | 0048 c787 | a801 0000 
  0x0000024cc0a43a30: 0100 0000 | e908 0000 | 0048 8387 | 8001 0000 

  0x0000024cc0a43a40: ;   {metadata(method data for {method} {0x0000024d16776228} 'interceptFontStyle-T2F_aPo' '(I)I' in 'androidx/compose/ui/text/font/PlatformResolveInterceptor')}
  0x0000024cc0a43a40: 0148 bee0 | ae0c 174d | 0200 008b | becc 0000 | 0083 c702 | 89be cc00 | 0000 81e7 | feff 1f00 
  0x0000024cc0a43a60: 85ff 0f84 | 6604 0000 | 4885 d20f | 8428 0000 

  0x0000024cc0a43a70: ;   {metadata('androidx/compose/ui/text/font/PlatformResolveInterceptor$Companion$Default$1')}
  0x0000024cc0a43a70: 0049 be98 | 2f2b d54c | 0200 008b | 7a08 49ba | 0000 00d4 | 4c02 0000 | 4903 fa4c | 3bf7 0f85 
  0x0000024cc0a43a90: 5b04 0000 | e900 0000 | 0048 8bf2 

  0x0000024cc0a43a9c: ;   {metadata(method data for {method} {0x0000024d1675f278} 'resolve-DPcqOEQ' '(Landroidx/compose/ui/text/font/FontFamily;Landroidx/compose/ui/text/font/FontWeight;II)Landroidx/compose/runtime/State;' in 'androidx/compose/ui/text/font/FontFamilyResolverImpl')}
  0x0000024cc0a43a9c: 48be 38ac | 0c17 4d02 | 0000 8b52 | 0849 ba00 | 0000 d44c | 0200 0049 | 03d2 483b | 96c8 0100 
  0x0000024cc0a43abc: 0075 0d48 | 8386 d001 | 0000 01e9 | 6000 0000 | 483b 96d8 | 0100 0075 | 0d48 8386 | e001 0000 
  0x0000024cc0a43adc: 01e9 4a00 | 0000 4883 | bec8 0100 | 0000 7517 | 4889 96c8 | 0100 0048 | c786 d001 | 0000 0100 
  0x0000024cc0a43afc: 0000 e929 | 0000 0048 | 83be d801 | 0000 0075 | 1748 8996 | d801 0000 | 48c7 86e0 | 0100 0001 
  0x0000024cc0a43b1c: 0000 00e9 | 0800 0000 | 4883 86b8 | 0100 0001 

  0x0000024cc0a43b2c: ;   {metadata(method data for {method} {0x0000024d167762e0} 'interceptFontSynthesis-Mscr08Y' '(I)I' in 'androidx/compose/ui/text/font/PlatformResolveInterceptor')}
  0x0000024cc0a43b2c: 48ba 10b0 | 0c17 4d02 | 0000 8bb2 | cc00 0000 | 83c6 0289 | b2cc 0000 | 0081 e6fe | ff1f 0085 
  0x0000024cc0a43b4c: f60f 84a1 | 0300 008b | 530c 4885 | d20f 8428 

  0x0000024cc0a43b5c: ;   {metadata('androidx/compose/ui/text/font/SkiaFontLoader')}
  0x0000024cc0a43b5c: 0000 0049 | be08 fb2a | d54c 0200 | 008b 7a08 | 49ba 0000 | 00d4 4c02 | 0000 4903 | fa4c 3bf7 
  0x0000024cc0a43b7c: 0f85 9303 | 0000 e900 | 0000 0048 | 8bf2 483b | 0248 8bf2 

  0x0000024cc0a43b90: ;   {metadata(method data for {method} {0x0000024d1675f278} 'resolve-DPcqOEQ' '(Landroidx/compose/ui/text/font/FontFamily;Landroidx/compose/ui/text/font/FontWeight;II)Landroidx/compose/runtime/State;' in 'androidx/compose/ui/text/font/FontFamilyResolverImpl')}
  0x0000024cc0a43b90: 48bf 38ac | 0c17 4d02 | 0000 4883 | 8708 0200 

  0x0000024cc0a43ba0: ;   {metadata(method data for {method} {0x0000024d16761b38} 'getCacheKey' '()Ljava/lang/Object;' in 'androidx/compose/ui/text/font/SkiaFontLoader')}
  0x0000024cc0a43ba0: 0001 48be | 40b1 0c17 | 4d02 0000 | 8bbe cc00 | 0000 83c7 | 0289 becc | 0000 0081 | e7fe ff1f 
  0x0000024cc0a43bc0: 0085 ff0f | 8456 0300 | 0048 8bf2 

  0x0000024cc0a43bcc: ;   {metadata(method data for {method} {0x0000024d16761b38} 'getCacheKey' '()Ljava/lang/Object;' in 'androidx/compose/ui/text/font/SkiaFontLoader')}
  0x0000024cc0a43bcc: 48bf 40b1 | 0c17 4d02 | 0000 4883 | 8710 0100 

  0x0000024cc0a43bdc: ;   {metadata(method data for {method} {0x0000024d167616f0} 'getFontCache' '()Landroidx/compose/ui/text/platform/FontCache;' in 'androidx/compose/ui/text/font/SkiaFontLoader')}
  0x0000024cc0a43bdc: 0001 48be | 8828 0a17 | 4d02 0000 | 8bbe cc00 | 0000 83c7 | 0289 becc | 0000 0081 | e7fe ff1f 
  0x0000024cc0a43bfc: 0085 ff0f | 843b 0300 | 008b 520c 

  0x0000024cc0a43c08: ; implicit exception: dispatches to 0x0000024cc0a43f61
  0x0000024cc0a43c08: 483b 0248 

  0x0000024cc0a43c0c: ;   {metadata(method data for {method} {0x0000024d167616f0} 'getFontCache' '()Landroidx/compose/ui/text/platform/FontCache;' in 'androidx/compose/ui/text/font/SkiaFontLoader')}
  0x0000024cc0a43c0c: 8bf2 48bf | 8828 0a17 | 4d02 0000 | 8b76 0849 | ba00 0000 | d44c 0200 | 0049 03f2 | 483b b720 
  0x0000024cc0a43c2c: 0100 0075 | 0d48 8387 | 2801 0000 | 01e9 6000 | 0000 483b | b730 0100 | 0075 0d48 | 8387 3801 
  0x0000024cc0a43c4c: 0000 01e9 | 4a00 0000 | 4883 bf20 | 0100 0000 | 7517 4889 | b720 0100 | 0048 c787 | 2801 0000 
  0x0000024cc0a43c6c: 0100 0000 | e929 0000 | 0048 83bf | 3001 0000 | 0075 1748 | 89b7 3001 | 0000 48c7 | 8738 0100 
  0x0000024cc0a43c8c: 0001 0000 | 00e9 0800 | 0000 4883 | 8710 0100 | 0001 4889 | 9c24 9000 | 0000 4889 | 4424 7066 
  0x0000024cc0a43cac: 9048 b8d8 | a512 d54c 

  0x0000024cc0a43cb4: ;   {virtual_call}
  0x0000024cc0a43cb4: 0200 00e8 

  0x0000024cc0a43cb8: ; ImmutableOopMap {[112]=Oop [120]=Oop [128]=Oop [144]=Oop }
                      ;*invokeinterface getValue {reexecute=0 rethrow=0 return_oop=0}
                      ; - androidx.compose.ui.text.font.SkiaFontLoader::getFontCache@6 (line 33)
                      ; - androidx.compose.ui.text.font.SkiaFontLoader::getCacheKey@1 (line 71)
                      ; - androidx.compose.ui.text.font.FontFamilyResolverImpl::resolve-DPcqOEQ@50 (line 86)
  0x0000024cc0a43cb8: 843c d607 

  0x0000024cc0a43cbc: ;   {other}
  0x0000024cc0a43cbc: 0f1f 8400 | 2c08 0000 | 4885 c075 

  0x0000024cc0a43cc8: ;   {metadata(method data for {method} {0x0000024d167616f0} 'getFontCache' '()Landroidx/compose/ui/text/platform/FontCache;' in 'androidx/compose/ui/text/font/SkiaFontLoader')}
  0x0000024cc0a43cc8: 1749 b988 | 280a 174d | 0200 0041 | 8089 4101 | 0000 01e9 | cd00 0000 

  0x0000024cc0a43ce0: ;   {metadata('androidx/compose/ui/text/platform/FontCache')}
  0x0000024cc0a43ce0: 48bf 78ec | 2ad5 4c02 | 0000 448b | 4008 49ba | 0000 00d4 | 4c02 0000 | 4d03 c249 | 3bf8 0f85 
  0x0000024cc0a43d00: 8d00 0000 

  0x0000024cc0a43d04: ;   {metadata(method data for {method} {0x0000024d167616f0} 'getFontCache' '()Landroidx/compose/ui/text/platform/FontCache;' in 'androidx/compose/ui/text/font/SkiaFontLoader')}
  0x0000024cc0a43d04: 49b9 8828 | 0a17 4d02 | 0000 8b78 | 0849 ba00 | 0000 d44c | 0200 0049 | 03fa 493b | b958 0100 
  0x0000024cc0a43d24: 0075 0d49 | 8381 6001 | 0000 01e9 | 7900 0000 | 493b b968 | 0100 0075 | 0d49 8381 | 7001 0000 
  0x0000024cc0a43d44: 01e9 6300 | 0000 4983 | b958 0100 | 0000 7517 | 4989 b958 | 0100 0049 | c781 6001 | 0000 0100 
  0x0000024cc0a43d64: 0000 e942 | 0000 0049 | 83b9 6801 | 0000 0075 | 1749 89b9 | 6801 0000 | 49c7 8170 | 0100 0001 
  0x0000024cc0a43d84: 0000 00e9 | 2100 0000 | e91c 0000 

  0x0000024cc0a43d90: ;   {metadata(method data for {method} {0x0000024d167616f0} 'getFontCache' '()Landroidx/compose/ui/text/platform/FontCache;' in 'androidx/compose/ui/text/font/SkiaFontLoader')}
  0x0000024cc0a43d90: 0049 b988 | 280a 174d | 0200 0049 | 83a9 4801 | 0000 01e9 | be01 0000 | e900 0000 | 0048 8bc8 
  0x0000024cc0a43db0: 488b 4424 

  0x0000024cc0a43db4: ;   {metadata(method data for {method} {0x0000024d1675f278} 'resolve-DPcqOEQ' '(Landroidx/compose/ui/text/font/FontFamily;Landroidx/compose/ui/text/font/FontWeight;II)Landroidx/compose/runtime/State;' in 'androidx/compose/ui/text/font/FontFamilyResolverImpl')}
  0x0000024cc0a43db4: 7049 b838 | ac0c 174d | 0200 0049 | 8380 2802 | 0000 014c | 8b44 2478 | 4c8b 8c24 | 8000 0000 
  0x0000024cc0a43dd4: 8bbc 2488 | 0000 008b | b424 8c00 | 0000 4d33 | d24c 8914 | 2448 8b54 

  0x0000024cc0a43dec: ;   {optimized virtual_call}
  0x0000024cc0a43dec: 2470 90e8 

  0x0000024cc0a43df0: ; ImmutableOopMap {[112]=Oop [144]=Oop }
                      ;*invokespecial <init> {reexecute=0 rethrow=0 return_oop=0}
                      ; - androidx.compose.ui.text.font.FontFamilyResolverImpl::resolve-DPcqOEQ@56 (line 81)
  0x0000024cc0a43df0: 4c00 b407 

  0x0000024cc0a43df4: ;   {other}
  0x0000024cc0a43df4: 0f1f 8400 | 6409 0001 | 488b 9424 | 9000 0000 

  0x0000024cc0a43e04: ;   {metadata(method data for {method} {0x0000024d1675f278} 'resolve-DPcqOEQ' '(Landroidx/compose/ui/text/font/FontFamily;Landroidx/compose/ui/text/font/FontWeight;II)Landroidx/compose/runtime/State;' in 'androidx/compose/ui/text/font/FontFamilyResolverImpl')}
  0x0000024cc0a43e04: 49b8 38ac | 0c17 4d02 | 0000 4983 | 8038 0200 | 0001 4c8b | 4424 7048 | 8b94 2490 | 0000 000f 
  0x0000024cc0a43e24: ;   {optimized virtual_call}
  0x0000024cc0a43e24: 1f40 00e8 

  0x0000024cc0a43e28: ; ImmutableOopMap {}
                      ;*invokespecial resolve {reexecute=0 rethrow=0 return_oop=0}
                      ; - androidx.compose.ui.text.font.FontFamilyResolverImpl::resolve-DPcqOEQ@59 (line 80)
  0x0000024cc0a43e28: 94e2 ffff 

  0x0000024cc0a43e2c: ;   {other}
  0x0000024cc0a43e2c: 0f1f 8400 | 9c09 0002 | 4881 c4a0 | 0000 005d 

  0x0000024cc0a43e3c: ;   {poll_return}
  0x0000024cc0a43e3c: 493b a748 | 0400 000f | 8726 0100 

  0x0000024cc0a43e48: ;   {metadata({method} {0x0000024d1675f278} 'resolve-DPcqOEQ' '(Landroidx/compose/ui/text/font/FontFamily;Landroidx/compose/ui/text/font/FontWeight;II)Landroidx/compose/runtime/State;' in 'androidx/compose/ui/text/font/FontFamilyResolverImpl')}
  0x0000024cc0a43e48: 00c3 49ba | 70f2 7516 | 4d02 0000 | 4c89 5424 | 0848 c704 | 24ff ffff 

  0x0000024cc0a43e60: ;   {runtime_call counter_overflow Runtime1 stub}
  0x0000024cc0a43e60: ffe8 9a27 

  0x0000024cc0a43e64: ; ImmutableOopMap {rdx=Oop r8=Oop r9=Oop }
                      ;*synchronization entry
                      ; - androidx.compose.ui.text.font.FontFamilyResolverImpl::resolve-DPcqOEQ@-1 (line 80)
  0x0000024cc0a43e64: e506 e9bb | f8ff ff48 

  0x0000024cc0a43e6c: ;   {runtime_call fast_new_instance Runtime1 stub}
  0x0000024cc0a43e6c: 8bd2 e80d 

  0x0000024cc0a43e70: ; ImmutableOopMap {rbx=Oop [120]=Oop [128]=Oop }
                      ;*new {reexecute=0 rethrow=0 return_oop=0}
                      ; - androidx.compose.ui.text.font.FontFamilyResolverImpl::resolve-DPcqOEQ@1 (line 81)
  0x0000024cc0a43e70: d6e4 06e9 | 20f9 ffff 

  0x0000024cc0a43e78: ;   {runtime_call throw_incompatible_class_change_error Runtime1 stub}
  0x0000024cc0a43e78: e803 f9e4 

  0x0000024cc0a43e7c: ; ImmutableOopMap {rbx=Oop rax=Oop rdx=Oop [120]=Oop [128]=Oop }
                      ;*invokeinterface interceptFontFamily {reexecute=0 rethrow=0 return_oop=0}
                      ; - androidx.compose.ui.text.font.FontFamilyResolverImpl::resolve-DPcqOEQ@10 (line 82)
                      ;   {runtime_call throw_null_pointer_exception Runtime1 stub}
  0x0000024cc0a43e7c: 06e8 fecc 

  0x0000024cc0a43e80: ; ImmutableOopMap {rbx=Oop rax=Oop rdx=Oop [120]=Oop [128]=Oop }
                      ;*invokeinterface interceptFontFamily {reexecute=0 rethrow=0 return_oop=0}
                      ; - androidx.compose.ui.text.font.FontFamilyResolverImpl::resolve-DPcqOEQ@10 (line 82)
                      ;   {metadata({method} {0x0000024d167760b8} 'interceptFontFamily' '(Landroidx/compose/ui/text/font/FontFamily;)Landroidx/compose/ui/text/font/FontFamily;' in 'androidx/compose/ui/text/font/PlatformResolveInterceptor')}
  0x0000024cc0a43e80: e406 49ba | b060 7716 | 4d02 0000 | 4c89 5424 | 0848 c704 | 24ff ffff 

  0x0000024cc0a43e98: ;   {runtime_call counter_overflow Runtime1 stub}
  0x0000024cc0a43e98: ffe8 6227 

  0x0000024cc0a43e9c: ; ImmutableOopMap {rbx=Oop rax=Oop rdx=Oop [120]=Oop [128]=Oop }
                      ;*synchronization entry
                      ; - androidx.compose.ui.text.font.PlatformResolveInterceptor::interceptFontFamily@-1 (line 120)
                      ; - androidx.compose.ui.text.font.FontFamilyResolverImpl::resolve-DPcqOEQ@10 (line 82)
  0x0000024cc0a43e9c: e506 e9e9 

  0x0000024cc0a43ea0: ;   {runtime_call throw_incompatible_class_change_error Runtime1 stub}
  0x0000024cc0a43ea0: f9ff ffe8 

  0x0000024cc0a43ea4: ; ImmutableOopMap {rbx=Oop rax=Oop rdx=Oop [120]=Oop [128]=Oop }
                      ;*invokeinterface interceptFontWeight {reexecute=0 rethrow=0 return_oop=0}
                      ; - androidx.compose.ui.text.font.FontFamilyResolverImpl::resolve-DPcqOEQ@20 (line 83)
  0x0000024cc0a43ea4: d8f8 e406 

  0x0000024cc0a43ea8: ;   {metadata({method} {0x0000024d16776170} 'interceptFontWeight' '(Landroidx/compose/ui/text/font/FontWeight;)Landroidx/compose/ui/text/font/FontWeight;' in 'androidx/compose/ui/text/font/PlatformResolveInterceptor')}
  0x0000024cc0a43ea8: 49ba 6861 | 7716 4d02 | 0000 4c89 | 5424 0848 | c704 24ff 

  0x0000024cc0a43ebc: ;   {runtime_call counter_overflow Runtime1 stub}
  0x0000024cc0a43ebc: ffff ffe8 

  0x0000024cc0a43ec0: ; ImmutableOopMap {rbx=Oop rax=Oop rdx=Oop [120]=Oop [128]=Oop }
                      ;*synchronization entry
                      ; - androidx.compose.ui.text.font.PlatformResolveInterceptor::interceptFontWeight@-1 (line 122)
                      ; - androidx.compose.ui.text.font.FontFamilyResolverImpl::resolve-DPcqOEQ@20 (line 83)
  0x0000024cc0a43ec0: 3c27 e506 | e9b1 faff 

  0x0000024cc0a43ec8: ;   {runtime_call throw_incompatible_class_change_error Runtime1 stub}
  0x0000024cc0a43ec8: ffe8 b2f8 

  0x0000024cc0a43ecc: ; ImmutableOopMap {rbx=Oop rax=Oop rdx=Oop [120]=Oop [128]=Oop }
                      ;*invokeinterface interceptFontStyle-T2F_aPo {reexecute=0 rethrow=0 return_oop=0}
                      ; - androidx.compose.ui.text.font.FontFamilyResolverImpl::resolve-DPcqOEQ@30 (line 84)
                      ;   {metadata({method} {0x0000024d16776228} 'interceptFontStyle-T2F_aPo' '(I)I' in 'androidx/compose/ui/text/font/PlatformResolveInterceptor')}
  0x0000024cc0a43ecc: e406 49ba | 2062 7716 | 4d02 0000 | 4c89 5424 | 0848 c704 | 24ff ffff 

  0x0000024cc0a43ee4: ;   {runtime_call counter_overflow Runtime1 stub}
  0x0000024cc0a43ee4: ffe8 1627 

  0x0000024cc0a43ee8: ; ImmutableOopMap {rbx=Oop rax=Oop rdx=Oop [120]=Oop [128]=Oop }
                      ;*synchronization entry
                      ; - androidx.compose.ui.text.font.PlatformResolveInterceptor::interceptFontStyle-T2F_aPo@-1 (line 124)
                      ; - androidx.compose.ui.text.font.FontFamilyResolverImpl::resolve-DPcqOEQ@30 (line 84)
  0x0000024cc0a43ee8: e506 e979 

  0x0000024cc0a43eec: ;   {runtime_call throw_incompatible_class_change_error Runtime1 stub}
  0x0000024cc0a43eec: fbff ffe8 

  0x0000024cc0a43ef0: ; ImmutableOopMap {rbx=Oop rax=Oop rdx=Oop [120]=Oop [128]=Oop }
                      ;*invokeinterface interceptFontSynthesis-Mscr08Y {reexecute=0 rethrow=0 return_oop=0}
                      ; - androidx.compose.ui.text.font.FontFamilyResolverImpl::resolve-DPcqOEQ@41 (line 85)
  0x0000024cc0a43ef0: 8cf8 e406 

  0x0000024cc0a43ef4: ;   {metadata({method} {0x0000024d167762e0} 'interceptFontSynthesis-Mscr08Y' '(I)I' in 'androidx/compose/ui/text/font/PlatformResolveInterceptor')}
  0x0000024cc0a43ef4: 49ba d862 | 7716 4d02 | 0000 4c89 | 5424 0848 | c704 24ff 

  0x0000024cc0a43f08: ;   {runtime_call counter_overflow Runtime1 stub}
  0x0000024cc0a43f08: ffff ffe8 

  0x0000024cc0a43f0c: ; ImmutableOopMap {rbx=Oop rax=Oop [120]=Oop [128]=Oop }
                      ;*synchronization entry
                      ; - androidx.compose.ui.text.font.PlatformResolveInterceptor::interceptFontSynthesis-Mscr08Y@-1 (line 126)
                      ; - androidx.compose.ui.text.font.FontFamilyResolverImpl::resolve-DPcqOEQ@41 (line 85)
  0x0000024cc0a43f0c: f026 e506 | e93e fcff 

  0x0000024cc0a43f14: ;   {runtime_call throw_incompatible_class_change_error Runtime1 stub}
  0x0000024cc0a43f14: ffe8 66f8 

  0x0000024cc0a43f18: ; ImmutableOopMap {rbx=Oop rax=Oop rdx=Oop [120]=Oop [128]=Oop }
                      ;*invokeinterface getCacheKey {reexecute=0 rethrow=0 return_oop=0}
                      ; - androidx.compose.ui.text.font.FontFamilyResolverImpl::resolve-DPcqOEQ@50 (line 86)
                      ;   {runtime_call throw_null_pointer_exception Runtime1 stub}
  0x0000024cc0a43f18: e406 e861 

  0x0000024cc0a43f1c: ; ImmutableOopMap {rbx=Oop rax=Oop rdx=Oop [120]=Oop [128]=Oop }
                      ;*invokeinterface getCacheKey {reexecute=0 rethrow=0 return_oop=0}
                      ; - androidx.compose.ui.text.font.FontFamilyResolverImpl::resolve-DPcqOEQ@50 (line 86)
                      ;   {metadata({method} {0x0000024d16761b38} 'getCacheKey' '()Ljava/lang/Object;' in 'androidx/compose/ui/text/font/SkiaFontLoader')}
  0x0000024cc0a43f1c: cce4 0649 | ba30 1b76 | 164d 0200 | 004c 8954 | 2408 48c7 | 0424 ffff 

  0x0000024cc0a43f34: ;   {runtime_call counter_overflow Runtime1 stub}
  0x0000024cc0a43f34: ffff e8c5 

  0x0000024cc0a43f38: ; ImmutableOopMap {rbx=Oop rax=Oop rdx=Oop [120]=Oop [128]=Oop }
                      ;*synchronization entry
                      ; - androidx.compose.ui.text.font.SkiaFontLoader::getCacheKey@-1 (line 71)
                      ; - androidx.compose.ui.text.font.FontFamilyResolverImpl::resolve-DPcqOEQ@50 (line 86)
  0x0000024cc0a43f38: 26e5 06e9 | 89fc ffff 

  0x0000024cc0a43f40: ;   {metadata({method} {0x0000024d167616f0} 'getFontCache' '()Landroidx/compose/ui/text/platform/FontCache;' in 'androidx/compose/ui/text/font/SkiaFontLoader')}
  0x0000024cc0a43f40: 49ba e816 | 7616 4d02 | 0000 4c89 | 5424 0848 | c704 24ff 

  0x0000024cc0a43f54: ;   {runtime_call counter_overflow Runtime1 stub}
  0x0000024cc0a43f54: ffff ffe8 

  0x0000024cc0a43f58: ; ImmutableOopMap {rbx=Oop rax=Oop rdx=Oop [120]=Oop [128]=Oop }
                      ;*synchronization entry
                      ; - androidx.compose.ui.text.font.SkiaFontLoader::getFontCache@-1 (line 33)
                      ; - androidx.compose.ui.text.font.SkiaFontLoader::getCacheKey@1 (line 71)
                      ; - androidx.compose.ui.text.font.FontFamilyResolverImpl::resolve-DPcqOEQ@50 (line 86)
  0x0000024cc0a43f58: a426 e506 | e9a4 fcff 

  0x0000024cc0a43f60: ;   {runtime_call throw_null_pointer_exception Runtime1 stub}
  0x0000024cc0a43f60: ffe8 1acc 

  0x0000024cc0a43f64: ; ImmutableOopMap {rbx=Oop rax=Oop rdx=Oop [120]=Oop [128]=Oop }
                      ;*invokeinterface getValue {reexecute=0 rethrow=0 return_oop=0}
                      ; - androidx.compose.ui.text.font.SkiaFontLoader::getFontCache@6 (line 33)
                      ; - androidx.compose.ui.text.font.SkiaFontLoader::getCacheKey@1 (line 71)
                      ; - androidx.compose.ui.text.font.FontFamilyResolverImpl::resolve-DPcqOEQ@50 (line 86)
  0x0000024cc0a43f64: e406 4889 

  0x0000024cc0a43f68: ;   {runtime_call throw_class_cast_exception Runtime1 stub}
  0x0000024cc0a43f68: 0424 e811 

  0x0000024cc0a43f6c: ; ImmutableOopMap {[112]=Oop [120]=Oop [128]=Oop [144]=Oop }
                      ;*checkcast {reexecute=0 rethrow=0 return_oop=0}
                      ; - androidx.compose.ui.text.font.SkiaFontLoader::getFontCache@11 (line 33)
                      ; - androidx.compose.ui.text.font.SkiaFontLoader::getCacheKey@1 (line 71)
                      ; - androidx.compose.ui.text.font.FontFamilyResolverImpl::resolve-DPcqOEQ@50 (line 86)
                      ;   {internal_word}
  0x0000024cc0a43f6c: f0e4 0649 | ba3c 3ea4 | c04c 0200 | 004d 8997 | 6004 0000 

  0x0000024cc0a43f80: ;   {runtime_call SafepointBlob}
  0x0000024cc0a43f80: e97b 17d9 | 0649 8b87 | f804 0000 | 49c7 87f8 | 0400 0000 | 0000 0049 | c787 0005 | 0000 0000 
  0x0000024cc0a43fa0: 0000 4881 | c4a0 0000 

  0x0000024cc0a43fa8: ;   {runtime_call unwind_exception Runtime1 stub}
  0x0000024cc0a43fa8: 005d e9d1 | bce4 06f4 
[Stub Code]
  0x0000024cc0a43fb0: ;   {no_reloc}
  0x0000024cc0a43fb0: 0f1f 4400 

  0x0000024cc0a43fb4: ;   {static_stub}
  0x0000024cc0a43fb4: 0048 bb00 | 0000 0000 

  0x0000024cc0a43fbc: ;   {runtime_call nmethod}
  0x0000024cc0a43fbc: 0000 00e9 | fbff ffff 

  0x0000024cc0a43fc4: ;   {static_stub}
  0x0000024cc0a43fc4: 48bb 0000 | 0000 0000 

  0x0000024cc0a43fcc: ;   {runtime_call nmethod}
  0x0000024cc0a43fcc: 0000 e9fb 

  0x0000024cc0a43fd0: ;   {static_stub}
  0x0000024cc0a43fd0: ffff ff48 | bb00 0000 | 0000 0000 

  0x0000024cc0a43fdc: ;   {runtime_call nmethod}
  0x0000024cc0a43fdc: 00e9 fbff 

  0x0000024cc0a43fe0: ;   {runtime_call handle_exception_from_callee Runtime1 stub}
  0x0000024cc0a43fe0: ffff e899 

  0x0000024cc0a43fe4: ;   {external_word}
  0x0000024cc0a43fe4: e9e4 0648 | b990 e2b5 | 55f8 7f00 | 0048 83e4 

  0x0000024cc0a43ff4: ;   {runtime_call}
  0x0000024cc0a43ff4: f048 b810 | 7978 55f8 | 7f00 00ff 

  0x0000024cc0a44000: ;   {section_word}
  0x0000024cc0a44000: d0f4 49ba | 0240 a4c0 | 4c02 0000 

  0x0000024cc0a4400c: ;   {runtime_call DeoptimizationBlob}
  0x0000024cc0a4400c: 4152 e98d | 09d9 06f4 | f4f4 f4f4 
[/MachCode]


---------------  P R O C E S S  ---------------

Threads class SMR info:
_java_thread_list=0x0000024d1cd5bf50, length=30, elements={
0x0000024cb7c3afe0, 0x0000024cd368fb40, 0x0000024cd3690590, 0x0000024cd3695f60,
0x0000024cd3696e40, 0x0000024cd3698d50, 0x0000024cd369ad90, 0x0000024cd36b2020,
0x0000024cd36ba970, 0x0000024cd38028c0, 0x0000024cd3836850, 0x0000024d19ab3500,
0x0000024d19addc80, 0x0000024d19ade2e0, 0x0000024d1a133e80, 0x0000024d1a2b74d0,
0x0000024d1a2b7b30, 0x0000024d1a1bcbb0, 0x0000024d1b927260, 0x0000024d192d1900,
0x0000024d1aa23200, 0x0000024d1c810160, 0x0000024d1a3824b0, 0x0000024d1a381040,
0x0000024d193034a0, 0x0000024d193020f0, 0x0000024d1a383250, 0x0000024d1a381710,
0x0000024d1cd26300, 0x0000024d1c9cc270
}

Java Threads: ( => current thread )
  0x0000024cb7c3afe0 JavaThread "Test worker @kotlinx.coroutines.test runner#1003"        [_thread_blocked, id=12732, stack(0x000000717b300000,0x000000717b400000) (1024K)]
  0x0000024cd368fb40 JavaThread "Reference Handler"          daemon [_thread_blocked, id=32360, stack(0x000000717bb00000,0x000000717bc00000) (1024K)]
  0x0000024cd3690590 JavaThread "Finalizer"                  daemon [_thread_blocked, id=32416, stack(0x000000717bc00000,0x000000717bd00000) (1024K)]
  0x0000024cd3695f60 JavaThread "Signal Dispatcher"          daemon [_thread_blocked, id=1576, stack(0x000000717bd00000,0x000000717be00000) (1024K)]
  0x0000024cd3696e40 JavaThread "Attach Listener"            daemon [_thread_blocked, id=17268, stack(0x000000717be00000,0x000000717bf00000) (1024K)]
  0x0000024cd3698d50 JavaThread "Service Thread"             daemon [_thread_blocked, id=26488, stack(0x000000717bf00000,0x000000717c000000) (1024K)]
  0x0000024cd369ad90 JavaThread "Monitor Deflation Thread"   daemon [_thread_blocked, id=5072, stack(0x000000717c000000,0x000000717c100000) (1024K)]
  0x0000024cd36b2020 JavaThread "C2 CompilerThread0"         daemon [_thread_blocked, id=13692, stack(0x000000717c100000,0x000000717c200000) (1024K)]
  0x0000024cd36ba970 JavaThread "C1 CompilerThread0"         daemon [_thread_blocked, id=25496, stack(0x000000717c200000,0x000000717c300000) (1024K)]
  0x0000024cd38028c0 JavaThread "Notification Thread"        daemon [_thread_blocked, id=18404, stack(0x000000717c500000,0x000000717c600000) (1024K)]
  0x0000024cd3836850 JavaThread "Common-Cleaner"             daemon [_thread_blocked, id=10772, stack(0x000000717c600000,0x000000717c700000) (1024K)]
  0x0000024d19ab3500 JavaThread "/127.0.0.1:59848 to /127.0.0.1:59843 workers"        [_thread_blocked, id=17768, stack(0x000000717cb00000,0x000000717cc00000) (1024K)]
  0x0000024d19addc80 JavaThread "/127.0.0.1:59848 to /127.0.0.1:59843 workers Thread 2"        [_thread_blocked, id=22128, stack(0x000000717cc00000,0x000000717cd00000) (1024K)]
  0x0000024d19ade2e0 JavaThread "/127.0.0.1:59848 to /127.0.0.1:59843 workers Thread 3"        [_thread_in_native, id=24668, stack(0x000000717cd00000,0x000000717ce00000) (1024K)]
  0x0000024d1a133e80 JavaThread "kotlinx.coroutines.DefaultExecutor" daemon [_thread_blocked, id=24192, stack(0x000000717d900000,0x000000717da00000) (1024K)]
=>0x0000024d1a2b74d0 JavaThread "DefaultDispatcher-worker-1 @coroutine#965" daemon [_thread_in_native, id=21824, stack(0x000000717c800000,0x000000717c900000) (1024K)]
  0x0000024d1a2b7b30 JavaThread "DefaultDispatcher-worker-2" daemon [_thread_blocked, id=23664, stack(0x000000717da00000,0x000000717db00000) (1024K)]
  0x0000024d1a1bcbb0 JavaThread "DefaultDispatcher-worker-3" daemon [_thread_blocked, id=23068, stack(0x000000717db00000,0x000000717dc00000) (1024K)]
  0x0000024d1b927260 JavaThread "Java2D Disposer"            daemon [_thread_blocked, id=17592, stack(0x000000717c300000,0x000000717c400000) (1024K)]
  0x0000024d192d1900 JavaThread "Reference Cleaner"          daemon [_thread_blocked, id=10988, stack(0x000000717c400000,0x000000717c500000) (1024K)]
  0x0000024d1aa23200 JavaThread "AWT-Windows"                daemon [_thread_in_native, id=21176, stack(0x000000717c900000,0x000000717ca00000) (1024K)]
  0x0000024d1c810160 JavaThread "TimerQueue"                 daemon [_thread_blocked, id=24008, stack(0x000000717e200000,0x000000717e300000) (1024K)]
  0x0000024d1a3824b0 JavaThread "C1 CompilerThread1"         daemon [_thread_blocked, id=7228, stack(0x000000717de00000,0x000000717df00000) (1024K)]
  0x0000024d1a381040 JavaThread "C1 CompilerThread2"         daemon [_thread_blocked, id=27928, stack(0x000000717df00000,0x000000717e000000) (1024K)]
  0x0000024d193034a0 JavaThread "AWT-Shutdown"                      [_thread_blocked, id=4212, stack(0x000000717e000000,0x000000717e100000) (1024K)]
  0x0000024d193020f0 JavaThread "AWT-EventQueue-0 @coroutine#1008"        [_thread_in_native, id=32620, stack(0x000000717e100000,0x000000717e200000) (1024K)]
  0x0000024d1a383250 JavaThread "C1 CompilerThread3"         daemon [_thread_blocked, id=9340, stack(0x000000717e500000,0x000000717e600000) (1024K)]
  0x0000024d1a381710 JavaThread "C2 CompilerThread1"         daemon [_thread_blocked, id=15924, stack(0x000000717c700000,0x000000717c800000) (1024K)]
  0x0000024d1cd26300 JavaThread "C2 CompilerThread2"         daemon [_thread_blocked, id=8880, stack(0x000000717dc00000,0x000000717dd00000) (1024K)]
  0x0000024d1c9cc270 JavaThread "C2 CompilerThread3"         daemon [_thread_in_native, id=11216, stack(0x000000717e600000,0x000000717e700000) (1024K)]
Total: 30

Other Threads:
  0x0000024cd358ec30 VMThread "VM Thread"                           [id=17664, stack(0x000000717ba00000,0x000000717bb00000) (1024K)]
  0x0000024cd357e050 WatcherThread "VM Periodic Task Thread"        [id=31008, stack(0x000000717b900000,0x000000717ba00000) (1024K)]
  0x0000024cb7c63480 WorkerThread "GC Thread#0"                     [id=2180, stack(0x000000717b400000,0x000000717b500000) (1024K)]
  0x0000024d19cd4920 WorkerThread "GC Thread#1"                     [id=29556, stack(0x000000717ce00000,0x000000717cf00000) (1024K)]
  0x0000024d19cd4cc0 WorkerThread "GC Thread#2"                     [id=28084, stack(0x000000717cf00000,0x000000717d000000) (1024K)]
  0x0000024d19a22650 WorkerThread "GC Thread#3"                     [id=9448, stack(0x000000717d000000,0x000000717d100000) (1024K)]
  0x0000024d19a229f0 WorkerThread "GC Thread#4"                     [id=8284, stack(0x000000717d100000,0x000000717d200000) (1024K)]
  0x0000024d19adafc0 WorkerThread "GC Thread#5"                     [id=10704, stack(0x000000717d200000,0x000000717d300000) (1024K)]
  0x0000024d19adb360 WorkerThread "GC Thread#6"                     [id=4112, stack(0x000000717d300000,0x000000717d400000) (1024K)]
  0x0000024d19adb700 WorkerThread "GC Thread#7"                     [id=32532, stack(0x000000717d400000,0x000000717d500000) (1024K)]
  0x0000024d19758ea0 WorkerThread "GC Thread#8"                     [id=22004, stack(0x000000717d500000,0x000000717d600000) (1024K)]
  0x0000024d19db64d0 WorkerThread "GC Thread#9"                     [id=25040, stack(0x000000717d600000,0x000000717d700000) (1024K)]
  0x0000024d19db6c10 WorkerThread "GC Thread#10"                    [id=28500, stack(0x000000717d700000,0x000000717d800000) (1024K)]
  0x0000024d19db6870 WorkerThread "GC Thread#11"                    [id=12572, stack(0x000000717d800000,0x000000717d900000) (1024K)]
  0x0000024d1a3df650 WorkerThread "GC Thread#12"                    [id=26232, stack(0x000000717dd00000,0x000000717de00000) (1024K)]
  0x0000024cb7c69870 ConcurrentGCThread "G1 Main Marker"            [id=1676, stack(0x000000717b500000,0x000000717b600000) (1024K)]
  0x0000024cb7c6a370 WorkerThread "G1 Conc#0"                       [id=17120, stack(0x000000717b600000,0x000000717b700000) (1024K)]
  0x0000024d1a3dd210 WorkerThread "G1 Conc#1"                       [id=17352, stack(0x000000717e300000,0x000000717e400000) (1024K)]
  0x0000024d1a3dd950 WorkerThread "G1 Conc#2"                       [id=15764, stack(0x000000717e400000,0x000000717e500000) (1024K)]
  0x0000024cd352f450 ConcurrentGCThread "G1 Refine#0"               [id=4620, stack(0x000000717b700000,0x000000717b800000) (1024K)]
  0x0000024cd352fe60 ConcurrentGCThread "G1 Service"                [id=26660, stack(0x000000717b800000,0x000000717b900000) (1024K)]
Total: 21

Threads with active compile tasks:
Total: 0

VM state: not at safepoint (normal execution)

VM Mutex/Monitor currently owned by a thread: None

Heap address: 0x00000000e0000000, size: 512 MB, Compressed Oops mode: 32-bit

CDS archive(s) mapped at: [0x0000024cd4000000-0x0000024cd4c80000-0x0000024cd4c80000), size 13107200, SharedBaseAddress: 0x0000024cd4000000, ArchiveRelocationMode: 1.
Compressed class space mapped at: 0x0000024cd5000000-0x0000024d15000000, reserved size: 1073741824
Narrow klass base: 0x0000024cd4000000, Narrow klass shift: 0, Narrow klass range: 0x100000000

GC Precious Log:
 CardTable entry size: 512
 Card Set container configuration: InlinePtr #cards 5 size 8 Array Of Cards #cards 12 size 40 Howl #buckets 4 coarsen threshold 1843 Howl Bitmap #cards 512 size 80 coarsen threshold 460 Card regions per heap region 1 cards per card region 2048
 CPUs: 16 total, 16 available
 Memory: 65455M
 Large Page Support: Disabled
 NUMA Support: Disabled
 Compressed Oops: Enabled (32-bit)
 Heap Region Size: 1M
 Heap Min Capacity: 8M
 Heap Initial Capacity: 512M
 Heap Max Capacity: 512M
 Pre-touch: Disabled
 Parallel Workers: 13
 Concurrent Workers: 3
 Concurrent Refinement Workers: 13
 Periodic GC: Disabled

Heap:
 garbage-first heap   total 524288K, used 464021K [0x00000000e0000000, 0x0000000100000000)
  region size 1024K, 296 young (303104K), 21 survivors (21504K)
 Metaspace       used 41018K, committed 41856K, reserved 1114112K
  class space    used 3959K, committed 4352K, reserved 1048576K

Heap Regions: E=young(eden), S=young(survivor), O=old, HS=humongous(starts), HC=humongous(continues), CS=collection set, F=free, TAMS=top-at-mark-start, PB=parsable bottom
|   0|0x00000000e0000000, 0x00000000e0100000, 0x00000000e0100000|100%| O|  |TAMS 0x00000000e0000000| PB 0x00000000e0000000| Untracked 
|   1|0x00000000e0100000, 0x00000000e0200000, 0x00000000e0200000|100%| O|  |TAMS 0x00000000e0100000| PB 0x00000000e0100000| Untracked 
|   2|0x00000000e0200000, 0x00000000e0300000, 0x00000000e0300000|100%| O|  |TAMS 0x00000000e0200000| PB 0x00000000e0200000| Untracked 
|   3|0x00000000e0300000, 0x00000000e0400000, 0x00000000e0400000|100%|HS|  |TAMS 0x00000000e0300000| PB 0x00000000e0300000| Complete 
|   4|0x00000000e0400000, 0x00000000e0500000, 0x00000000e0500000|100%| O|  |TAMS 0x00000000e0400000| PB 0x00000000e0400000| Untracked 
|   5|0x00000000e0500000, 0x00000000e0600000, 0x00000000e0600000|100%| O|  |TAMS 0x00000000e0500000| PB 0x00000000e0500000| Untracked 
|   6|0x00000000e0600000, 0x00000000e0700000, 0x00000000e0700000|100%| O|  |TAMS 0x00000000e0600000| PB 0x00000000e0600000| Untracked 
|   7|0x00000000e0700000, 0x00000000e0800000, 0x00000000e0800000|100%| O|  |TAMS 0x00000000e0700000| PB 0x00000000e0700000| Untracked 
|   8|0x00000000e0800000, 0x00000000e0900000, 0x00000000e0900000|100%|HS|  |TAMS 0x00000000e0800000| PB 0x00000000e0800000| Complete 
|   9|0x00000000e0900000, 0x00000000e0a00000, 0x00000000e0a00000|100%|HS|  |TAMS 0x00000000e0900000| PB 0x00000000e0900000| Complete 
|  10|0x00000000e0a00000, 0x00000000e0b00000, 0x00000000e0b00000|100%|HS|  |TAMS 0x00000000e0a00000| PB 0x00000000e0a00000| Complete 
|  11|0x00000000e0b00000, 0x00000000e0c00000, 0x00000000e0c00000|100%| O|  |TAMS 0x00000000e0b00000| PB 0x00000000e0b00000| Untracked 
|  12|0x00000000e0c00000, 0x00000000e0d00000, 0x00000000e0d00000|100%|HS|  |TAMS 0x00000000e0c00000| PB 0x00000000e0c00000| Complete 
|  13|0x00000000e0d00000, 0x00000000e0e00000, 0x00000000e0e00000|100%|HS|  |TAMS 0x00000000e0d00000| PB 0x00000000e0d00000| Complete 
|  14|0x00000000e0e00000, 0x00000000e0f00000, 0x00000000e0f00000|100%|HC|  |TAMS 0x00000000e0e00000| PB 0x00000000e0e00000| Complete 
|  15|0x00000000e0f00000, 0x00000000e1000000, 0x00000000e1000000|100%|HS|  |TAMS 0x00000000e0f00000| PB 0x00000000e0f00000| Complete 
|  16|0x00000000e1000000, 0x00000000e1100000, 0x00000000e1100000|100%|HS|  |TAMS 0x00000000e1000000| PB 0x00000000e1000000| Complete 
|  17|0x00000000e1100000, 0x00000000e1200000, 0x00000000e1200000|100%|HS|  |TAMS 0x00000000e1100000| PB 0x00000000e1100000| Complete 
|  18|0x00000000e1200000, 0x00000000e1300000, 0x00000000e1300000|100%|HS|  |TAMS 0x00000000e1200000| PB 0x00000000e1200000| Complete 
|  19|0x00000000e1300000, 0x00000000e1400000, 0x00000000e1400000|100%|HS|  |TAMS 0x00000000e1300000| PB 0x00000000e1300000| Complete 
|  20|0x00000000e1400000, 0x00000000e1500000, 0x00000000e1500000|100%|HS|  |TAMS 0x00000000e1400000| PB 0x00000000e1400000| Complete 
|  21|0x00000000e1500000, 0x00000000e1600000, 0x00000000e1600000|100%|HC|  |TAMS 0x00000000e1500000| PB 0x00000000e1500000| Complete 
|  22|0x00000000e1600000, 0x00000000e1700000, 0x00000000e1700000|100%|HC|  |TAMS 0x00000000e1600000| PB 0x00000000e1600000| Complete 
|  23|0x00000000e1700000, 0x00000000e1800000, 0x00000000e1800000|100%|HC|  |TAMS 0x00000000e1700000| PB 0x00000000e1700000| Complete 
|  24|0x00000000e1800000, 0x00000000e1900000, 0x00000000e1900000|100%|HC|  |TAMS 0x00000000e1800000| PB 0x00000000e1800000| Complete 
|  25|0x00000000e1900000, 0x00000000e1a00000, 0x00000000e1a00000|100%|HC|  |TAMS 0x00000000e1900000| PB 0x00000000e1900000| Complete 
|  26|0x00000000e1a00000, 0x00000000e1b00000, 0x00000000e1b00000|100%|HC|  |TAMS 0x00000000e1a00000| PB 0x00000000e1a00000| Complete 
|  27|0x00000000e1b00000, 0x00000000e1c00000, 0x00000000e1c00000|100%|HC|  |TAMS 0x00000000e1b00000| PB 0x00000000e1b00000| Complete 
|  28|0x00000000e1c00000, 0x00000000e1d00000, 0x00000000e1d00000|100%|HC|  |TAMS 0x00000000e1c00000| PB 0x00000000e1c00000| Complete 
|  29|0x00000000e1d00000, 0x00000000e1e00000, 0x00000000e1e00000|100%|HS|  |TAMS 0x00000000e1d00000| PB 0x00000000e1d00000| Complete 
|  30|0x00000000e1e00000, 0x00000000e1f00000, 0x00000000e1f00000|100%|HS|  |TAMS 0x00000000e1e00000| PB 0x00000000e1e00000| Complete 
|  31|0x00000000e1f00000, 0x00000000e2000000, 0x00000000e2000000|100%| O|  |TAMS 0x00000000e1f00000| PB 0x00000000e1f00000| Untracked 
|  32|0x00000000e2000000, 0x00000000e2100000, 0x00000000e2100000|100%| O|  |TAMS 0x00000000e2000000| PB 0x00000000e2000000| Untracked 
|  33|0x00000000e2100000, 0x00000000e2200000, 0x00000000e2200000|100%| O|  |TAMS 0x00000000e2100000| PB 0x00000000e2100000| Untracked 
|  34|0x00000000e2200000, 0x00000000e2300000, 0x00000000e2300000|100%| O|  |TAMS 0x00000000e2200000| PB 0x00000000e2200000| Untracked 
|  35|0x00000000e2300000, 0x00000000e2400000, 0x00000000e2400000|100%|HS|  |TAMS 0x00000000e2300000| PB 0x00000000e2300000| Complete 
|  36|0x00000000e2400000, 0x00000000e2500000, 0x00000000e2500000|100%|HC|  |TAMS 0x00000000e2400000| PB 0x00000000e2400000| Complete 
|  37|0x00000000e2500000, 0x00000000e2600000, 0x00000000e2600000|100%|HC|  |TAMS 0x00000000e2500000| PB 0x00000000e2500000| Complete 
|  38|0x00000000e2600000, 0x00000000e2700000, 0x00000000e2700000|100%|HC|  |TAMS 0x00000000e2600000| PB 0x00000000e2600000| Complete 
|  39|0x00000000e2700000, 0x00000000e2800000, 0x00000000e2800000|100%|HC|  |TAMS 0x00000000e2700000| PB 0x00000000e2700000| Complete 
|  40|0x00000000e2800000, 0x00000000e2900000, 0x00000000e2900000|100%|HC|  |TAMS 0x00000000e2800000| PB 0x00000000e2800000| Complete 
|  41|0x00000000e2900000, 0x00000000e2a00000, 0x00000000e2a00000|100%|HS|  |TAMS 0x00000000e2900000| PB 0x00000000e2900000| Complete 
|  42|0x00000000e2a00000, 0x00000000e2b00000, 0x00000000e2b00000|100%|HC|  |TAMS 0x00000000e2a00000| PB 0x00000000e2a00000| Complete 
|  43|0x00000000e2b00000, 0x00000000e2c00000, 0x00000000e2c00000|100%| O|  |TAMS 0x00000000e2b00000| PB 0x00000000e2b00000| Untracked 
|  44|0x00000000e2c00000, 0x00000000e2d00000, 0x00000000e2d00000|100%|HS|  |TAMS 0x00000000e2c00000| PB 0x00000000e2c00000| Complete 
|  45|0x00000000e2d00000, 0x00000000e2e00000, 0x00000000e2e00000|100%|HS|  |TAMS 0x00000000e2d00000| PB 0x00000000e2d00000| Complete 
|  46|0x00000000e2e00000, 0x00000000e2f00000, 0x00000000e2f00000|100%| O|  |TAMS 0x00000000e2e00000| PB 0x00000000e2e00000| Untracked 
|  47|0x00000000e2f00000, 0x00000000e3000000, 0x00000000e3000000|100%|HS|  |TAMS 0x00000000e2f00000| PB 0x00000000e2f00000| Complete 
|  48|0x00000000e3000000, 0x00000000e3100000, 0x00000000e3100000|100%|HS|  |TAMS 0x00000000e3000000| PB 0x00000000e3000000| Complete 
|  49|0x00000000e3100000, 0x00000000e3200000, 0x00000000e3200000|100%| O|  |TAMS 0x00000000e3100000| PB 0x00000000e3100000| Untracked 
|  50|0x00000000e3200000, 0x00000000e3300000, 0x00000000e3300000|100%|HS|  |TAMS 0x00000000e3200000| PB 0x00000000e3200000| Complete 
|  51|0x00000000e3300000, 0x00000000e3400000, 0x00000000e3400000|100%| O|  |TAMS 0x00000000e3300000| PB 0x00000000e3300000| Untracked 
|  52|0x00000000e3400000, 0x00000000e3500000, 0x00000000e3500000|100%| O|  |TAMS 0x00000000e3400000| PB 0x00000000e3400000| Untracked 
|  53|0x00000000e3500000, 0x00000000e3600000, 0x00000000e3600000|100%| O|  |TAMS 0x00000000e3500000| PB 0x00000000e3500000| Untracked 
|  54|0x00000000e3600000, 0x00000000e3700000, 0x00000000e3700000|100%| O|  |TAMS 0x00000000e3600000| PB 0x00000000e3600000| Untracked 
|  55|0x00000000e3700000, 0x00000000e3800000, 0x00000000e3800000|100%| O|  |TAMS 0x00000000e3700000| PB 0x00000000e3700000| Untracked 
|  56|0x00000000e3800000, 0x00000000e3900000, 0x00000000e3900000|100%| O|  |TAMS 0x00000000e3800000| PB 0x00000000e3800000| Untracked 
|  57|0x00000000e3900000, 0x00000000e3a00000, 0x00000000e3a00000|100%| O|  |TAMS 0x00000000e3900000| PB 0x00000000e3900000| Untracked 
|  58|0x00000000e3a00000, 0x00000000e3b00000, 0x00000000e3b00000|100%| O|  |TAMS 0x00000000e3a00000| PB 0x00000000e3a00000| Untracked 
|  59|0x00000000e3b00000, 0x00000000e3c00000, 0x00000000e3c00000|100%| O|  |TAMS 0x00000000e3b00000| PB 0x00000000e3b00000| Untracked 
|  60|0x00000000e3c00000, 0x00000000e3d00000, 0x00000000e3d00000|100%| O|  |TAMS 0x00000000e3c00000| PB 0x00000000e3c00000| Untracked 
|  61|0x00000000e3d00000, 0x00000000e3e00000, 0x00000000e3e00000|100%| O|  |TAMS 0x00000000e3d00000| PB 0x00000000e3d00000| Untracked 
|  62|0x00000000e3e00000, 0x00000000e3f00000, 0x00000000e3f00000|100%| O|  |TAMS 0x00000000e3e00000| PB 0x00000000e3e00000| Untracked 
|  63|0x00000000e3f00000, 0x00000000e4000000, 0x00000000e4000000|100%| O|  |TAMS 0x00000000e3f00000| PB 0x00000000e3f00000| Untracked 
|  64|0x00000000e4000000, 0x00000000e4100000, 0x00000000e4100000|100%| O|  |TAMS 0x00000000e4000000| PB 0x00000000e4000000| Untracked 
|  65|0x00000000e4100000, 0x00000000e4200000, 0x00000000e4200000|100%| O|  |TAMS 0x00000000e4100000| PB 0x00000000e4100000| Untracked 
|  66|0x00000000e4200000, 0x00000000e4300000, 0x00000000e4300000|100%| O|  |TAMS 0x00000000e4200000| PB 0x00000000e4200000| Untracked 
|  67|0x00000000e4300000, 0x00000000e4400000, 0x00000000e4400000|100%| O|  |TAMS 0x00000000e4300000| PB 0x00000000e4300000| Untracked 
|  68|0x00000000e4400000, 0x00000000e4500000, 0x00000000e4500000|100%| O|  |TAMS 0x00000000e4400000| PB 0x00000000e4400000| Untracked 
|  69|0x00000000e4500000, 0x00000000e4600000, 0x00000000e4600000|100%| O|  |TAMS 0x00000000e4500000| PB 0x00000000e4500000| Untracked 
|  70|0x00000000e4600000, 0x00000000e4700000, 0x00000000e4700000|100%| O|  |TAMS 0x00000000e4600000| PB 0x00000000e4600000| Untracked 
|  71|0x00000000e4700000, 0x00000000e4800000, 0x00000000e4800000|100%| O|  |TAMS 0x00000000e4700000| PB 0x00000000e4700000| Untracked 
|  72|0x00000000e4800000, 0x00000000e4900000, 0x00000000e4900000|100%| O|  |TAMS 0x00000000e4800000| PB 0x00000000e4800000| Untracked 
|  73|0x00000000e4900000, 0x00000000e4a00000, 0x00000000e4a00000|100%| O|  |TAMS 0x00000000e4900000| PB 0x00000000e4900000| Untracked 
|  74|0x00000000e4a00000, 0x00000000e4b00000, 0x00000000e4b00000|100%| O|Cm|TAMS 0x00000000e4a00000| PB 0x00000000e4a00000| Complete 
|  75|0x00000000e4b00000, 0x00000000e4c00000, 0x00000000e4c00000|100%| O|  |TAMS 0x00000000e4b00000| PB 0x00000000e4b00000| Untracked 
|  76|0x00000000e4c00000, 0x00000000e4d00000, 0x00000000e4d00000|100%| O|  |TAMS 0x00000000e4c00000| PB 0x00000000e4c00000| Untracked 
|  77|0x00000000e4d00000, 0x00000000e4e00000, 0x00000000e4e00000|100%| O|  |TAMS 0x00000000e4d00000| PB 0x00000000e4d00000| Untracked 
|  78|0x00000000e4e00000, 0x00000000e4f00000, 0x00000000e4f00000|100%| O|  |TAMS 0x00000000e4e00000| PB 0x00000000e4e00000| Untracked 
|  79|0x00000000e4f00000, 0x00000000e5000000, 0x00000000e5000000|100%| O|  |TAMS 0x00000000e4f00000| PB 0x00000000e4f00000| Untracked 
|  80|0x00000000e5000000, 0x00000000e5100000, 0x00000000e5100000|100%| O|  |TAMS 0x00000000e5000000| PB 0x00000000e5000000| Untracked 
|  81|0x00000000e5100000, 0x00000000e5200000, 0x00000000e5200000|100%| O|Cm|TAMS 0x00000000e5100000| PB 0x00000000e5100000| Complete 
|  82|0x00000000e5200000, 0x00000000e5300000, 0x00000000e5300000|100%| O|  |TAMS 0x00000000e5200000| PB 0x00000000e5200000| Untracked 
|  83|0x00000000e5300000, 0x00000000e5400000, 0x00000000e5400000|100%| O|  |TAMS 0x00000000e5300000| PB 0x00000000e5300000| Untracked 
|  84|0x00000000e5400000, 0x00000000e5500000, 0x00000000e5500000|100%| O|Cm|TAMS 0x00000000e5400000| PB 0x00000000e5400000| Complete 
|  85|0x00000000e5500000, 0x00000000e5600000, 0x00000000e5600000|100%|HS|  |TAMS 0x00000000e5500000| PB 0x00000000e5500000| Complete 
|  86|0x00000000e5600000, 0x00000000e5700000, 0x00000000e5700000|100%|HC|  |TAMS 0x00000000e5600000| PB 0x00000000e5600000| Complete 
|  87|0x00000000e5700000, 0x00000000e5800000, 0x00000000e5800000|100%| O|  |TAMS 0x00000000e5700000| PB 0x00000000e5700000| Untracked 
|  88|0x00000000e5800000, 0x00000000e5900000, 0x00000000e5900000|100%| O|  |TAMS 0x00000000e5800000| PB 0x00000000e5800000| Untracked 
|  89|0x00000000e5900000, 0x00000000e5a00000, 0x00000000e5a00000|100%| O|  |TAMS 0x00000000e5900000| PB 0x00000000e5900000| Untracked 
|  90|0x00000000e5a00000, 0x00000000e5b00000, 0x00000000e5b00000|100%| O|  |TAMS 0x00000000e5a00000| PB 0x00000000e5a00000| Untracked 
|  91|0x00000000e5b00000, 0x00000000e5c00000, 0x00000000e5c00000|100%| O|  |TAMS 0x00000000e5b00000| PB 0x00000000e5b00000| Untracked 
|  92|0x00000000e5c00000, 0x00000000e5d00000, 0x00000000e5d00000|100%| O|  |TAMS 0x00000000e5c00000| PB 0x00000000e5c00000| Untracked 
|  93|0x00000000e5d00000, 0x00000000e5e00000, 0x00000000e5e00000|100%| O|  |TAMS 0x00000000e5d00000| PB 0x00000000e5d00000| Untracked 
|  94|0x00000000e5e00000, 0x00000000e5f00000, 0x00000000e5f00000|100%| O|  |TAMS 0x00000000e5e00000| PB 0x00000000e5e00000| Untracked 
|  95|0x00000000e5f00000, 0x00000000e6000000, 0x00000000e6000000|100%| O|  |TAMS 0x00000000e5f00000| PB 0x00000000e5f00000| Untracked 
|  96|0x00000000e6000000, 0x00000000e6100000, 0x00000000e6100000|100%| O|  |TAMS 0x00000000e6000000| PB 0x00000000e6000000| Untracked 
|  97|0x00000000e6100000, 0x00000000e6200000, 0x00000000e6200000|100%| O|  |TAMS 0x00000000e6100000| PB 0x00000000e6100000| Untracked 
|  98|0x00000000e6200000, 0x00000000e6300000, 0x00000000e6300000|100%| O|  |TAMS 0x00000000e6200000| PB 0x00000000e6200000| Untracked 
|  99|0x00000000e6300000, 0x00000000e632ec70, 0x00000000e6400000| 18%| O|  |TAMS 0x00000000e6300000| PB 0x00000000e6300000| Untracked 
| 100|0x00000000e6400000, 0x00000000e6500000, 0x00000000e6500000|100%| O|  |TAMS 0x00000000e6400000| PB 0x00000000e6400000| Untracked 
| 101|0x00000000e6500000, 0x00000000e6600000, 0x00000000e6600000|100%| O|  |TAMS 0x00000000e6500000| PB 0x00000000e6500000| Untracked 
| 102|0x00000000e6600000, 0x00000000e6700000, 0x00000000e6700000|100%| O|  |TAMS 0x00000000e6600000| PB 0x00000000e6600000| Untracked 
| 103|0x00000000e6700000, 0x00000000e6800000, 0x00000000e6800000|100%| O|  |TAMS 0x00000000e6700000| PB 0x00000000e6700000| Untracked 
| 104|0x00000000e6800000, 0x00000000e6900000, 0x00000000e6900000|100%|HS|  |TAMS 0x00000000e6800000| PB 0x00000000e6800000| Complete 
| 105|0x00000000e6900000, 0x00000000e6a00000, 0x00000000e6a00000|100%| O|  |TAMS 0x00000000e6900000| PB 0x00000000e6900000| Untracked 
| 106|0x00000000e6a00000, 0x00000000e6b00000, 0x00000000e6b00000|100%| O|  |TAMS 0x00000000e6a00000| PB 0x00000000e6a00000| Untracked 
| 107|0x00000000e6b00000, 0x00000000e6c00000, 0x00000000e6c00000|100%| O|  |TAMS 0x00000000e6b00000| PB 0x00000000e6b00000| Untracked 
| 108|0x00000000e6c00000, 0x00000000e6d00000, 0x00000000e6d00000|100%|HS|  |TAMS 0x00000000e6c00000| PB 0x00000000e6c00000| Complete 
| 109|0x00000000e6d00000, 0x00000000e6e00000, 0x00000000e6e00000|100%| O|Cm|TAMS 0x00000000e6d00000| PB 0x00000000e6d00000| Complete 
| 110|0x00000000e6e00000, 0x00000000e6f00000, 0x00000000e6f00000|100%|HS|  |TAMS 0x00000000e6e00000| PB 0x00000000e6e00000| Complete 
| 111|0x00000000e6f00000, 0x00000000e7000000, 0x00000000e7000000|100%| O|  |TAMS 0x00000000e6f00000| PB 0x00000000e6f00000| Untracked 
| 112|0x00000000e7000000, 0x00000000e7100000, 0x00000000e7100000|100%| O|  |TAMS 0x00000000e7000000| PB 0x00000000e7000000| Untracked 
| 113|0x00000000e7100000, 0x00000000e7200000, 0x00000000e7200000|100%| O|  |TAMS 0x00000000e7100000| PB 0x00000000e7100000| Untracked 
| 114|0x00000000e7200000, 0x00000000e7300000, 0x00000000e7300000|100%| O|  |TAMS 0x00000000e7200000| PB 0x00000000e7200000| Untracked 
| 115|0x00000000e7300000, 0x00000000e7400000, 0x00000000e7400000|100%|HS|  |TAMS 0x00000000e7300000| PB 0x00000000e7300000| Complete 
| 116|0x00000000e7400000, 0x00000000e7500000, 0x00000000e7500000|100%| O|  |TAMS 0x00000000e7400000| PB 0x00000000e7400000| Untracked 
| 117|0x00000000e7500000, 0x00000000e7600000, 0x00000000e7600000|100%|HS|  |TAMS 0x00000000e7500000| PB 0x00000000e7500000| Complete 
| 118|0x00000000e7600000, 0x00000000e7600000, 0x00000000e7700000|  0%| F|  |TAMS 0x00000000e7600000| PB 0x00000000e7600000| Untracked 
| 119|0x00000000e7700000, 0x00000000e7800000, 0x00000000e7800000|100%| O|  |TAMS 0x00000000e7700000| PB 0x00000000e7700000| Untracked 
| 120|0x00000000e7800000, 0x00000000e7900000, 0x00000000e7900000|100%|HS|  |TAMS 0x00000000e7800000| PB 0x00000000e7800000| Complete 
| 121|0x00000000e7900000, 0x00000000e7a00000, 0x00000000e7a00000|100%|HC|  |TAMS 0x00000000e7900000| PB 0x00000000e7900000| Complete 
| 122|0x00000000e7a00000, 0x00000000e7b00000, 0x00000000e7b00000|100%|HC|  |TAMS 0x00000000e7a00000| PB 0x00000000e7a00000| Complete 
| 123|0x00000000e7b00000, 0x00000000e7c00000, 0x00000000e7c00000|100%|HC|  |TAMS 0x00000000e7b00000| PB 0x00000000e7b00000| Complete 
| 124|0x00000000e7c00000, 0x00000000e7d00000, 0x00000000e7d00000|100%| O|  |TAMS 0x00000000e7c00000| PB 0x00000000e7c00000| Untracked 
| 125|0x00000000e7d00000, 0x00000000e7e00000, 0x00000000e7e00000|100%|HS|  |TAMS 0x00000000e7d00000| PB 0x00000000e7d00000| Complete 
| 126|0x00000000e7e00000, 0x00000000e7f00000, 0x00000000e7f00000|100%|HC|  |TAMS 0x00000000e7e00000| PB 0x00000000e7e00000| Complete 
| 127|0x00000000e7f00000, 0x00000000e8000000, 0x00000000e8000000|100%|HC|  |TAMS 0x00000000e7f00000| PB 0x00000000e7f00000| Complete 
| 128|0x00000000e8000000, 0x00000000e8100000, 0x00000000e8100000|100%|HC|  |TAMS 0x00000000e8000000| PB 0x00000000e8000000| Complete 
| 129|0x00000000e8100000, 0x00000000e8100000, 0x00000000e8200000|  0%| F|  |TAMS 0x00000000e8100000| PB 0x00000000e8100000| Untracked 
| 130|0x00000000e8200000, 0x00000000e8200000, 0x00000000e8300000|  0%| F|  |TAMS 0x00000000e8200000| PB 0x00000000e8200000| Untracked 
| 131|0x00000000e8300000, 0x00000000e8300000, 0x00000000e8400000|  0%| F|  |TAMS 0x00000000e8300000| PB 0x00000000e8300000| Untracked 
| 132|0x00000000e8400000, 0x00000000e8400000, 0x00000000e8500000|  0%| F|  |TAMS 0x00000000e8400000| PB 0x00000000e8400000| Untracked 
| 133|0x00000000e8500000, 0x00000000e8500000, 0x00000000e8600000|  0%| F|  |TAMS 0x00000000e8500000| PB 0x00000000e8500000| Untracked 
| 134|0x00000000e8600000, 0x00000000e8600000, 0x00000000e8700000|  0%| F|  |TAMS 0x00000000e8600000| PB 0x00000000e8600000| Untracked 
| 135|0x00000000e8700000, 0x00000000e8700000, 0x00000000e8800000|  0%| F|  |TAMS 0x00000000e8700000| PB 0x00000000e8700000| Untracked 
| 136|0x00000000e8800000, 0x00000000e8900000, 0x00000000e8900000|100%|HS|  |TAMS 0x00000000e8800000| PB 0x00000000e8800000| Complete 
| 137|0x00000000e8900000, 0x00000000e8a00000, 0x00000000e8a00000|100%|HS|  |TAMS 0x00000000e8900000| PB 0x00000000e8900000| Complete 
| 138|0x00000000e8a00000, 0x00000000e8a00000, 0x00000000e8b00000|  0%| F|  |TAMS 0x00000000e8a00000| PB 0x00000000e8a00000| Untracked 
| 139|0x00000000e8b00000, 0x00000000e8c00000, 0x00000000e8c00000|100%| O|  |TAMS 0x00000000e8b00000| PB 0x00000000e8b00000| Untracked 
| 140|0x00000000e8c00000, 0x00000000e8c00000, 0x00000000e8d00000|  0%| F|  |TAMS 0x00000000e8c00000| PB 0x00000000e8c00000| Untracked 
| 141|0x00000000e8d00000, 0x00000000e8d00000, 0x00000000e8e00000|  0%| F|  |TAMS 0x00000000e8d00000| PB 0x00000000e8d00000| Untracked 
| 142|0x00000000e8e00000, 0x00000000e8e00000, 0x00000000e8f00000|  0%| F|  |TAMS 0x00000000e8e00000| PB 0x00000000e8e00000| Untracked 
| 143|0x00000000e8f00000, 0x00000000e8f00000, 0x00000000e9000000|  0%| F|  |TAMS 0x00000000e8f00000| PB 0x00000000e8f00000| Untracked 
| 144|0x00000000e9000000, 0x00000000e9100000, 0x00000000e9100000|100%| O|  |TAMS 0x00000000e9000000| PB 0x00000000e9000000| Untracked 
| 145|0x00000000e9100000, 0x00000000e9100000, 0x00000000e9200000|  0%| F|  |TAMS 0x00000000e9100000| PB 0x00000000e9100000| Untracked 
| 146|0x00000000e9200000, 0x00000000e9200000, 0x00000000e9300000|  0%| F|  |TAMS 0x00000000e9200000| PB 0x00000000e9200000| Untracked 
| 147|0x00000000e9300000, 0x00000000e9300000, 0x00000000e9400000|  0%| F|  |TAMS 0x00000000e9300000| PB 0x00000000e9300000| Untracked 
| 148|0x00000000e9400000, 0x00000000e9400000, 0x00000000e9500000|  0%| F|  |TAMS 0x00000000e9400000| PB 0x00000000e9400000| Untracked 
| 149|0x00000000e9500000, 0x00000000e9500000, 0x00000000e9600000|  0%| F|  |TAMS 0x00000000e9500000| PB 0x00000000e9500000| Untracked 
| 150|0x00000000e9600000, 0x00000000e9600000, 0x00000000e9700000|  0%| F|  |TAMS 0x00000000e9600000| PB 0x00000000e9600000| Untracked 
| 151|0x00000000e9700000, 0x00000000e9800000, 0x00000000e9800000|100%| O|  |TAMS 0x00000000e9700000| PB 0x00000000e9700000| Untracked 
| 152|0x00000000e9800000, 0x00000000e9800000, 0x00000000e9900000|  0%| F|  |TAMS 0x00000000e9800000| PB 0x00000000e9800000| Untracked 
| 153|0x00000000e9900000, 0x00000000e9900000, 0x00000000e9a00000|  0%| F|  |TAMS 0x00000000e9900000| PB 0x00000000e9900000| Untracked 
| 154|0x00000000e9a00000, 0x00000000e9a00000, 0x00000000e9b00000|  0%| F|  |TAMS 0x00000000e9a00000| PB 0x00000000e9a00000| Untracked 
| 155|0x00000000e9b00000, 0x00000000e9b00000, 0x00000000e9c00000|  0%| F|  |TAMS 0x00000000e9b00000| PB 0x00000000e9b00000| Untracked 
| 156|0x00000000e9c00000, 0x00000000e9c00000, 0x00000000e9d00000|  0%| F|  |TAMS 0x00000000e9c00000| PB 0x00000000e9c00000| Untracked 
| 157|0x00000000e9d00000, 0x00000000e9d00000, 0x00000000e9e00000|  0%| F|  |TAMS 0x00000000e9d00000| PB 0x00000000e9d00000| Untracked 
| 158|0x00000000e9e00000, 0x00000000e9e00000, 0x00000000e9f00000|  0%| F|  |TAMS 0x00000000e9e00000| PB 0x00000000e9e00000| Untracked 
| 159|0x00000000e9f00000, 0x00000000e9f00000, 0x00000000ea000000|  0%| F|  |TAMS 0x00000000e9f00000| PB 0x00000000e9f00000| Untracked 
| 160|0x00000000ea000000, 0x00000000ea000000, 0x00000000ea100000|  0%| F|  |TAMS 0x00000000ea000000| PB 0x00000000ea000000| Untracked 
| 161|0x00000000ea100000, 0x00000000ea100000, 0x00000000ea200000|  0%| F|  |TAMS 0x00000000ea100000| PB 0x00000000ea100000| Untracked 
| 162|0x00000000ea200000, 0x00000000ea200000, 0x00000000ea300000|  0%| F|  |TAMS 0x00000000ea200000| PB 0x00000000ea200000| Untracked 
| 163|0x00000000ea300000, 0x00000000ea300000, 0x00000000ea400000|  0%| F|  |TAMS 0x00000000ea300000| PB 0x00000000ea300000| Untracked 
| 164|0x00000000ea400000, 0x00000000ea400000, 0x00000000ea500000|  0%| F|  |TAMS 0x00000000ea400000| PB 0x00000000ea400000| Untracked 
| 165|0x00000000ea500000, 0x00000000ea500000, 0x00000000ea600000|  0%| F|  |TAMS 0x00000000ea500000| PB 0x00000000ea500000| Untracked 
| 166|0x00000000ea600000, 0x00000000ea600000, 0x00000000ea700000|  0%| F|  |TAMS 0x00000000ea600000| PB 0x00000000ea600000| Untracked 
| 167|0x00000000ea700000, 0x00000000ea700000, 0x00000000ea800000|  0%| F|  |TAMS 0x00000000ea700000| PB 0x00000000ea700000| Untracked 
| 168|0x00000000ea800000, 0x00000000ea800000, 0x00000000ea900000|  0%| F|  |TAMS 0x00000000ea800000| PB 0x00000000ea800000| Untracked 
| 169|0x00000000ea900000, 0x00000000ea900000, 0x00000000eaa00000|  0%| F|  |TAMS 0x00000000ea900000| PB 0x00000000ea900000| Untracked 
| 170|0x00000000eaa00000, 0x00000000eaa00000, 0x00000000eab00000|  0%| F|  |TAMS 0x00000000eaa00000| PB 0x00000000eaa00000| Untracked 
| 171|0x00000000eab00000, 0x00000000eab00000, 0x00000000eac00000|  0%| F|  |TAMS 0x00000000eab00000| PB 0x00000000eab00000| Untracked 
| 172|0x00000000eac00000, 0x00000000eac00000, 0x00000000ead00000|  0%| F|  |TAMS 0x00000000eac00000| PB 0x00000000eac00000| Untracked 
| 173|0x00000000ead00000, 0x00000000eae00000, 0x00000000eae00000|100%| O|  |TAMS 0x00000000ead00000| PB 0x00000000ead00000| Untracked 
| 174|0x00000000eae00000, 0x00000000eae00000, 0x00000000eaf00000|  0%| F|  |TAMS 0x00000000eae00000| PB 0x00000000eae00000| Untracked 
| 175|0x00000000eaf00000, 0x00000000eaf00000, 0x00000000eb000000|  0%| F|  |TAMS 0x00000000eaf00000| PB 0x00000000eaf00000| Untracked 
| 176|0x00000000eb000000, 0x00000000eb000000, 0x00000000eb100000|  0%| F|  |TAMS 0x00000000eb000000| PB 0x00000000eb000000| Untracked 
| 177|0x00000000eb100000, 0x00000000eb100000, 0x00000000eb200000|  0%| F|  |TAMS 0x00000000eb100000| PB 0x00000000eb100000| Untracked 
| 178|0x00000000eb200000, 0x00000000eb200000, 0x00000000eb300000|  0%| F|  |TAMS 0x00000000eb200000| PB 0x00000000eb200000| Untracked 
| 179|0x00000000eb300000, 0x00000000eb300000, 0x00000000eb400000|  0%| F|  |TAMS 0x00000000eb300000| PB 0x00000000eb300000| Untracked 
| 180|0x00000000eb400000, 0x00000000eb400000, 0x00000000eb500000|  0%| F|  |TAMS 0x00000000eb400000| PB 0x00000000eb400000| Untracked 
| 181|0x00000000eb500000, 0x00000000eb500000, 0x00000000eb600000|  0%| F|  |TAMS 0x00000000eb500000| PB 0x00000000eb500000| Untracked 
| 182|0x00000000eb600000, 0x00000000eb600000, 0x00000000eb700000|  0%| F|  |TAMS 0x00000000eb600000| PB 0x00000000eb600000| Untracked 
| 183|0x00000000eb700000, 0x00000000eb700000, 0x00000000eb800000|  0%| F|  |TAMS 0x00000000eb700000| PB 0x00000000eb700000| Untracked 
| 184|0x00000000eb800000, 0x00000000eb800000, 0x00000000eb900000|  0%| F|  |TAMS 0x00000000eb800000| PB 0x00000000eb800000| Untracked 
| 185|0x00000000eb900000, 0x00000000eb900000, 0x00000000eba00000|  0%| F|  |TAMS 0x00000000eb900000| PB 0x00000000eb900000| Untracked 
| 186|0x00000000eba00000, 0x00000000eba00000, 0x00000000ebb00000|  0%| F|  |TAMS 0x00000000eba00000| PB 0x00000000eba00000| Untracked 
| 187|0x00000000ebb00000, 0x00000000ebb00000, 0x00000000ebc00000|  0%| F|  |TAMS 0x00000000ebb00000| PB 0x00000000ebb00000| Untracked 
| 188|0x00000000ebc00000, 0x00000000ebc00000, 0x00000000ebd00000|  0%| F|  |TAMS 0x00000000ebc00000| PB 0x00000000ebc00000| Untracked 
| 189|0x00000000ebd00000, 0x00000000ebd00000, 0x00000000ebe00000|  0%| F|  |TAMS 0x00000000ebd00000| PB 0x00000000ebd00000| Untracked 
| 190|0x00000000ebe00000, 0x00000000ebe03478, 0x00000000ebf00000|  1%| E|  |TAMS 0x00000000ebe00000| PB 0x00000000ebe00000| Complete 
| 191|0x00000000ebf00000, 0x00000000ec000000, 0x00000000ec000000|100%| O|  |TAMS 0x00000000ebf00000| PB 0x00000000ebf00000| Untracked 
| 192|0x00000000ec000000, 0x00000000ec100000, 0x00000000ec100000|100%| E|CS|TAMS 0x00000000ec000000| PB 0x00000000ec000000| Complete 
| 193|0x00000000ec100000, 0x00000000ec200000, 0x00000000ec200000|100%| E|CS|TAMS 0x00000000ec100000| PB 0x00000000ec100000| Complete 
| 194|0x00000000ec200000, 0x00000000ec300000, 0x00000000ec300000|100%| E|CS|TAMS 0x00000000ec200000| PB 0x00000000ec200000| Complete 
| 195|0x00000000ec300000, 0x00000000ec400000, 0x00000000ec400000|100%| E|CS|TAMS 0x00000000ec300000| PB 0x00000000ec300000| Complete 
| 196|0x00000000ec400000, 0x00000000ec500000, 0x00000000ec500000|100%| E|CS|TAMS 0x00000000ec400000| PB 0x00000000ec400000| Complete 
| 197|0x00000000ec500000, 0x00000000ec600000, 0x00000000ec600000|100%| E|CS|TAMS 0x00000000ec500000| PB 0x00000000ec500000| Complete 
| 198|0x00000000ec600000, 0x00000000ec700000, 0x00000000ec700000|100%| O|  |TAMS 0x00000000ec600000| PB 0x00000000ec600000| Untracked 
| 199|0x00000000ec700000, 0x00000000ec800000, 0x00000000ec800000|100%| E|CS|TAMS 0x00000000ec700000| PB 0x00000000ec700000| Complete 
| 200|0x00000000ec800000, 0x00000000ec900000, 0x00000000ec900000|100%| E|CS|TAMS 0x00000000ec800000| PB 0x00000000ec800000| Complete 
| 201|0x00000000ec900000, 0x00000000eca00000, 0x00000000eca00000|100%| E|CS|TAMS 0x00000000ec900000| PB 0x00000000ec900000| Complete 
| 202|0x00000000eca00000, 0x00000000ecb00000, 0x00000000ecb00000|100%| E|CS|TAMS 0x00000000eca00000| PB 0x00000000eca00000| Complete 
| 203|0x00000000ecb00000, 0x00000000ecc00000, 0x00000000ecc00000|100%| E|CS|TAMS 0x00000000ecb00000| PB 0x00000000ecb00000| Complete 
| 204|0x00000000ecc00000, 0x00000000ecd00000, 0x00000000ecd00000|100%| E|  |TAMS 0x00000000ecc00000| PB 0x00000000ecc00000| Complete 
| 205|0x00000000ecd00000, 0x00000000ece00000, 0x00000000ece00000|100%| E|CS|TAMS 0x00000000ecd00000| PB 0x00000000ecd00000| Complete 
| 206|0x00000000ece00000, 0x00000000ecf00000, 0x00000000ecf00000|100%| E|CS|TAMS 0x00000000ece00000| PB 0x00000000ece00000| Complete 
| 207|0x00000000ecf00000, 0x00000000ed000000, 0x00000000ed000000|100%| E|CS|TAMS 0x00000000ecf00000| PB 0x00000000ecf00000| Complete 
| 208|0x00000000ed000000, 0x00000000ed100000, 0x00000000ed100000|100%| E|CS|TAMS 0x00000000ed000000| PB 0x00000000ed000000| Complete 
| 209|0x00000000ed100000, 0x00000000ed200000, 0x00000000ed200000|100%| E|CS|TAMS 0x00000000ed100000| PB 0x00000000ed100000| Complete 
| 210|0x00000000ed200000, 0x00000000ed300000, 0x00000000ed300000|100%| E|CS|TAMS 0x00000000ed200000| PB 0x00000000ed200000| Complete 
| 211|0x00000000ed300000, 0x00000000ed400000, 0x00000000ed400000|100%| E|CS|TAMS 0x00000000ed300000| PB 0x00000000ed300000| Complete 
| 212|0x00000000ed400000, 0x00000000ed500000, 0x00000000ed500000|100%| E|CS|TAMS 0x00000000ed400000| PB 0x00000000ed400000| Complete 
| 213|0x00000000ed500000, 0x00000000ed600000, 0x00000000ed600000|100%| O|  |TAMS 0x00000000ed500000| PB 0x00000000ed500000| Untracked 
| 214|0x00000000ed600000, 0x00000000ed700000, 0x00000000ed700000|100%| E|CS|TAMS 0x00000000ed600000| PB 0x00000000ed600000| Complete 
| 215|0x00000000ed700000, 0x00000000ed800000, 0x00000000ed800000|100%| O|Cm|TAMS 0x00000000ed700000| PB 0x00000000ed700000| Complete 
| 216|0x00000000ed800000, 0x00000000ed900000, 0x00000000ed900000|100%| E|CS|TAMS 0x00000000ed800000| PB 0x00000000ed800000| Complete 
| 217|0x00000000ed900000, 0x00000000eda00000, 0x00000000eda00000|100%| E|CS|TAMS 0x00000000ed900000| PB 0x00000000ed900000| Complete 
| 218|0x00000000eda00000, 0x00000000edb00000, 0x00000000edb00000|100%| E|CS|TAMS 0x00000000eda00000| PB 0x00000000eda00000| Complete 
| 219|0x00000000edb00000, 0x00000000edc00000, 0x00000000edc00000|100%| O|  |TAMS 0x00000000edb00000| PB 0x00000000edb00000| Untracked 
| 220|0x00000000edc00000, 0x00000000edd00000, 0x00000000edd00000|100%| E|CS|TAMS 0x00000000edc00000| PB 0x00000000edc00000| Complete 
| 221|0x00000000edd00000, 0x00000000ede00000, 0x00000000ede00000|100%| E|CS|TAMS 0x00000000edd00000| PB 0x00000000edd00000| Complete 
| 222|0x00000000ede00000, 0x00000000edf00000, 0x00000000edf00000|100%| E|CS|TAMS 0x00000000ede00000| PB 0x00000000ede00000| Complete 
| 223|0x00000000edf00000, 0x00000000ee000000, 0x00000000ee000000|100%| E|CS|TAMS 0x00000000edf00000| PB 0x00000000edf00000| Complete 
| 224|0x00000000ee000000, 0x00000000ee100000, 0x00000000ee100000|100%| E|CS|TAMS 0x00000000ee000000| PB 0x00000000ee000000| Complete 
| 225|0x00000000ee100000, 0x00000000ee200000, 0x00000000ee200000|100%| E|CS|TAMS 0x00000000ee100000| PB 0x00000000ee100000| Complete 
| 226|0x00000000ee200000, 0x00000000ee300000, 0x00000000ee300000|100%| E|CS|TAMS 0x00000000ee200000| PB 0x00000000ee200000| Complete 
| 227|0x00000000ee300000, 0x00000000ee400000, 0x00000000ee400000|100%| E|CS|TAMS 0x00000000ee300000| PB 0x00000000ee300000| Complete 
| 228|0x00000000ee400000, 0x00000000ee500000, 0x00000000ee500000|100%| O|  |TAMS 0x00000000ee400000| PB 0x00000000ee400000| Untracked 
| 229|0x00000000ee500000, 0x00000000ee600000, 0x00000000ee600000|100%| E|CS|TAMS 0x00000000ee500000| PB 0x00000000ee500000| Complete 
| 230|0x00000000ee600000, 0x00000000ee700000, 0x00000000ee700000|100%| E|CS|TAMS 0x00000000ee600000| PB 0x00000000ee600000| Complete 
| 231|0x00000000ee700000, 0x00000000ee800000, 0x00000000ee800000|100%| E|CS|TAMS 0x00000000ee700000| PB 0x00000000ee700000| Complete 
| 232|0x00000000ee800000, 0x00000000ee900000, 0x00000000ee900000|100%| E|CS|TAMS 0x00000000ee800000| PB 0x00000000ee800000| Complete 
| 233|0x00000000ee900000, 0x00000000eea00000, 0x00000000eea00000|100%| E|CS|TAMS 0x00000000ee900000| PB 0x00000000ee900000| Complete 
| 234|0x00000000eea00000, 0x00000000eeb00000, 0x00000000eeb00000|100%| E|CS|TAMS 0x00000000eea00000| PB 0x00000000eea00000| Complete 
| 235|0x00000000eeb00000, 0x00000000eec00000, 0x00000000eec00000|100%| E|CS|TAMS 0x00000000eeb00000| PB 0x00000000eeb00000| Complete 
| 236|0x00000000eec00000, 0x00000000eed00000, 0x00000000eed00000|100%| E|CS|TAMS 0x00000000eec00000| PB 0x00000000eec00000| Complete 
| 237|0x00000000eed00000, 0x00000000eee00000, 0x00000000eee00000|100%| E|CS|TAMS 0x00000000eed00000| PB 0x00000000eed00000| Complete 
| 238|0x00000000eee00000, 0x00000000eef00000, 0x00000000eef00000|100%| O|  |TAMS 0x00000000eee00000| PB 0x00000000eee00000| Untracked 
| 239|0x00000000eef00000, 0x00000000ef000000, 0x00000000ef000000|100%| E|CS|TAMS 0x00000000eef00000| PB 0x00000000eef00000| Complete 
| 240|0x00000000ef000000, 0x00000000ef100000, 0x00000000ef100000|100%| O|  |TAMS 0x00000000ef000000| PB 0x00000000ef000000| Untracked 
| 241|0x00000000ef100000, 0x00000000ef200000, 0x00000000ef200000|100%| E|CS|TAMS 0x00000000ef100000| PB 0x00000000ef100000| Complete 
| 242|0x00000000ef200000, 0x00000000ef300000, 0x00000000ef300000|100%| E|CS|TAMS 0x00000000ef200000| PB 0x00000000ef200000| Complete 
| 243|0x00000000ef300000, 0x00000000ef400000, 0x00000000ef400000|100%| E|CS|TAMS 0x00000000ef300000| PB 0x00000000ef300000| Complete 
| 244|0x00000000ef400000, 0x00000000ef500000, 0x00000000ef500000|100%| O|  |TAMS 0x00000000ef400000| PB 0x00000000ef400000| Untracked 
| 245|0x00000000ef500000, 0x00000000ef600000, 0x00000000ef600000|100%| E|CS|TAMS 0x00000000ef500000| PB 0x00000000ef500000| Complete 
| 246|0x00000000ef600000, 0x00000000ef700000, 0x00000000ef700000|100%| O|  |TAMS 0x00000000ef600000| PB 0x00000000ef600000| Untracked 
| 247|0x00000000ef700000, 0x00000000ef800000, 0x00000000ef800000|100%| O|  |TAMS 0x00000000ef700000| PB 0x00000000ef700000| Untracked 
| 248|0x00000000ef800000, 0x00000000ef900000, 0x00000000ef900000|100%| E|CS|TAMS 0x00000000ef800000| PB 0x00000000ef800000| Complete 
| 249|0x00000000ef900000, 0x00000000efa00000, 0x00000000efa00000|100%| E|CS|TAMS 0x00000000ef900000| PB 0x00000000ef900000| Complete 
| 250|0x00000000efa00000, 0x00000000efb00000, 0x00000000efb00000|100%| O|  |TAMS 0x00000000efa00000| PB 0x00000000efa00000| Untracked 
| 251|0x00000000efb00000, 0x00000000efc00000, 0x00000000efc00000|100%| O|  |TAMS 0x00000000efb00000| PB 0x00000000efb00000| Untracked 
| 252|0x00000000efc00000, 0x00000000efd00000, 0x00000000efd00000|100%| O|  |TAMS 0x00000000efc00000| PB 0x00000000efc00000| Untracked 
| 253|0x00000000efd00000, 0x00000000efe00000, 0x00000000efe00000|100%| O|  |TAMS 0x00000000efd00000| PB 0x00000000efd00000| Untracked 
| 254|0x00000000efe00000, 0x00000000eff00000, 0x00000000eff00000|100%| E|CS|TAMS 0x00000000efe00000| PB 0x00000000efe00000| Complete 
| 255|0x00000000eff00000, 0x00000000f0000000, 0x00000000f0000000|100%| O|  |TAMS 0x00000000eff00000| PB 0x00000000eff00000| Untracked 
| 256|0x00000000f0000000, 0x00000000f0100000, 0x00000000f0100000|100%| O|  |TAMS 0x00000000f0000000| PB 0x00000000f0000000| Untracked 
| 257|0x00000000f0100000, 0x00000000f0200000, 0x00000000f0200000|100%| E|CS|TAMS 0x00000000f0100000| PB 0x00000000f0100000| Complete 
| 258|0x00000000f0200000, 0x00000000f0300000, 0x00000000f0300000|100%| E|CS|TAMS 0x00000000f0200000| PB 0x00000000f0200000| Complete 
| 259|0x00000000f0300000, 0x00000000f0400000, 0x00000000f0400000|100%| E|CS|TAMS 0x00000000f0300000| PB 0x00000000f0300000| Complete 
| 260|0x00000000f0400000, 0x00000000f0500000, 0x00000000f0500000|100%| E|CS|TAMS 0x00000000f0400000| PB 0x00000000f0400000| Complete 
| 261|0x00000000f0500000, 0x00000000f0600000, 0x00000000f0600000|100%| E|CS|TAMS 0x00000000f0500000| PB 0x00000000f0500000| Complete 
| 262|0x00000000f0600000, 0x00000000f0700000, 0x00000000f0700000|100%| E|CS|TAMS 0x00000000f0600000| PB 0x00000000f0600000| Complete 
| 263|0x00000000f0700000, 0x00000000f0800000, 0x00000000f0800000|100%| E|CS|TAMS 0x00000000f0700000| PB 0x00000000f0700000| Complete 
| 264|0x00000000f0800000, 0x00000000f0900000, 0x00000000f0900000|100%| E|CS|TAMS 0x00000000f0800000| PB 0x00000000f0800000| Complete 
| 265|0x00000000f0900000, 0x00000000f0a00000, 0x00000000f0a00000|100%| E|CS|TAMS 0x00000000f0900000| PB 0x00000000f0900000| Complete 
| 266|0x00000000f0a00000, 0x00000000f0b00000, 0x00000000f0b00000|100%| E|CS|TAMS 0x00000000f0a00000| PB 0x00000000f0a00000| Complete 
| 267|0x00000000f0b00000, 0x00000000f0c00000, 0x00000000f0c00000|100%| E|CS|TAMS 0x00000000f0b00000| PB 0x00000000f0b00000| Complete 
| 268|0x00000000f0c00000, 0x00000000f0d00000, 0x00000000f0d00000|100%| E|CS|TAMS 0x00000000f0c00000| PB 0x00000000f0c00000| Complete 
| 269|0x00000000f0d00000, 0x00000000f0e00000, 0x00000000f0e00000|100%| E|CS|TAMS 0x00000000f0d00000| PB 0x00000000f0d00000| Complete 
| 270|0x00000000f0e00000, 0x00000000f0f00000, 0x00000000f0f00000|100%| E|CS|TAMS 0x00000000f0e00000| PB 0x00000000f0e00000| Complete 
| 271|0x00000000f0f00000, 0x00000000f1000000, 0x00000000f1000000|100%| E|CS|TAMS 0x00000000f0f00000| PB 0x00000000f0f00000| Complete 
| 272|0x00000000f1000000, 0x00000000f1100000, 0x00000000f1100000|100%| E|CS|TAMS 0x00000000f1000000| PB 0x00000000f1000000| Complete 
| 273|0x00000000f1100000, 0x00000000f1200000, 0x00000000f1200000|100%| E|CS|TAMS 0x00000000f1100000| PB 0x00000000f1100000| Complete 
| 274|0x00000000f1200000, 0x00000000f1300000, 0x00000000f1300000|100%| E|CS|TAMS 0x00000000f1200000| PB 0x00000000f1200000| Complete 
| 275|0x00000000f1300000, 0x00000000f1400000, 0x00000000f1400000|100%| O|  |TAMS 0x00000000f1300000| PB 0x00000000f1300000| Untracked 
| 276|0x00000000f1400000, 0x00000000f1500000, 0x00000000f1500000|100%| E|CS|TAMS 0x00000000f1400000| PB 0x00000000f1400000| Complete 
| 277|0x00000000f1500000, 0x00000000f1600000, 0x00000000f1600000|100%| E|CS|TAMS 0x00000000f1500000| PB 0x00000000f1500000| Complete 
| 278|0x00000000f1600000, 0x00000000f1700000, 0x00000000f1700000|100%| E|CS|TAMS 0x00000000f1600000| PB 0x00000000f1600000| Complete 
| 279|0x00000000f1700000, 0x00000000f1800000, 0x00000000f1800000|100%| E|CS|TAMS 0x00000000f1700000| PB 0x00000000f1700000| Complete 
| 280|0x00000000f1800000, 0x00000000f1900000, 0x00000000f1900000|100%| E|CS|TAMS 0x00000000f1800000| PB 0x00000000f1800000| Complete 
| 281|0x00000000f1900000, 0x00000000f1a00000, 0x00000000f1a00000|100%| E|CS|TAMS 0x00000000f1900000| PB 0x00000000f1900000| Complete 
| 282|0x00000000f1a00000, 0x00000000f1b00000, 0x00000000f1b00000|100%| E|CS|TAMS 0x00000000f1a00000| PB 0x00000000f1a00000| Complete 
| 283|0x00000000f1b00000, 0x00000000f1c00000, 0x00000000f1c00000|100%| E|CS|TAMS 0x00000000f1b00000| PB 0x00000000f1b00000| Complete 
| 284|0x00000000f1c00000, 0x00000000f1d00000, 0x00000000f1d00000|100%| E|CS|TAMS 0x00000000f1c00000| PB 0x00000000f1c00000| Complete 
| 285|0x00000000f1d00000, 0x00000000f1e00000, 0x00000000f1e00000|100%| E|CS|TAMS 0x00000000f1d00000| PB 0x00000000f1d00000| Complete 
| 286|0x00000000f1e00000, 0x00000000f1f00000, 0x00000000f1f00000|100%| E|CS|TAMS 0x00000000f1e00000| PB 0x00000000f1e00000| Complete 
| 287|0x00000000f1f00000, 0x00000000f2000000, 0x00000000f2000000|100%| E|CS|TAMS 0x00000000f1f00000| PB 0x00000000f1f00000| Complete 
| 288|0x00000000f2000000, 0x00000000f2100000, 0x00000000f2100000|100%| E|CS|TAMS 0x00000000f2000000| PB 0x00000000f2000000| Complete 
| 289|0x00000000f2100000, 0x00000000f2200000, 0x00000000f2200000|100%| O|  |TAMS 0x00000000f2100000| PB 0x00000000f2100000| Untracked 
| 290|0x00000000f2200000, 0x00000000f2300000, 0x00000000f2300000|100%| E|CS|TAMS 0x00000000f2200000| PB 0x00000000f2200000| Complete 
| 291|0x00000000f2300000, 0x00000000f2400000, 0x00000000f2400000|100%| E|CS|TAMS 0x00000000f2300000| PB 0x00000000f2300000| Complete 
| 292|0x00000000f2400000, 0x00000000f2500000, 0x00000000f2500000|100%| E|CS|TAMS 0x00000000f2400000| PB 0x00000000f2400000| Complete 
| 293|0x00000000f2500000, 0x00000000f2600000, 0x00000000f2600000|100%| E|CS|TAMS 0x00000000f2500000| PB 0x00000000f2500000| Complete 
| 294|0x00000000f2600000, 0x00000000f2700000, 0x00000000f2700000|100%| O|  |TAMS 0x00000000f2600000| PB 0x00000000f2600000| Untracked 
| 295|0x00000000f2700000, 0x00000000f2800000, 0x00000000f2800000|100%| E|CS|TAMS 0x00000000f2700000| PB 0x00000000f2700000| Complete 
| 296|0x00000000f2800000, 0x00000000f2900000, 0x00000000f2900000|100%| E|CS|TAMS 0x00000000f2800000| PB 0x00000000f2800000| Complete 
| 297|0x00000000f2900000, 0x00000000f2a00000, 0x00000000f2a00000|100%| E|CS|TAMS 0x00000000f2900000| PB 0x00000000f2900000| Complete 
| 298|0x00000000f2a00000, 0x00000000f2b00000, 0x00000000f2b00000|100%| E|CS|TAMS 0x00000000f2a00000| PB 0x00000000f2a00000| Complete 
| 299|0x00000000f2b00000, 0x00000000f2c00000, 0x00000000f2c00000|100%| E|CS|TAMS 0x00000000f2b00000| PB 0x00000000f2b00000| Complete 
| 300|0x00000000f2c00000, 0x00000000f2d00000, 0x00000000f2d00000|100%| O|  |TAMS 0x00000000f2c00000| PB 0x00000000f2c00000| Untracked 
| 301|0x00000000f2d00000, 0x00000000f2e00000, 0x00000000f2e00000|100%| E|CS|TAMS 0x00000000f2d00000| PB 0x00000000f2d00000| Complete 
| 302|0x00000000f2e00000, 0x00000000f2f00000, 0x00000000f2f00000|100%| E|CS|TAMS 0x00000000f2e00000| PB 0x00000000f2e00000| Complete 
| 303|0x00000000f2f00000, 0x00000000f3000000, 0x00000000f3000000|100%| E|CS|TAMS 0x00000000f2f00000| PB 0x00000000f2f00000| Complete 
| 304|0x00000000f3000000, 0x00000000f3100000, 0x00000000f3100000|100%| E|CS|TAMS 0x00000000f3000000| PB 0x00000000f3000000| Complete 
| 305|0x00000000f3100000, 0x00000000f3200000, 0x00000000f3200000|100%| E|CS|TAMS 0x00000000f3100000| PB 0x00000000f3100000| Complete 
| 306|0x00000000f3200000, 0x00000000f3300000, 0x00000000f3300000|100%| E|CS|TAMS 0x00000000f3200000| PB 0x00000000f3200000| Complete 
| 307|0x00000000f3300000, 0x00000000f3400000, 0x00000000f3400000|100%| E|CS|TAMS 0x00000000f3300000| PB 0x00000000f3300000| Complete 
| 308|0x00000000f3400000, 0x00000000f3500000, 0x00000000f3500000|100%| O|Cm|TAMS 0x00000000f3400000| PB 0x00000000f3400000| Complete 
| 309|0x00000000f3500000, 0x00000000f3600000, 0x00000000f3600000|100%| O|  |TAMS 0x00000000f3500000| PB 0x00000000f3500000| Untracked 
| 310|0x00000000f3600000, 0x00000000f3700000, 0x00000000f3700000|100%| O|  |TAMS 0x00000000f3600000| PB 0x00000000f3600000| Untracked 
| 311|0x00000000f3700000, 0x00000000f3800000, 0x00000000f3800000|100%| O|  |TAMS 0x00000000f3700000| PB 0x00000000f3700000| Untracked 
| 312|0x00000000f3800000, 0x00000000f3900000, 0x00000000f3900000|100%| O|  |TAMS 0x00000000f3800000| PB 0x00000000f3800000| Untracked 
| 313|0x00000000f3900000, 0x00000000f3a00000, 0x00000000f3a00000|100%| E|CS|TAMS 0x00000000f3900000| PB 0x00000000f3900000| Complete 
| 314|0x00000000f3a00000, 0x00000000f3b00000, 0x00000000f3b00000|100%| E|CS|TAMS 0x00000000f3a00000| PB 0x00000000f3a00000| Complete 
| 315|0x00000000f3b00000, 0x00000000f3c00000, 0x00000000f3c00000|100%| E|CS|TAMS 0x00000000f3b00000| PB 0x00000000f3b00000| Complete 
| 316|0x00000000f3c00000, 0x00000000f3d00000, 0x00000000f3d00000|100%| E|CS|TAMS 0x00000000f3c00000| PB 0x00000000f3c00000| Complete 
| 317|0x00000000f3d00000, 0x00000000f3e00000, 0x00000000f3e00000|100%| E|CS|TAMS 0x00000000f3d00000| PB 0x00000000f3d00000| Complete 
| 318|0x00000000f3e00000, 0x00000000f3f00000, 0x00000000f3f00000|100%| E|CS|TAMS 0x00000000f3e00000| PB 0x00000000f3e00000| Complete 
| 319|0x00000000f3f00000, 0x00000000f4000000, 0x00000000f4000000|100%| E|CS|TAMS 0x00000000f3f00000| PB 0x00000000f3f00000| Complete 
| 320|0x00000000f4000000, 0x00000000f4100000, 0x00000000f4100000|100%| E|CS|TAMS 0x00000000f4000000| PB 0x00000000f4000000| Complete 
| 321|0x00000000f4100000, 0x00000000f4200000, 0x00000000f4200000|100%| E|CS|TAMS 0x00000000f4100000| PB 0x00000000f4100000| Complete 
| 322|0x00000000f4200000, 0x00000000f4300000, 0x00000000f4300000|100%| E|CS|TAMS 0x00000000f4200000| PB 0x00000000f4200000| Complete 
| 323|0x00000000f4300000, 0x00000000f4400000, 0x00000000f4400000|100%| E|CS|TAMS 0x00000000f4300000| PB 0x00000000f4300000| Complete 
| 324|0x00000000f4400000, 0x00000000f4500000, 0x00000000f4500000|100%| E|CS|TAMS 0x00000000f4400000| PB 0x00000000f4400000| Complete 
| 325|0x00000000f4500000, 0x00000000f4600000, 0x00000000f4600000|100%| E|CS|TAMS 0x00000000f4500000| PB 0x00000000f4500000| Complete 
| 326|0x00000000f4600000, 0x00000000f4700000, 0x00000000f4700000|100%| E|CS|TAMS 0x00000000f4600000| PB 0x00000000f4600000| Complete 
| 327|0x00000000f4700000, 0x00000000f4800000, 0x00000000f4800000|100%| E|CS|TAMS 0x00000000f4700000| PB 0x00000000f4700000| Complete 
| 328|0x00000000f4800000, 0x00000000f4900000, 0x00000000f4900000|100%| E|CS|TAMS 0x00000000f4800000| PB 0x00000000f4800000| Complete 
| 329|0x00000000f4900000, 0x00000000f4a00000, 0x00000000f4a00000|100%| E|CS|TAMS 0x00000000f4900000| PB 0x00000000f4900000| Complete 
| 330|0x00000000f4a00000, 0x00000000f4b00000, 0x00000000f4b00000|100%| E|CS|TAMS 0x00000000f4a00000| PB 0x00000000f4a00000| Complete 
| 331|0x00000000f4b00000, 0x00000000f4c00000, 0x00000000f4c00000|100%| E|CS|TAMS 0x00000000f4b00000| PB 0x00000000f4b00000| Complete 
| 332|0x00000000f4c00000, 0x00000000f4d00000, 0x00000000f4d00000|100%| E|CS|TAMS 0x00000000f4c00000| PB 0x00000000f4c00000| Complete 
| 333|0x00000000f4d00000, 0x00000000f4e00000, 0x00000000f4e00000|100%| E|CS|TAMS 0x00000000f4d00000| PB 0x00000000f4d00000| Complete 
| 334|0x00000000f4e00000, 0x00000000f4f00000, 0x00000000f4f00000|100%| E|CS|TAMS 0x00000000f4e00000| PB 0x00000000f4e00000| Complete 
| 335|0x00000000f4f00000, 0x00000000f5000000, 0x00000000f5000000|100%| E|CS|TAMS 0x00000000f4f00000| PB 0x00000000f4f00000| Complete 
| 336|0x00000000f5000000, 0x00000000f5100000, 0x00000000f5100000|100%| E|CS|TAMS 0x00000000f5000000| PB 0x00000000f5000000| Complete 
| 337|0x00000000f5100000, 0x00000000f5200000, 0x00000000f5200000|100%| E|CS|TAMS 0x00000000f5100000| PB 0x00000000f5100000| Complete 
| 338|0x00000000f5200000, 0x00000000f5300000, 0x00000000f5300000|100%| E|CS|TAMS 0x00000000f5200000| PB 0x00000000f5200000| Complete 
| 339|0x00000000f5300000, 0x00000000f5400000, 0x00000000f5400000|100%| E|CS|TAMS 0x00000000f5300000| PB 0x00000000f5300000| Complete 
| 340|0x00000000f5400000, 0x00000000f5500000, 0x00000000f5500000|100%| E|CS|TAMS 0x00000000f5400000| PB 0x00000000f5400000| Complete 
| 341|0x00000000f5500000, 0x00000000f5600000, 0x00000000f5600000|100%| E|CS|TAMS 0x00000000f5500000| PB 0x00000000f5500000| Complete 
| 342|0x00000000f5600000, 0x00000000f5700000, 0x00000000f5700000|100%| E|CS|TAMS 0x00000000f5600000| PB 0x00000000f5600000| Complete 
| 343|0x00000000f5700000, 0x00000000f5800000, 0x00000000f5800000|100%| E|CS|TAMS 0x00000000f5700000| PB 0x00000000f5700000| Complete 
| 344|0x00000000f5800000, 0x00000000f5900000, 0x00000000f5900000|100%| E|CS|TAMS 0x00000000f5800000| PB 0x00000000f5800000| Complete 
| 345|0x00000000f5900000, 0x00000000f5a00000, 0x00000000f5a00000|100%| E|CS|TAMS 0x00000000f5900000| PB 0x00000000f5900000| Complete 
| 346|0x00000000f5a00000, 0x00000000f5b00000, 0x00000000f5b00000|100%| E|CS|TAMS 0x00000000f5a00000| PB 0x00000000f5a00000| Complete 
| 347|0x00000000f5b00000, 0x00000000f5c00000, 0x00000000f5c00000|100%| E|CS|TAMS 0x00000000f5b00000| PB 0x00000000f5b00000| Complete 
| 348|0x00000000f5c00000, 0x00000000f5d00000, 0x00000000f5d00000|100%| E|CS|TAMS 0x00000000f5c00000| PB 0x00000000f5c00000| Complete 
| 349|0x00000000f5d00000, 0x00000000f5e00000, 0x00000000f5e00000|100%| E|CS|TAMS 0x00000000f5d00000| PB 0x00000000f5d00000| Complete 
| 350|0x00000000f5e00000, 0x00000000f5f00000, 0x00000000f5f00000|100%| E|CS|TAMS 0x00000000f5e00000| PB 0x00000000f5e00000| Complete 
| 351|0x00000000f5f00000, 0x00000000f6000000, 0x00000000f6000000|100%| E|CS|TAMS 0x00000000f5f00000| PB 0x00000000f5f00000| Complete 
| 352|0x00000000f6000000, 0x00000000f6100000, 0x00000000f6100000|100%| E|CS|TAMS 0x00000000f6000000| PB 0x00000000f6000000| Complete 
| 353|0x00000000f6100000, 0x00000000f6200000, 0x00000000f6200000|100%| E|CS|TAMS 0x00000000f6100000| PB 0x00000000f6100000| Complete 
| 354|0x00000000f6200000, 0x00000000f6300000, 0x00000000f6300000|100%| E|CS|TAMS 0x00000000f6200000| PB 0x00000000f6200000| Complete 
| 355|0x00000000f6300000, 0x00000000f6400000, 0x00000000f6400000|100%| E|CS|TAMS 0x00000000f6300000| PB 0x00000000f6300000| Complete 
| 356|0x00000000f6400000, 0x00000000f6500000, 0x00000000f6500000|100%| E|CS|TAMS 0x00000000f6400000| PB 0x00000000f6400000| Complete 
| 357|0x00000000f6500000, 0x00000000f6600000, 0x00000000f6600000|100%| E|CS|TAMS 0x00000000f6500000| PB 0x00000000f6500000| Complete 
| 358|0x00000000f6600000, 0x00000000f6700000, 0x00000000f6700000|100%| E|CS|TAMS 0x00000000f6600000| PB 0x00000000f6600000| Complete 
| 359|0x00000000f6700000, 0x00000000f6800000, 0x00000000f6800000|100%| E|CS|TAMS 0x00000000f6700000| PB 0x00000000f6700000| Complete 
| 360|0x00000000f6800000, 0x00000000f6900000, 0x00000000f6900000|100%| E|CS|TAMS 0x00000000f6800000| PB 0x00000000f6800000| Complete 
| 361|0x00000000f6900000, 0x00000000f6a00000, 0x00000000f6a00000|100%| E|CS|TAMS 0x00000000f6900000| PB 0x00000000f6900000| Complete 
| 362|0x00000000f6a00000, 0x00000000f6b00000, 0x00000000f6b00000|100%| E|CS|TAMS 0x00000000f6a00000| PB 0x00000000f6a00000| Complete 
| 363|0x00000000f6b00000, 0x00000000f6c00000, 0x00000000f6c00000|100%| E|CS|TAMS 0x00000000f6b00000| PB 0x00000000f6b00000| Complete 
| 364|0x00000000f6c00000, 0x00000000f6d00000, 0x00000000f6d00000|100%| E|CS|TAMS 0x00000000f6c00000| PB 0x00000000f6c00000| Complete 
| 365|0x00000000f6d00000, 0x00000000f6e00000, 0x00000000f6e00000|100%| E|CS|TAMS 0x00000000f6d00000| PB 0x00000000f6d00000| Complete 
| 366|0x00000000f6e00000, 0x00000000f6f00000, 0x00000000f6f00000|100%| E|CS|TAMS 0x00000000f6e00000| PB 0x00000000f6e00000| Complete 
| 367|0x00000000f6f00000, 0x00000000f7000000, 0x00000000f7000000|100%| E|CS|TAMS 0x00000000f6f00000| PB 0x00000000f6f00000| Complete 
| 368|0x00000000f7000000, 0x00000000f7100000, 0x00000000f7100000|100%| E|CS|TAMS 0x00000000f7000000| PB 0x00000000f7000000| Complete 
| 369|0x00000000f7100000, 0x00000000f7200000, 0x00000000f7200000|100%| E|CS|TAMS 0x00000000f7100000| PB 0x00000000f7100000| Complete 
| 370|0x00000000f7200000, 0x00000000f7300000, 0x00000000f7300000|100%| E|CS|TAMS 0x00000000f7200000| PB 0x00000000f7200000| Complete 
| 371|0x00000000f7300000, 0x00000000f7400000, 0x00000000f7400000|100%| E|CS|TAMS 0x00000000f7300000| PB 0x00000000f7300000| Complete 
| 372|0x00000000f7400000, 0x00000000f7500000, 0x00000000f7500000|100%| E|CS|TAMS 0x00000000f7400000| PB 0x00000000f7400000| Complete 
| 373|0x00000000f7500000, 0x00000000f7600000, 0x00000000f7600000|100%| E|CS|TAMS 0x00000000f7500000| PB 0x00000000f7500000| Complete 
| 374|0x00000000f7600000, 0x00000000f7700000, 0x00000000f7700000|100%| E|CS|TAMS 0x00000000f7600000| PB 0x00000000f7600000| Complete 
| 375|0x00000000f7700000, 0x00000000f7800000, 0x00000000f7800000|100%| E|CS|TAMS 0x00000000f7700000| PB 0x00000000f7700000| Complete 
| 376|0x00000000f7800000, 0x00000000f7900000, 0x00000000f7900000|100%| E|CS|TAMS 0x00000000f7800000| PB 0x00000000f7800000| Complete 
| 377|0x00000000f7900000, 0x00000000f7a00000, 0x00000000f7a00000|100%| E|CS|TAMS 0x00000000f7900000| PB 0x00000000f7900000| Complete 
| 378|0x00000000f7a00000, 0x00000000f7b00000, 0x00000000f7b00000|100%| E|CS|TAMS 0x00000000f7a00000| PB 0x00000000f7a00000| Complete 
| 379|0x00000000f7b00000, 0x00000000f7c00000, 0x00000000f7c00000|100%| E|CS|TAMS 0x00000000f7b00000| PB 0x00000000f7b00000| Complete 
| 380|0x00000000f7c00000, 0x00000000f7d00000, 0x00000000f7d00000|100%| E|CS|TAMS 0x00000000f7c00000| PB 0x00000000f7c00000| Complete 
| 381|0x00000000f7d00000, 0x00000000f7e00000, 0x00000000f7e00000|100%| E|CS|TAMS 0x00000000f7d00000| PB 0x00000000f7d00000| Complete 
| 382|0x00000000f7e00000, 0x00000000f7f00000, 0x00000000f7f00000|100%| E|CS|TAMS 0x00000000f7e00000| PB 0x00000000f7e00000| Complete 
| 383|0x00000000f7f00000, 0x00000000f8000000, 0x00000000f8000000|100%| E|CS|TAMS 0x00000000f7f00000| PB 0x00000000f7f00000| Complete 
| 384|0x00000000f8000000, 0x00000000f8100000, 0x00000000f8100000|100%| E|CS|TAMS 0x00000000f8000000| PB 0x00000000f8000000| Complete 
| 385|0x00000000f8100000, 0x00000000f8200000, 0x00000000f8200000|100%| E|CS|TAMS 0x00000000f8100000| PB 0x00000000f8100000| Complete 
| 386|0x00000000f8200000, 0x00000000f8300000, 0x00000000f8300000|100%| E|CS|TAMS 0x00000000f8200000| PB 0x00000000f8200000| Complete 
| 387|0x00000000f8300000, 0x00000000f8400000, 0x00000000f8400000|100%| E|CS|TAMS 0x00000000f8300000| PB 0x00000000f8300000| Complete 
| 388|0x00000000f8400000, 0x00000000f8500000, 0x00000000f8500000|100%| E|CS|TAMS 0x00000000f8400000| PB 0x00000000f8400000| Complete 
| 389|0x00000000f8500000, 0x00000000f8600000, 0x00000000f8600000|100%| E|CS|TAMS 0x00000000f8500000| PB 0x00000000f8500000| Complete 
| 390|0x00000000f8600000, 0x00000000f8700000, 0x00000000f8700000|100%| E|CS|TAMS 0x00000000f8600000| PB 0x00000000f8600000| Complete 
| 391|0x00000000f8700000, 0x00000000f8800000, 0x00000000f8800000|100%| E|CS|TAMS 0x00000000f8700000| PB 0x00000000f8700000| Complete 
| 392|0x00000000f8800000, 0x00000000f8900000, 0x00000000f8900000|100%| E|CS|TAMS 0x00000000f8800000| PB 0x00000000f8800000| Complete 
| 393|0x00000000f8900000, 0x00000000f8a00000, 0x00000000f8a00000|100%| E|CS|TAMS 0x00000000f8900000| PB 0x00000000f8900000| Complete 
| 394|0x00000000f8a00000, 0x00000000f8b00000, 0x00000000f8b00000|100%| E|CS|TAMS 0x00000000f8a00000| PB 0x00000000f8a00000| Complete 
| 395|0x00000000f8b00000, 0x00000000f8c00000, 0x00000000f8c00000|100%| E|CS|TAMS 0x00000000f8b00000| PB 0x00000000f8b00000| Complete 
| 396|0x00000000f8c00000, 0x00000000f8d00000, 0x00000000f8d00000|100%| E|CS|TAMS 0x00000000f8c00000| PB 0x00000000f8c00000| Complete 
| 397|0x00000000f8d00000, 0x00000000f8e00000, 0x00000000f8e00000|100%| E|CS|TAMS 0x00000000f8d00000| PB 0x00000000f8d00000| Complete 
| 398|0x00000000f8e00000, 0x00000000f8f00000, 0x00000000f8f00000|100%| E|CS|TAMS 0x00000000f8e00000| PB 0x00000000f8e00000| Complete 
| 399|0x00000000f8f00000, 0x00000000f9000000, 0x00000000f9000000|100%| E|CS|TAMS 0x00000000f8f00000| PB 0x00000000f8f00000| Complete 
| 400|0x00000000f9000000, 0x00000000f9100000, 0x00000000f9100000|100%| E|CS|TAMS 0x00000000f9000000| PB 0x00000000f9000000| Complete 
| 401|0x00000000f9100000, 0x00000000f9200000, 0x00000000f9200000|100%| E|CS|TAMS 0x00000000f9100000| PB 0x00000000f9100000| Complete 
| 402|0x00000000f9200000, 0x00000000f9300000, 0x00000000f9300000|100%| E|CS|TAMS 0x00000000f9200000| PB 0x00000000f9200000| Complete 
| 403|0x00000000f9300000, 0x00000000f9400000, 0x00000000f9400000|100%| E|CS|TAMS 0x00000000f9300000| PB 0x00000000f9300000| Complete 
| 404|0x00000000f9400000, 0x00000000f9500000, 0x00000000f9500000|100%| E|CS|TAMS 0x00000000f9400000| PB 0x00000000f9400000| Complete 
| 405|0x00000000f9500000, 0x00000000f9600000, 0x00000000f9600000|100%| E|CS|TAMS 0x00000000f9500000| PB 0x00000000f9500000| Complete 
| 406|0x00000000f9600000, 0x00000000f9700000, 0x00000000f9700000|100%| E|CS|TAMS 0x00000000f9600000| PB 0x00000000f9600000| Complete 
| 407|0x00000000f9700000, 0x00000000f9800000, 0x00000000f9800000|100%| E|CS|TAMS 0x00000000f9700000| PB 0x00000000f9700000| Complete 
| 408|0x00000000f9800000, 0x00000000f9900000, 0x00000000f9900000|100%| E|CS|TAMS 0x00000000f9800000| PB 0x00000000f9800000| Complete 
| 409|0x00000000f9900000, 0x00000000f9a00000, 0x00000000f9a00000|100%| E|CS|TAMS 0x00000000f9900000| PB 0x00000000f9900000| Complete 
| 410|0x00000000f9a00000, 0x00000000f9b00000, 0x00000000f9b00000|100%| E|CS|TAMS 0x00000000f9a00000| PB 0x00000000f9a00000| Complete 
| 411|0x00000000f9b00000, 0x00000000f9c00000, 0x00000000f9c00000|100%| E|CS|TAMS 0x00000000f9b00000| PB 0x00000000f9b00000| Complete 
| 412|0x00000000f9c00000, 0x00000000f9d00000, 0x00000000f9d00000|100%| E|CS|TAMS 0x00000000f9c00000| PB 0x00000000f9c00000| Complete 
| 413|0x00000000f9d00000, 0x00000000f9e00000, 0x00000000f9e00000|100%| E|CS|TAMS 0x00000000f9d00000| PB 0x00000000f9d00000| Complete 
| 414|0x00000000f9e00000, 0x00000000f9f00000, 0x00000000f9f00000|100%| E|CS|TAMS 0x00000000f9e00000| PB 0x00000000f9e00000| Complete 
| 415|0x00000000f9f00000, 0x00000000fa000000, 0x00000000fa000000|100%| E|CS|TAMS 0x00000000f9f00000| PB 0x00000000f9f00000| Complete 
| 416|0x00000000fa000000, 0x00000000fa100000, 0x00000000fa100000|100%| E|CS|TAMS 0x00000000fa000000| PB 0x00000000fa000000| Complete 
| 417|0x00000000fa100000, 0x00000000fa200000, 0x00000000fa200000|100%| E|CS|TAMS 0x00000000fa100000| PB 0x00000000fa100000| Complete 
| 418|0x00000000fa200000, 0x00000000fa300000, 0x00000000fa300000|100%| E|CS|TAMS 0x00000000fa200000| PB 0x00000000fa200000| Complete 
| 419|0x00000000fa300000, 0x00000000fa400000, 0x00000000fa400000|100%| E|CS|TAMS 0x00000000fa300000| PB 0x00000000fa300000| Complete 
| 420|0x00000000fa400000, 0x00000000fa500000, 0x00000000fa500000|100%| E|CS|TAMS 0x00000000fa400000| PB 0x00000000fa400000| Complete 
| 421|0x00000000fa500000, 0x00000000fa600000, 0x00000000fa600000|100%| E|CS|TAMS 0x00000000fa500000| PB 0x00000000fa500000| Complete 
| 422|0x00000000fa600000, 0x00000000fa700000, 0x00000000fa700000|100%| E|CS|TAMS 0x00000000fa600000| PB 0x00000000fa600000| Complete 
| 423|0x00000000fa700000, 0x00000000fa800000, 0x00000000fa800000|100%| E|CS|TAMS 0x00000000fa700000| PB 0x00000000fa700000| Complete 
| 424|0x00000000fa800000, 0x00000000fa900000, 0x00000000fa900000|100%| E|CS|TAMS 0x00000000fa800000| PB 0x00000000fa800000| Complete 
| 425|0x00000000fa900000, 0x00000000faa00000, 0x00000000faa00000|100%| E|CS|TAMS 0x00000000fa900000| PB 0x00000000fa900000| Complete 
| 426|0x00000000faa00000, 0x00000000fab00000, 0x00000000fab00000|100%| E|CS|TAMS 0x00000000faa00000| PB 0x00000000faa00000| Complete 
| 427|0x00000000fab00000, 0x00000000fac00000, 0x00000000fac00000|100%| E|CS|TAMS 0x00000000fab00000| PB 0x00000000fab00000| Complete 
| 428|0x00000000fac00000, 0x00000000fad00000, 0x00000000fad00000|100%| E|CS|TAMS 0x00000000fac00000| PB 0x00000000fac00000| Complete 
| 429|0x00000000fad00000, 0x00000000fae00000, 0x00000000fae00000|100%| E|CS|TAMS 0x00000000fad00000| PB 0x00000000fad00000| Complete 
| 430|0x00000000fae00000, 0x00000000faf00000, 0x00000000faf00000|100%| E|CS|TAMS 0x00000000fae00000| PB 0x00000000fae00000| Complete 
| 431|0x00000000faf00000, 0x00000000fb000000, 0x00000000fb000000|100%| E|CS|TAMS 0x00000000faf00000| PB 0x00000000faf00000| Complete 
| 432|0x00000000fb000000, 0x00000000fb100000, 0x00000000fb100000|100%| E|CS|TAMS 0x00000000fb000000| PB 0x00000000fb000000| Complete 
| 433|0x00000000fb100000, 0x00000000fb200000, 0x00000000fb200000|100%| E|CS|TAMS 0x00000000fb100000| PB 0x00000000fb100000| Complete 
| 434|0x00000000fb200000, 0x00000000fb300000, 0x00000000fb300000|100%| E|CS|TAMS 0x00000000fb200000| PB 0x00000000fb200000| Complete 
| 435|0x00000000fb300000, 0x00000000fb400000, 0x00000000fb400000|100%| E|CS|TAMS 0x00000000fb300000| PB 0x00000000fb300000| Complete 
| 436|0x00000000fb400000, 0x00000000fb500000, 0x00000000fb500000|100%| E|CS|TAMS 0x00000000fb400000| PB 0x00000000fb400000| Complete 
| 437|0x00000000fb500000, 0x00000000fb600000, 0x00000000fb600000|100%| E|CS|TAMS 0x00000000fb500000| PB 0x00000000fb500000| Complete 
| 438|0x00000000fb600000, 0x00000000fb700000, 0x00000000fb700000|100%| E|CS|TAMS 0x00000000fb600000| PB 0x00000000fb600000| Complete 
| 439|0x00000000fb700000, 0x00000000fb800000, 0x00000000fb800000|100%| E|CS|TAMS 0x00000000fb700000| PB 0x00000000fb700000| Complete 
| 440|0x00000000fb800000, 0x00000000fb900000, 0x00000000fb900000|100%| E|CS|TAMS 0x00000000fb800000| PB 0x00000000fb800000| Complete 
| 441|0x00000000fb900000, 0x00000000fba00000, 0x00000000fba00000|100%| E|CS|TAMS 0x00000000fb900000| PB 0x00000000fb900000| Complete 
| 442|0x00000000fba00000, 0x00000000fbb00000, 0x00000000fbb00000|100%| E|CS|TAMS 0x00000000fba00000| PB 0x00000000fba00000| Complete 
| 443|0x00000000fbb00000, 0x00000000fbc00000, 0x00000000fbc00000|100%| E|CS|TAMS 0x00000000fbb00000| PB 0x00000000fbb00000| Complete 
| 444|0x00000000fbc00000, 0x00000000fbd00000, 0x00000000fbd00000|100%| E|CS|TAMS 0x00000000fbc00000| PB 0x00000000fbc00000| Complete 
| 445|0x00000000fbd00000, 0x00000000fbe00000, 0x00000000fbe00000|100%| E|CS|TAMS 0x00000000fbd00000| PB 0x00000000fbd00000| Complete 
| 446|0x00000000fbe00000, 0x00000000fbf00000, 0x00000000fbf00000|100%| E|CS|TAMS 0x00000000fbe00000| PB 0x00000000fbe00000| Complete 
| 447|0x00000000fbf00000, 0x00000000fc000000, 0x00000000fc000000|100%| E|CS|TAMS 0x00000000fbf00000| PB 0x00000000fbf00000| Complete 
| 448|0x00000000fc000000, 0x00000000fc100000, 0x00000000fc100000|100%| E|CS|TAMS 0x00000000fc000000| PB 0x00000000fc000000| Complete 
| 449|0x00000000fc100000, 0x00000000fc200000, 0x00000000fc200000|100%| E|CS|TAMS 0x00000000fc100000| PB 0x00000000fc100000| Complete 
| 450|0x00000000fc200000, 0x00000000fc300000, 0x00000000fc300000|100%| E|CS|TAMS 0x00000000fc200000| PB 0x00000000fc200000| Complete 
| 451|0x00000000fc300000, 0x00000000fc400000, 0x00000000fc400000|100%| E|CS|TAMS 0x00000000fc300000| PB 0x00000000fc300000| Complete 
| 452|0x00000000fc400000, 0x00000000fc500000, 0x00000000fc500000|100%| E|CS|TAMS 0x00000000fc400000| PB 0x00000000fc400000| Complete 
| 453|0x00000000fc500000, 0x00000000fc600000, 0x00000000fc600000|100%| E|CS|TAMS 0x00000000fc500000| PB 0x00000000fc500000| Complete 
| 454|0x00000000fc600000, 0x00000000fc700000, 0x00000000fc700000|100%| E|CS|TAMS 0x00000000fc600000| PB 0x00000000fc600000| Complete 
| 455|0x00000000fc700000, 0x00000000fc800000, 0x00000000fc800000|100%| E|CS|TAMS 0x00000000fc700000| PB 0x00000000fc700000| Complete 
| 456|0x00000000fc800000, 0x00000000fc900000, 0x00000000fc900000|100%| E|CS|TAMS 0x00000000fc800000| PB 0x00000000fc800000| Complete 
| 457|0x00000000fc900000, 0x00000000fca00000, 0x00000000fca00000|100%| E|CS|TAMS 0x00000000fc900000| PB 0x00000000fc900000| Complete 
| 458|0x00000000fca00000, 0x00000000fcb00000, 0x00000000fcb00000|100%| E|CS|TAMS 0x00000000fca00000| PB 0x00000000fca00000| Complete 
| 459|0x00000000fcb00000, 0x00000000fcc00000, 0x00000000fcc00000|100%| E|CS|TAMS 0x00000000fcb00000| PB 0x00000000fcb00000| Complete 
| 460|0x00000000fcc00000, 0x00000000fcd00000, 0x00000000fcd00000|100%| E|CS|TAMS 0x00000000fcc00000| PB 0x00000000fcc00000| Complete 
| 461|0x00000000fcd00000, 0x00000000fcdf6858, 0x00000000fce00000| 96%| S|CS|TAMS 0x00000000fcd00000| PB 0x00000000fcd00000| Complete 
| 462|0x00000000fce00000, 0x00000000fcf00000, 0x00000000fcf00000|100%| S|CS|TAMS 0x00000000fce00000| PB 0x00000000fce00000| Complete 
| 463|0x00000000fcf00000, 0x00000000fd000000, 0x00000000fd000000|100%| S|CS|TAMS 0x00000000fcf00000| PB 0x00000000fcf00000| Complete 
| 464|0x00000000fd000000, 0x00000000fd100000, 0x00000000fd100000|100%| S|CS|TAMS 0x00000000fd000000| PB 0x00000000fd000000| Complete 
| 465|0x00000000fd100000, 0x00000000fd200000, 0x00000000fd200000|100%| S|CS|TAMS 0x00000000fd100000| PB 0x00000000fd100000| Complete 
| 466|0x00000000fd200000, 0x00000000fd300000, 0x00000000fd300000|100%| S|CS|TAMS 0x00000000fd200000| PB 0x00000000fd200000| Complete 
| 467|0x00000000fd300000, 0x00000000fd400000, 0x00000000fd400000|100%| S|CS|TAMS 0x00000000fd300000| PB 0x00000000fd300000| Complete 
| 468|0x00000000fd400000, 0x00000000fd500000, 0x00000000fd500000|100%| S|CS|TAMS 0x00000000fd400000| PB 0x00000000fd400000| Complete 
| 469|0x00000000fd500000, 0x00000000fd600000, 0x00000000fd600000|100%| S|CS|TAMS 0x00000000fd500000| PB 0x00000000fd500000| Complete 
| 470|0x00000000fd600000, 0x00000000fd700000, 0x00000000fd700000|100%| S|CS|TAMS 0x00000000fd600000| PB 0x00000000fd600000| Complete 
| 471|0x00000000fd700000, 0x00000000fd800000, 0x00000000fd800000|100%| S|CS|TAMS 0x00000000fd700000| PB 0x00000000fd700000| Complete 
| 472|0x00000000fd800000, 0x00000000fd900000, 0x00000000fd900000|100%| S|CS|TAMS 0x00000000fd800000| PB 0x00000000fd800000| Complete 
| 473|0x00000000fd900000, 0x00000000fda00000, 0x00000000fda00000|100%| S|CS|TAMS 0x00000000fd900000| PB 0x00000000fd900000| Complete 
| 474|0x00000000fda00000, 0x00000000fdb00000, 0x00000000fdb00000|100%| S|CS|TAMS 0x00000000fda00000| PB 0x00000000fda00000| Complete 
| 475|0x00000000fdb00000, 0x00000000fdc00000, 0x00000000fdc00000|100%| S|CS|TAMS 0x00000000fdb00000| PB 0x00000000fdb00000| Complete 
| 476|0x00000000fdc00000, 0x00000000fdd00000, 0x00000000fdd00000|100%| S|CS|TAMS 0x00000000fdc00000| PB 0x00000000fdc00000| Complete 
| 477|0x00000000fdd00000, 0x00000000fde00000, 0x00000000fde00000|100%| S|CS|TAMS 0x00000000fdd00000| PB 0x00000000fdd00000| Complete 
| 478|0x00000000fde00000, 0x00000000fdf00000, 0x00000000fdf00000|100%| S|CS|TAMS 0x00000000fde00000| PB 0x00000000fde00000| Complete 
| 479|0x00000000fdf00000, 0x00000000fe000000, 0x00000000fe000000|100%| S|CS|TAMS 0x00000000fdf00000| PB 0x00000000fdf00000| Complete 
| 480|0x00000000fe000000, 0x00000000fe100000, 0x00000000fe100000|100%| S|CS|TAMS 0x00000000fe000000| PB 0x00000000fe000000| Complete 
| 481|0x00000000fe100000, 0x00000000fe200000, 0x00000000fe200000|100%| S|CS|TAMS 0x00000000fe100000| PB 0x00000000fe100000| Complete 
| 482|0x00000000fe200000, 0x00000000fe300000, 0x00000000fe300000|100%| E|CS|TAMS 0x00000000fe200000| PB 0x00000000fe200000| Complete 
| 483|0x00000000fe300000, 0x00000000fe400000, 0x00000000fe400000|100%| E|CS|TAMS 0x00000000fe300000| PB 0x00000000fe300000| Complete 
| 484|0x00000000fe400000, 0x00000000fe500000, 0x00000000fe500000|100%| E|CS|TAMS 0x00000000fe400000| PB 0x00000000fe400000| Complete 
| 485|0x00000000fe500000, 0x00000000fe600000, 0x00000000fe600000|100%| E|CS|TAMS 0x00000000fe500000| PB 0x00000000fe500000| Complete 
| 486|0x00000000fe600000, 0x00000000fe700000, 0x00000000fe700000|100%| E|CS|TAMS 0x00000000fe600000| PB 0x00000000fe600000| Complete 
| 487|0x00000000fe700000, 0x00000000fe800000, 0x00000000fe800000|100%| E|CS|TAMS 0x00000000fe700000| PB 0x00000000fe700000| Complete 
| 488|0x00000000fe800000, 0x00000000fe900000, 0x00000000fe900000|100%| E|CS|TAMS 0x00000000fe800000| PB 0x00000000fe800000| Complete 
| 489|0x00000000fe900000, 0x00000000fea00000, 0x00000000fea00000|100%| E|CS|TAMS 0x00000000fe900000| PB 0x00000000fe900000| Complete 
| 490|0x00000000fea00000, 0x00000000feb00000, 0x00000000feb00000|100%| E|CS|TAMS 0x00000000fea00000| PB 0x00000000fea00000| Complete 
| 491|0x00000000feb00000, 0x00000000fec00000, 0x00000000fec00000|100%| E|CS|TAMS 0x00000000feb00000| PB 0x00000000feb00000| Complete 
| 492|0x00000000fec00000, 0x00000000fed00000, 0x00000000fed00000|100%| E|CS|TAMS 0x00000000fec00000| PB 0x00000000fec00000| Complete 
| 493|0x00000000fed00000, 0x00000000fee00000, 0x00000000fee00000|100%| E|CS|TAMS 0x00000000fed00000| PB 0x00000000fed00000| Complete 
| 494|0x00000000fee00000, 0x00000000fef00000, 0x00000000fef00000|100%| E|CS|TAMS 0x00000000fee00000| PB 0x00000000fee00000| Complete 
| 495|0x00000000fef00000, 0x00000000ff000000, 0x00000000ff000000|100%| E|CS|TAMS 0x00000000fef00000| PB 0x00000000fef00000| Complete 
| 496|0x00000000ff000000, 0x00000000ff100000, 0x00000000ff100000|100%| E|CS|TAMS 0x00000000ff000000| PB 0x00000000ff000000| Complete 
| 497|0x00000000ff100000, 0x00000000ff200000, 0x00000000ff200000|100%| E|CS|TAMS 0x00000000ff100000| PB 0x00000000ff100000| Complete 
| 498|0x00000000ff200000, 0x00000000ff300000, 0x00000000ff300000|100%| E|CS|TAMS 0x00000000ff200000| PB 0x00000000ff200000| Complete 
| 499|0x00000000ff300000, 0x00000000ff400000, 0x00000000ff400000|100%| E|CS|TAMS 0x00000000ff300000| PB 0x00000000ff300000| Complete 
| 500|0x00000000ff400000, 0x00000000ff500000, 0x00000000ff500000|100%| E|CS|TAMS 0x00000000ff400000| PB 0x00000000ff400000| Complete 
| 501|0x00000000ff500000, 0x00000000ff600000, 0x00000000ff600000|100%| E|CS|TAMS 0x00000000ff500000| PB 0x00000000ff500000| Complete 
| 502|0x00000000ff600000, 0x00000000ff700000, 0x00000000ff700000|100%| E|CS|TAMS 0x00000000ff600000| PB 0x00000000ff600000| Complete 
| 503|0x00000000ff700000, 0x00000000ff800000, 0x00000000ff800000|100%| E|CS|TAMS 0x00000000ff700000| PB 0x00000000ff700000| Complete 
| 504|0x00000000ff800000, 0x00000000ff900000, 0x00000000ff900000|100%| E|CS|TAMS 0x00000000ff800000| PB 0x00000000ff800000| Complete 
| 505|0x00000000ff900000, 0x00000000ffa00000, 0x00000000ffa00000|100%| E|CS|TAMS 0x00000000ff900000| PB 0x00000000ff900000| Complete 
| 506|0x00000000ffa00000, 0x00000000ffb00000, 0x00000000ffb00000|100%| E|CS|TAMS 0x00000000ffa00000| PB 0x00000000ffa00000| Complete 
| 507|0x00000000ffb00000, 0x00000000ffc00000, 0x00000000ffc00000|100%| E|CS|TAMS 0x00000000ffb00000| PB 0x00000000ffb00000| Complete 
| 508|0x00000000ffc00000, 0x00000000ffd00000, 0x00000000ffd00000|100%| E|CS|TAMS 0x00000000ffc00000| PB 0x00000000ffc00000| Complete 
| 509|0x00000000ffd00000, 0x00000000ffe00000, 0x00000000ffe00000|100%| E|CS|TAMS 0x00000000ffd00000| PB 0x00000000ffd00000| Complete 
| 510|0x00000000ffe00000, 0x00000000fff00000, 0x00000000fff00000|100%| E|CS|TAMS 0x00000000ffe00000| PB 0x00000000ffe00000| Complete 
| 511|0x00000000fff00000, 0x0000000100000000, 0x0000000100000000|100%| E|CS|TAMS 0x00000000fff00000| PB 0x00000000fff00000| Complete 

Card table byte_map: [0x0000024ccfcc0000,0x0000024ccfdc0000] _byte_map_base: 0x0000024ccf5c0000

Marking Bits: (CMBitMap*) 0x0000024cb7c64f90
 Bits: [0x0000024ccfdc0000, 0x0000024cd05c0000)

Polling page: 0x0000024cb5a70000

Metaspace:

Usage:
  Non-class:     36.19 MB used.
      Class:      3.87 MB used.
       Both:     40.06 MB used.

Virtual space:
  Non-class space:       64.00 MB reserved,      36.62 MB ( 57%) committed,  1 nodes.
      Class space:        1.00 GB reserved,       4.25 MB ( <1%) committed,  1 nodes.
             Both:        1.06 GB reserved,      40.88 MB (  4%) committed. 

Chunk freelists:
   Non-Class:  10.50 MB
       Class:  11.78 MB
        Both:  22.28 MB

MaxMetaspaceSize: unlimited
CompressedClassSpaceSize: 1.00 GB
Initial GC threshold: 21.00 MB
Current GC threshold: 64.38 MB
CDS: on
 - commit_granule_bytes: 65536.
 - commit_granule_words: 8192.
 - virtual_space_node_default_size: 8388608.
 - enlarge_chunks_in_place: 1.
 - use_allocation_guard: 0.


Internal statistics:

num_allocs_failed_limit: 9.
num_arena_births: 1180.
num_arena_deaths: 2.
num_vsnodes_births: 2.
num_vsnodes_deaths: 0.
num_space_committed: 654.
num_space_uncommitted: 0.
num_chunks_returned_to_freelist: 12.
num_chunks_taken_from_freelist: 2748.
num_chunk_merges: 6.
num_chunk_splits: 1797.
num_chunks_enlarged: 1173.
num_inconsistent_stats: 0.

CodeHeap 'non-profiled nmethods': size=119168Kb used=10314Kb max_used=10543Kb free=108853Kb
 bounds [0x0000024cc7ed0000, 0x0000024cc8930000, 0x0000024ccf330000]
CodeHeap 'profiled nmethods': size=119104Kb used=15763Kb max_used=15763Kb free=103340Kb
 bounds [0x0000024cc0330000, 0x0000024cc12a0000, 0x0000024cc7780000]
CodeHeap 'non-nmethods': size=7488Kb used=4493Kb max_used=4537Kb free=2994Kb
 bounds [0x0000024cc7780000, 0x0000024cc7c20000, 0x0000024cc7ed0000]
CodeCache: size=245760Kb, used=30570Kb, max_used=30843Kb, free=215187Kb
 total_blobs=11063, nmethods=9466, adapters=1498, full_count=0
Compilation: enabled, stopped_count=0, restarted_count=0

Compilation events (20 events):
Event: 43.343 Thread 0x0000024cd36ba970 nmethod 11772 0x0000024cc11fa010 code [0x0000024cc11fa1e0, 0x0000024cc11fa540]
Event: 43.343 Thread 0x0000024cd36ba970 11774       3       jdk.internal.loader.URLClassPath$FileLoader$1::getInputStream (12 bytes)
Event: 43.343 Thread 0x0000024d1a381040 11773       3       jdk.internal.loader.URLClassPath$FileLoader$1::getCodeSourceURL (8 bytes)
Event: 43.343 Thread 0x0000024d1a3824b0 11775       3       jdk.internal.loader.URLClassPath$FileLoader$1::getContentLength (9 bytes)
Event: 43.343 Thread 0x0000024d1a381040 nmethod 11773 0x0000024cc11fa690 code [0x0000024cc11fa820, 0x0000024cc11fa950]
Event: 43.343 Thread 0x0000024cd36ba970 nmethod 11774 0x0000024cc11faa10 code [0x0000024cc11fabc0, 0x0000024cc11fad70]
Event: 43.343 Thread 0x0000024d1a3824b0 nmethod 11775 0x0000024cc11fae10 code [0x0000024cc11fb000, 0x0000024cc11fb328]
Event: 43.344 Thread 0x0000024cd36ba970 11776       1       kotlinx.coroutines.ChildContinuation::getOnCancelling (2 bytes)
Event: 43.344 Thread 0x0000024cd36ba970 nmethod 11776 0x0000024cc82f5590 code [0x0000024cc82f5720, 0x0000024cc82f57e8]
Event: 43.344 Thread 0x0000024d1a3824b0 11777       3       kotlinx.coroutines.JobCancellationException::fillInStackTrace (24 bytes)
Event: 43.345 Thread 0x0000024d1a3824b0 nmethod 11777 0x0000024cc11fb490 code [0x0000024cc11fb660, 0x0000024cc11fba38]
Event: 43.345 Thread 0x0000024d1a3824b0 11778       3       androidx.compose.runtime.SnapshotMutableIntStateImpl$IntStateStateRecord::<init> (11 bytes)
Event: 43.345 Thread 0x0000024d1a3824b0 nmethod 11778 0x0000024cc11fbb90 code [0x0000024cc11fbd40, 0x0000024cc11fbf10]
Event: 43.347 Thread 0x0000024d1a383250 11781       1       org.jetbrains.skia.FontStyle::get_value (5 bytes)
Event: 43.347 Thread 0x0000024d1a383250 nmethod 11781 0x0000024cc82f5290 code [0x0000024cc82f5420, 0x0000024cc82f54e8]
Event: 43.347 Thread 0x0000024d1cd26300 11780       4       java.util.TreeMap::put (221 bytes)
Event: 43.349 Thread 0x0000024d1a383250 11782       3       kotlin.time.Duration::getValue-impl (4 bytes)
Event: 43.349 Thread 0x0000024d1a383250 nmethod 11782 0x0000024cc0bd8390 code [0x0000024cc0bd8520, 0x0000024cc0bd8618]
Event: 43.349 Thread 0x0000024d1a3824b0 11783       1       ru.kyamshanov.notepen.reflow.ui.ReflowReaderSettings::getPaged (5 bytes)
Event: 43.349 Thread 0x0000024d1a3824b0 nmethod 11783 0x0000024cc82f4f90 code [0x0000024cc82f5120, 0x0000024cc82f51f0]

GC Heap History (20 events):
Event: 40.650 GC heap before
{Heap before GC invocations=224 (full 0):
 garbage-first heap   total 524288K, used 194608K [0x00000000e0000000, 0x0000000100000000)
  region size 1024K, 45 young (46080K), 23 survivors (23552K)
 Metaspace       used 38791K, committed 39552K, reserved 1114112K
  class space    used 3775K, committed 4096K, reserved 1048576K
}
Event: 40.654 GC heap after
{Heap after GC invocations=225 (full 0):
 garbage-first heap   total 524288K, used 175278K [0x00000000e0000000, 0x0000000100000000)
  region size 1024K, 22 young (22528K), 22 survivors (22528K)
 Metaspace       used 38791K, committed 39552K, reserved 1114112K
  class space    used 3775K, committed 4096K, reserved 1048576K
}
Event: 40.971 GC heap before
{Heap before GC invocations=226 (full 0):
 garbage-first heap   total 524288K, used 467118K [0x00000000e0000000, 0x0000000100000000)
  region size 1024K, 307 young (314368K), 22 survivors (22528K)
 Metaspace       used 38796K, committed 39552K, reserved 1114112K
  class space    used 3776K, committed 4096K, reserved 1048576K
}
Event: 40.975 GC heap after
{Heap after GC invocations=227 (full 0):
 garbage-first heap   total 524288K, used 170726K [0x00000000e0000000, 0x0000000100000000)
  region size 1024K, 17 young (17408K), 17 survivors (17408K)
 Metaspace       used 38796K, committed 39552K, reserved 1114112K
  class space    used 3776K, committed 4096K, reserved 1048576K
}
Event: 41.276 GC heap before
{Heap before GC invocations=227 (full 0):
 garbage-first heap   total 524288K, used 467686K [0x00000000e0000000, 0x0000000100000000)
  region size 1024K, 307 young (314368K), 17 survivors (17408K)
 Metaspace       used 38796K, committed 39552K, reserved 1114112K
  class space    used 3776K, committed 4096K, reserved 1048576K
}
Event: 41.281 GC heap after
{Heap after GC invocations=228 (full 0):
 garbage-first heap   total 524288K, used 173564K [0x00000000e0000000, 0x0000000100000000)
  region size 1024K, 23 young (23552K), 23 survivors (23552K)
 Metaspace       used 38796K, committed 39552K, reserved 1114112K
  class space    used 3776K, committed 4096K, reserved 1048576K
}
Event: 41.308 GC heap before
{Heap before GC invocations=228 (full 0):
 garbage-first heap   total 524288K, used 202236K [0x00000000e0000000, 0x0000000100000000)
  region size 1024K, 53 young (54272K), 23 survivors (23552K)
 Metaspace       used 38796K, committed 39552K, reserved 1114112K
  class space    used 3776K, committed 4096K, reserved 1048576K
}
Event: 41.312 GC heap after
{Heap after GC invocations=229 (full 0):
 garbage-first heap   total 524288K, used 174992K [0x00000000e0000000, 0x0000000100000000)
  region size 1024K, 20 young (20480K), 20 survivors (20480K)
 Metaspace       used 38796K, committed 39552K, reserved 1114112K
  class space    used 3776K, committed 4096K, reserved 1048576K
}
Event: 41.653 GC heap before
{Heap before GC invocations=230 (full 0):
 garbage-first heap   total 524288K, used 467856K [0x00000000e0000000, 0x0000000100000000)
  region size 1024K, 307 young (314368K), 20 survivors (20480K)
 Metaspace       used 38803K, committed 39552K, reserved 1114112K
  class space    used 3776K, committed 4096K, reserved 1048576K
}
Event: 41.657 GC heap after
{Heap after GC invocations=231 (full 0):
 garbage-first heap   total 524288K, used 171507K [0x00000000e0000000, 0x0000000100000000)
  region size 1024K, 18 young (18432K), 18 survivors (18432K)
 Metaspace       used 38803K, committed 39552K, reserved 1114112K
  class space    used 3776K, committed 4096K, reserved 1048576K
}
Event: 42.015 GC heap before
{Heap before GC invocations=231 (full 0):
 garbage-first heap   total 524288K, used 467443K [0x00000000e0000000, 0x0000000100000000)
  region size 1024K, 307 young (314368K), 18 survivors (18432K)
 Metaspace       used 38819K, committed 39552K, reserved 1114112K
  class space    used 3776K, committed 4096K, reserved 1048576K
}
Event: 42.020 GC heap after
{Heap after GC invocations=232 (full 0):
 garbage-first heap   total 524288K, used 172843K [0x00000000e0000000, 0x0000000100000000)
  region size 1024K, 22 young (22528K), 22 survivors (22528K)
 Metaspace       used 38819K, committed 39552K, reserved 1114112K
  class space    used 3776K, committed 4096K, reserved 1048576K
}
Event: 42.044 GC heap before
{Heap before GC invocations=232 (full 0):
 garbage-first heap   total 524288K, used 200491K [0x00000000e0000000, 0x0000000100000000)
  region size 1024K, 51 young (52224K), 22 survivors (22528K)
 Metaspace       used 38819K, committed 39552K, reserved 1114112K
  class space    used 3776K, committed 4096K, reserved 1048576K
}
Event: 42.048 GC heap after
{Heap after GC invocations=233 (full 0):
 garbage-first heap   total 524288K, used 175222K [0x00000000e0000000, 0x0000000100000000)
  region size 1024K, 21 young (21504K), 21 survivors (21504K)
 Metaspace       used 38819K, committed 39552K, reserved 1114112K
  class space    used 3776K, committed 4096K, reserved 1048576K
}
Event: 42.376 GC heap before
{Heap before GC invocations=234 (full 0):
 garbage-first heap   total 524288K, used 466038K [0x00000000e0000000, 0x0000000100000000)
  region size 1024K, 307 young (314368K), 21 survivors (21504K)
 Metaspace       used 38827K, committed 39552K, reserved 1114112K
  class space    used 3778K, committed 4096K, reserved 1048576K
}
Event: 42.379 GC heap after
{Heap after GC invocations=235 (full 0):
 garbage-first heap   total 524288K, used 169754K [0x00000000e0000000, 0x0000000100000000)
  region size 1024K, 18 young (18432K), 18 survivors (18432K)
 Metaspace       used 38827K, committed 39552K, reserved 1114112K
  class space    used 3778K, committed 4096K, reserved 1048576K
}
Event: 42.688 GC heap before
{Heap before GC invocations=235 (full 0):
 garbage-first heap   total 524288K, used 465690K [0x00000000e0000000, 0x0000000100000000)
  region size 1024K, 307 young (314368K), 18 survivors (18432K)
 Metaspace       used 38827K, committed 39552K, reserved 1114112K
  class space    used 3778K, committed 4096K, reserved 1048576K
}
Event: 42.693 GC heap after
{Heap after GC invocations=236 (full 0):
 garbage-first heap   total 524288K, used 172083K [0x00000000e0000000, 0x0000000100000000)
  region size 1024K, 23 young (23552K), 23 survivors (23552K)
 Metaspace       used 38827K, committed 39552K, reserved 1114112K
  class space    used 3778K, committed 4096K, reserved 1048576K
}
Event: 42.716 GC heap before
{Heap before GC invocations=236 (full 0):
 garbage-first heap   total 524288K, used 200755K [0x00000000e0000000, 0x0000000100000000)
  region size 1024K, 53 young (54272K), 23 survivors (23552K)
 Metaspace       used 38827K, committed 39552K, reserved 1114112K
  class space    used 3778K, committed 4096K, reserved 1048576K
}
Event: 42.721 GC heap after
{Heap after GC invocations=237 (full 0):
 garbage-first heap   total 524288K, used 174229K [0x00000000e0000000, 0x0000000100000000)
  region size 1024K, 21 young (21504K), 21 survivors (21504K)
 Metaspace       used 38827K, committed 39552K, reserved 1114112K
  class space    used 3778K, committed 4096K, reserved 1048576K
}

Dll operation events (11 events):
Event: 0.008 Loaded shared library C:\Users\kruz18\Programs\Jdks\temurin-21.0.8\bin\java.dll
Event: 0.042 Loaded shared library C:\Users\kruz18\Programs\Jdks\temurin-21.0.8\bin\jsvml.dll
Event: 0.153 Loaded shared library C:\Users\kruz18\Programs\Jdks\temurin-21.0.8\bin\net.dll
Event: 0.155 Loaded shared library C:\Users\kruz18\Programs\Jdks\temurin-21.0.8\bin\nio.dll
Event: 0.158 Loaded shared library C:\Users\kruz18\Programs\Jdks\temurin-21.0.8\bin\zip.dll
Event: 0.234 Loaded shared library C:\Users\kruz18\Programs\Jdks\temurin-21.0.8\bin\jimage.dll
Event: 0.535 Loaded shared library C:\Users\kruz18\Programs\Jdks\temurin-21.0.8\bin\extnet.dll
Event: 0.639 Loaded shared library C:\Users\kruz18\Programs\Jdks\temurin-21.0.8\bin\sunmscapi.dll
Event: 0.683 Loaded shared library C:\Users\kruz18\Programs\Jdks\temurin-21.0.8\bin\verify.dll
Event: 1.901 Loaded shared library C:\Users\kruz18\Programs\Jdks\temurin-21.0.8\bin\awt.dll
Event: 18.416 Loaded shared library C:\Users\kruz18\.skiko\skiko-windows-x64-3ce1b2621ce4905333064341568d0e9493efc0d4971a63b096261c774bc6e5a8\skiko-windows-x64.dll

Deoptimization events (20 events):
Event: 42.998 Thread 0x0000024cb7c3afe0 Uncommon trap: trap_request=0xffffff45 fr.pc=0x0000024cc827e6c8 relative=0x00000000000000a8
Event: 42.998 Thread 0x0000024cb7c3afe0 Uncommon trap: reason=unstable_if action=reinterpret pc=0x0000024cc827e6c8 method=java.lang.Float.equals(Ljava/lang/Object;)Z @ 24 c2
Event: 42.998 Thread 0x0000024cb7c3afe0 DEOPT PACKING pc=0x0000024cc827e6c8 sp=0x000000717b3f97e0
Event: 42.998 Thread 0x0000024cb7c3afe0 DEOPT UNPACKING pc=0x0000024cc77d46a2 sp=0x000000717b3f9768 mode 2
Event: 42.998 Thread 0x0000024cb7c3afe0 Uncommon trap: trap_request=0xffffff45 fr.pc=0x0000024cc874fc18 relative=0x00000000000004f8
Event: 42.998 Thread 0x0000024cb7c3afe0 Uncommon trap: reason=unstable_if action=reinterpret pc=0x0000024cc874fc18 method=androidx.compose.runtime.internal.ThreadMap.find(J)I @ 120 c2
Event: 42.998 Thread 0x0000024cb7c3afe0 DEOPT PACKING pc=0x0000024cc874fc18 sp=0x000000717b3f99e0
Event: 42.998 Thread 0x0000024cb7c3afe0 DEOPT UNPACKING pc=0x0000024cc77d46a2 sp=0x000000717b3f96c8 mode 2
Event: 43.156 Thread 0x0000024cb7c3afe0 Uncommon trap: trap_request=0xffffffc6 fr.pc=0x0000024cc8303d2c relative=0x00000000000002ac
Event: 43.156 Thread 0x0000024cb7c3afe0 Uncommon trap: reason=bimorphic_or_optimized_type_check action=maybe_recompile pc=0x0000024cc8303d2c method=kotlin.collections.CollectionsKt___CollectionsKt.toList(Ljava/lang/Iterable;)Ljava/util/List; @ 62 c2
Event: 43.156 Thread 0x0000024cb7c3afe0 DEOPT PACKING pc=0x0000024cc8303d2c sp=0x000000717b3fb0e0
Event: 43.156 Thread 0x0000024cb7c3afe0 DEOPT UNPACKING pc=0x0000024cc77d46a2 sp=0x000000717b3fb088 mode 2
Event: 43.231 Thread 0x0000024d193020f0 Uncommon trap: trap_request=0xffffff45 fr.pc=0x0000024cc874bf34 relative=0x0000000000000894
Event: 43.231 Thread 0x0000024d193020f0 Uncommon trap: reason=unstable_if action=reinterpret pc=0x0000024cc874bf34 method=androidx.collection.MutableObjectIntMap.findIndex(Ljava/lang/Object;)I @ 413 c2
Event: 43.231 Thread 0x0000024d193020f0 DEOPT PACKING pc=0x0000024cc874bf34 sp=0x000000717e1fcdb0
Event: 43.231 Thread 0x0000024d193020f0 DEOPT UNPACKING pc=0x0000024cc77d46a2 sp=0x000000717e1fcce8 mode 2
Event: 43.333 Thread 0x0000024d193020f0 Uncommon trap: trap_request=0xfffffff4 fr.pc=0x0000024cc87a543c relative=0x000000000000009c
Event: 43.333 Thread 0x0000024d193020f0 Uncommon trap: reason=null_check action=make_not_entrant pc=0x0000024cc87a543c method=java.lang.Integer.equals(Ljava/lang/Object;)Z @ 1 c2
Event: 43.333 Thread 0x0000024d193020f0 DEOPT PACKING pc=0x0000024cc87a543c sp=0x000000717e1fca60
Event: 43.333 Thread 0x0000024d193020f0 DEOPT UNPACKING pc=0x0000024cc77d46a2 sp=0x000000717e1fc9f0 mode 2

Classes loaded (20 events):
Event: 20.004 Loading class java/util/concurrent/DelayQueue
Event: 20.009 Loading class java/util/concurrent/DelayQueue done
Event: 20.009 Loading class java/util/PriorityQueue
Event: 20.010 Loading class java/util/PriorityQueue done
Event: 20.011 Loading class javax/swing/TimerQueue$DelayedTimer
Event: 20.011 Loading class java/util/concurrent/Delayed
Event: 20.011 Loading class java/util/concurrent/Delayed done
Event: 20.011 Loading class javax/swing/TimerQueue$DelayedTimer done
Event: 23.678 Loading class java/util/IdentityHashMap$ValueIterator
Event: 23.678 Loading class java/util/IdentityHashMap$ValueIterator done
Event: 23.678 Loading class sun/awt/AppContext$PostShutdownEventRunnable
Event: 23.678 Loading class sun/awt/AppContext$PostShutdownEventRunnable done
Event: 23.678 Loading class sun/awt/AWTAutoShutdown$1
Event: 23.678 Loading class sun/awt/AWTAutoShutdown$1 done
Event: 35.650 Loading class java/io/File$TempDirectory
Event: 35.650 Loading class java/io/File$TempDirectory done
Event: 35.652 Loading class java/io/DeleteOnExitHook
Event: 35.652 Loading class java/io/DeleteOnExitHook done
Event: 35.652 Loading class java/io/DeleteOnExitHook$1
Event: 35.652 Loading class java/io/DeleteOnExitHook$1 done

Classes unloaded (1 events):
Event: 23.733 Thread 0x0000024cd358ec30 Unloading class 0x0000024cd5358000 'java/lang/invoke/LambdaForm$DMH+0x0000024cd5358000'

Classes redefined (0 events):
No events

Internal exceptions (20 events):
Event: 22.742 Thread 0x0000024cb7c3afe0 Exception <a 'java/lang/NoSuchMethodError'{0x00000000fe3e6cd0}: 'java.lang.Object java.lang.invoke.DirectMethodHandle$Holder.invokeSpecial(java.lang.Object, java.lang.Object, long, java.lang.Object)'> (0x00000000fe3e6cd0) 
thrown [s\src\hotspot\share\interpreter\linkResolver.cpp, line 773]
Event: 35.670 Thread 0x0000024d1a2b74d0 Implicit null exception at 0x0000024cc82c44a0 to 0x0000024cc82c5ed8
Event: 35.678 Thread 0x0000024d1a2b74d0 Implicit null exception at 0x0000024cc81c9cfb to 0x0000024cc81c9f48
Event: 42.939 Thread 0x0000024cb7c3afe0 Exception <a 'java/lang/NoSuchMethodError'{0x00000000ecc3eba0}: 'java.lang.Object java.lang.invoke.DirectMethodHandle$Holder.invokeStatic(java.lang.Object, java.lang.Object, java.lang.Object, int, int)'> (0x00000000ecc3eba0) 
thrown [s\src\hotspot\share\interpreter\linkResolver.cpp, line 773]
Event: 42.939 Thread 0x0000024cb7c3afe0 Exception <a 'java/lang/NoSuchMethodError'{0x00000000ecc46c48}: 'java.lang.Object java.lang.invoke.DirectMethodHandle$Holder.newInvokeSpecial(java.lang.Object, java.lang.Object, java.lang.Object, int, int)'> (0x00000000ecc46c48) 
thrown [s\src\hotspot\share\interpreter\linkResolver.cpp, line 773]
Event: 42.940 Thread 0x0000024cb7c3afe0 Exception <a 'java/lang/NoSuchMethodError'{0x00000000ecc50ba8}: 'java.lang.Object java.lang.invoke.Invokers$Holder.linkToTargetMethod(java.lang.Object, java.lang.Object, int, int, java.lang.Object)'> (0x00000000ecc50ba8) 
thrown [s\src\hotspot\share\interpreter\linkResolver.cpp, line 773]
Event: 42.968 Thread 0x0000024cb7c3afe0 Exception <a 'java/lang/NoSuchMethodError'{0x00000000eca58cc8}: 'java.lang.Object java.lang.invoke.DirectMethodHandle$Holder.invokeStatic(java.lang.Object, java.lang.Object, java.lang.Object, long)'> (0x00000000eca58cc8) 
thrown [s\src\hotspot\share\interpreter\linkResolver.cpp, line 773]
Event: 42.968 Thread 0x0000024cb7c3afe0 Exception <a 'java/lang/NoSuchMethodError'{0x00000000eca61a78}: 'java.lang.Object java.lang.invoke.DirectMethodHandle$Holder.newInvokeSpecial(java.lang.Object, java.lang.Object, java.lang.Object, long)'> (0x00000000eca61a78) 
thrown [s\src\hotspot\share\interpreter\linkResolver.cpp, line 773]
Event: 42.968 Thread 0x0000024cb7c3afe0 Exception <a 'java/lang/NoSuchMethodError'{0x00000000eca67428}: 'java.lang.Object java.lang.invoke.DirectMethodHandle$Holder.invokeSpecial(java.lang.Object, java.lang.Object, java.lang.Object, java.lang.Object, long)'> (0x00000000eca67428) 
thrown [s\src\hotspot\share\interpreter\linkResolver.cpp, line 773]
Event: 42.968 Thread 0x0000024cb7c3afe0 Exception <a 'java/lang/NoSuchMethodError'{0x00000000eca6c820}: 'java.lang.Object java.lang.invoke.Invokers$Holder.linkToTargetMethod(java.lang.Object, java.lang.Object, long, java.lang.Object)'> (0x00000000eca6c820) 
thrown [s\src\hotspot\share\interpreter\linkResolver.cpp, line 773]
Event: 42.977 Thread 0x0000024cb7c3afe0 Exception <a 'java/lang/NoSuchMethodError'{0x00000000ecafb890}: 'java.lang.Object java.lang.invoke.DirectMethodHandle$Holder.invokeStatic(java.lang.Object, java.lang.Object, java.lang.Object, java.lang.Object, int, java.lang.Object, java.lang.Object)'> (0x00000000ecafb890) 
thrown [s\src\hotspot\share\interpreter\linkResolver.cpp, line 773]
Event: 42.977 Thread 0x0000024cb7c3afe0 Exception <a 'java/lang/NoSuchMethodError'{0x00000000ec906f90}: 'java.lang.Object java.lang.invoke.DirectMethodHandle$Holder.newInvokeSpecial(java.lang.Object, java.lang.Object, java.lang.Object, java.lang.Object, int, java.lang.Object)'> (0x00000000ec906f90) 
thrown [s\src\hotspot\share\interpreter\linkResolver.cpp, line 773]
Event: 42.978 Thread 0x0000024cb7c3afe0 Exception <a 'java/lang/NoSuchMethodError'{0x00000000ec910fe0}: 'java.lang.Object java.lang.invoke.Invokers$Holder.linkToTargetMethod(java.lang.Object, java.lang.Object, java.lang.Object, int, java.lang.Object, java.lang.Object)'> (0x00000000ec910fe0) 
thrown [s\src\hotspot\share\interpreter\linkResolver.cpp, line 773]
Event: 42.987 Thread 0x0000024cb7c3afe0 Exception <a 'java/lang/NoSuchMethodError'{0x00000000ec9ffb40}: 'java.lang.Object java.lang.invoke.DirectMethodHandle$Holder.invokeStatic(java.lang.Object, java.lang.Object, java.lang.Object, java.lang.Object, java.lang.Object, java.lang.Object, java.lang.Object, java.lang.Object, java.lang.Object, java.lang.Object, java.lang.Object, java.lang.Object, java.lang.Object)'> (0x00000000ec9ffb40) 
thrown [s\src\hotspot\share\interpreter\linkResolver.cpp, line 773]
Event: 42.987 Thread 0x0000024cb7c3afe0 Exception <a 'java/lang/NoSuchMethodError'{0x00000000ec80f698}: 'java.lang.Object java.lang.invoke.DirectMethodHandle$Holder.newInvokeSpecial(java.lang.Object, java.lang.Object, java.lang.Object, java.lang.Object, java.lang.Object, java.lang.Object, java.lang.Object, java.lang.Object, java.lang.Object, java.lang.Object, java.lang.Object, java.lang.Object, java.lang.Object)'> (0x00000000ec80f698) 
thrown [s\src\hotspot\share\interpreter\linkResolver.cpp, line 773]
Event: 42.987 Thread 0x0000024cb7c3afe0 Exception <a 'java/lang/NoSuchMethodError'{0x00000000ec816690}: 'java.lang.Object java.lang.invoke.DirectMethodHandle$Holder.invokeSpecial(java.lang.Object, java.lang.Object, java.lang.Object, java.lang.Object, java.lang.Object, java.lang.Object, java.lang.Object, java.lang.Object, java.lang.Object, java.lang.Object, java.lang.Object, java.lang.Object, java.lang.Object, java.lang.Object)'> (0x00000000ec816690) 
thrown [s\src\hotspot\share\interpreter\linkResolver.cpp, line 773]
Event: 42.987 Thread 0x0000024cb7c3afe0 Exception <a 'java/lang/NoSuchMethodError'{0x00000000ec81ce08}: 'java.lang.Object java.lang.invoke.Invokers$Holder.linkToTargetMethod(java.lang.Object, java.lang.Object, java.lang.Object, java.lang.Object, java.lang.Object, java.lang.Object, java.lang.Object, java.lang.Object, java.lang.Object, java.lang.Object, java.lang.Object, java.lang.Object, java.lang.Object)'> (0x00000000ec81ce08) 
thrown [s\src\hotspot\share\interpreter\linkResolver.cpp, line 773]
Event: 42.988 Thread 0x0000024cb7c3afe0 Exception <a 'java/lang/NoSuchMethodError'{0x00000000ec829098}: 'java.lang.Object java.lang.invoke.DirectMethodHandle$Holder.newInvokeSpecial(java.lang.Object, java.lang.Object, java.lang.Object, java.lang.Object, java.lang.Object, java.lang.Object, java.lang.Object, java.lang.Object)'> (0x00000000ec829098) 
thrown [s\src\hotspot\share\interpreter\linkResolver.cpp, line 773]
Event: 43.157 Thread 0x0000024cb7c3afe0 Exception <a 'java/lang/NoSuchMethodError'{0x00000000ec50a940}: 'long java.lang.invoke.DirectMethodHandle$Holder.invokeStatic(java.lang.Object, long)'> (0x00000000ec50a940) 
thrown [s\src\hotspot\share\interpreter\linkResolver.cpp, line 773]
Event: 43.333 Thread 0x0000024d193020f0 Implicit null exception at 0x0000024cc87a53da to 0x0000024cc87a542c

ZGC Phase Switch (0 events):
No events

VM Operations (20 events):
Event: 41.653 Executing VM operation: G1CollectForAllocation (G1 Evacuation Pause)
Event: 41.657 Executing VM operation: G1CollectForAllocation (G1 Evacuation Pause) done
Event: 42.015 Executing VM operation: G1CollectForAllocation (G1 Evacuation Pause)
Event: 42.020 Executing VM operation: G1CollectForAllocation (G1 Evacuation Pause) done
Event: 42.044 Executing VM operation: G1TryInitiateConcMark (G1 Humongous Allocation)
Event: 42.048 Executing VM operation: G1TryInitiateConcMark (G1 Humongous Allocation) done
Event: 42.080 Executing VM operation: G1PauseRemark
Event: 42.083 Executing VM operation: G1PauseRemark done
Event: 42.093 Executing VM operation: G1PauseCleanup
Event: 42.094 Executing VM operation: G1PauseCleanup done
Event: 42.376 Executing VM operation: G1CollectForAllocation (G1 Evacuation Pause)
Event: 42.379 Executing VM operation: G1CollectForAllocation (G1 Evacuation Pause) done
Event: 42.688 Executing VM operation: G1CollectForAllocation (G1 Evacuation Pause)
Event: 42.693 Executing VM operation: G1CollectForAllocation (G1 Evacuation Pause) done
Event: 42.716 Executing VM operation: G1TryInitiateConcMark (G1 Humongous Allocation)
Event: 42.721 Executing VM operation: G1TryInitiateConcMark (G1 Humongous Allocation) done
Event: 42.756 Executing VM operation: G1PauseRemark
Event: 42.759 Executing VM operation: G1PauseRemark done
Event: 42.771 Executing VM operation: G1PauseCleanup
Event: 42.772 Executing VM operation: G1PauseCleanup done

Memory protections (0 events):
No events

Nmethod flushes (20 events):
Event: 40.034 Thread 0x0000024cd358ec30 flushing  nmethod 0x0000024cc0929310
Event: 40.034 Thread 0x0000024cd358ec30 flushing  nmethod 0x0000024cc0a38c90
Event: 40.034 Thread 0x0000024cd358ec30 flushing  nmethod 0x0000024cc0c43290
Event: 40.034 Thread 0x0000024cd358ec30 flushing  nmethod 0x0000024cc0c8fb10
Event: 40.034 Thread 0x0000024cd358ec30 flushing  nmethod 0x0000024cc041b510
Event: 40.034 Thread 0x0000024cd358ec30 flushing  nmethod 0x0000024cc0a58010
Event: 40.691 Thread 0x0000024cd358ec30 flushing  nmethod 0x0000024cc085d610
Event: 40.691 Thread 0x0000024cd358ec30 flushing  nmethod 0x0000024cc0a02d90
Event: 40.691 Thread 0x0000024cd358ec30 flushing  nmethod 0x0000024cc046d890
Event: 40.691 Thread 0x0000024cd358ec30 flushing  nmethod 0x0000024cc0a36e10
Event: 40.691 Thread 0x0000024cd358ec30 flushing  nmethod 0x0000024cc05e2d90
Event: 41.345 Thread 0x0000024cd358ec30 flushing  nmethod 0x0000024cc0657590
Event: 41.345 Thread 0x0000024cd358ec30 flushing  nmethod 0x0000024cc08d1310
Event: 42.083 Thread 0x0000024cd358ec30 flushing osr nmethod 0x0000024cc089d210
Event: 42.083 Thread 0x0000024cd358ec30 flushing  nmethod 0x0000024cc0cf4590
Event: 42.083 Thread 0x0000024cd358ec30 flushing  nmethod 0x0000024cc0b1e390
Event: 42.758 Thread 0x0000024cd358ec30 flushing  nmethod 0x0000024cc096cb90
Event: 42.758 Thread 0x0000024cd358ec30 flushing  nmethod 0x0000024cc0b6d290
Event: 42.758 Thread 0x0000024cd358ec30 flushing  nmethod 0x0000024cc0bc6d10
Event: 42.758 Thread 0x0000024cd358ec30 flushing  nmethod 0x0000024cc0deea10

Events (20 events):
Event: 36.379 Thread 0x0000024d1a3824b0 Thread exited: 0x0000024d1a3824b0
Event: 36.379 Thread 0x0000024d1b441dd0 Thread exited: 0x0000024d1b441dd0
Event: 36.393 Thread 0x0000024d1b440960 Thread exited: 0x0000024d1b440960
Event: 36.396 Thread 0x0000024d1a3802a0 Thread exited: 0x0000024d1a3802a0
Event: 36.396 Thread 0x0000024d1a383920 Thread exited: 0x0000024d1a383920
Event: 37.666 Thread 0x0000024d1a383250 Thread exited: 0x0000024d1a383250
Event: 38.252 Thread 0x0000024d1a381040 Thread exited: 0x0000024d1a381040
Event: 38.652 Thread 0x0000024d1b43fbc0 Thread exited: 0x0000024d1b43fbc0
Event: 39.894 Thread 0x0000024d1a380970 Thread exited: 0x0000024d1a380970
Event: 42.771 Thread 0x0000024cd36ba970 Thread added: 0x0000024d1a380970
Event: 42.771 Thread 0x0000024cd36ba970 Thread added: 0x0000024d1a383920
Event: 42.790 Thread 0x0000024cd36ba970 Thread added: 0x0000024d1a3824b0
Event: 42.874 Thread 0x0000024cd36ba970 Thread added: 0x0000024d1a381040
Event: 42.886 Thread 0x0000024cb7c3afe0 Thread added: 0x0000024d193034a0
Event: 42.887 Thread 0x0000024cb7c3afe0 Thread added: 0x0000024d193020f0
Event: 42.919 Thread 0x0000024cd36ba970 Thread added: 0x0000024d1a383250
Event: 43.183 Thread 0x0000024d1a383920 Thread exited: 0x0000024d1a383920
Event: 43.183 Thread 0x0000024d1a380970 Thread exited: 0x0000024d1a380970
Event: 43.336 Thread 0x0000024cd36ba970 Thread added: 0x0000024d1a381710
Event: 43.347 Thread 0x0000024d1a383250 Thread added: 0x0000024d1cd26300


Dynamic libraries:
0x00007ff7e6f00000 - 0x00007ff7e6f0e000 	C:\Users\kruz18\Programs\Jdks\temurin-21.0.8\bin\java.exe
0x00007ff956540000 - 0x00007ff9567a7000 	C:\WINDOWS\SYSTEM32\ntdll.dll
0x00007ff954b50000 - 0x00007ff954c19000 	C:\WINDOWS\System32\KERNEL32.DLL
0x00007ff953220000 - 0x00007ff953617000 	C:\WINDOWS\System32\KERNELBASE.dll
0x00007ff952fa0000 - 0x00007ff9530eb000 	C:\WINDOWS\System32\ucrtbase.dll
0x00007ff8869b0000 - 0x00007ff8869ce000 	C:\Users\kruz18\Programs\Jdks\temurin-21.0.8\bin\VCRUNTIME140.dll
0x00007ff8a65a0000 - 0x00007ff8a65b8000 	C:\Users\kruz18\Programs\Jdks\temurin-21.0.8\bin\jli.dll
0x00007ff9551e0000 - 0x00007ff9553a6000 	C:\WINDOWS\System32\USER32.dll
0x00007ff952f70000 - 0x00007ff952f97000 	C:\WINDOWS\System32\win32u.dll
0x00007ff937420000 - 0x00007ff9376b2000 	C:\WINDOWS\WinSxS\amd64_microsoft.windows.common-controls_6595b64144ccf1df_6.0.26100.8457_none_3e0b2faee331e92d\COMCTL32.dll
0x00007ff954ce0000 - 0x00007ff954d89000 	C:\WINDOWS\System32\msvcrt.dll
0x00007ff954b20000 - 0x00007ff954b4b000 	C:\WINDOWS\System32\GDI32.dll
0x00007ff9530f0000 - 0x00007ff95321c000 	C:\WINDOWS\System32\gdi32full.dll
0x00007ff9536b0000 - 0x00007ff953753000 	C:\WINDOWS\System32\msvcp_win.dll
0x00007ff9543d0000 - 0x00007ff954402000 	C:\WINDOWS\System32\IMM32.DLL
0x00007ff927ec0000 - 0x00007ff927ecc000 	C:\Users\kruz18\Programs\Jdks\temurin-21.0.8\bin\vcruntime140_1.dll
0x00007ff87d8a0000 - 0x00007ff87d92d000 	C:\Users\kruz18\Programs\Jdks\temurin-21.0.8\bin\msvcp140.dll
0x00007ff855160000 - 0x00007ff855ef7000 	C:\Users\kruz18\Programs\Jdks\temurin-21.0.8\bin\server\jvm.dll
0x00007ff955460000 - 0x00007ff955516000 	C:\WINDOWS\System32\ADVAPI32.dll
0x00007ff9553b0000 - 0x00007ff955457000 	C:\WINDOWS\System32\sechost.dll
0x00007ff9550a0000 - 0x00007ff9551b8000 	C:\WINDOWS\System32\RPCRT4.dll
0x00007ff956160000 - 0x00007ff9561e0000 	C:\WINDOWS\System32\WS2_32.dll
0x00007ff952dd0000 - 0x00007ff952e2e000 	C:\WINDOWS\SYSTEM32\POWRPROF.dll
0x00007ff944bf0000 - 0x00007ff944c26000 	C:\WINDOWS\SYSTEM32\WINMM.dll
0x00007ff94be40000 - 0x00007ff94be4b000 	C:\WINDOWS\SYSTEM32\VERSION.dll
0x00007ff952db0000 - 0x00007ff952dc4000 	C:\WINDOWS\SYSTEM32\UMPDC.dll
0x00007ff951c30000 - 0x00007ff951c4b000 	C:\WINDOWS\SYSTEM32\kernel.appcore.dll
0x00007ff91f5b0000 - 0x00007ff91f5ba000 	C:\Users\kruz18\Programs\Jdks\temurin-21.0.8\bin\jimage.dll
0x00007ff944160000 - 0x00007ff9443a2000 	C:\WINDOWS\SYSTEM32\DBGHELP.DLL
0x00007ff955520000 - 0x00007ff9558a3000 	C:\WINDOWS\System32\combase.dll
0x00007ff954fc0000 - 0x00007ff955099000 	C:\WINDOWS\System32\OLEAUT32.dll
0x00007ff933790000 - 0x00007ff9337cb000 	C:\WINDOWS\SYSTEM32\dbgcore.DLL
0x00007ff9538e0000 - 0x00007ff953988000 	C:\WINDOWS\System32\bcryptPrimitives.dll
0x00007ff8867b0000 - 0x00007ff8867cf000 	C:\Users\kruz18\Programs\Jdks\temurin-21.0.8\bin\java.dll
0x00007ff9558b0000 - 0x00007ff95601e000 	C:\WINDOWS\System32\SHELL32.dll
0x00007ff953a50000 - 0x00007ff9542bc000 	C:\WINDOWS\System32\windows.storage.dll
0x00007ff954d90000 - 0x00007ff954e86000 	C:\WINDOWS\System32\SHCORE.dll
0x00007ff9545f0000 - 0x00007ff954656000 	C:\WINDOWS\System32\shlwapi.dll
0x00007ff952e90000 - 0x00007ff952eb9000 	C:\WINDOWS\SYSTEM32\profapi.dll
0x00007ff87c270000 - 0x00007ff87c347000 	C:\Users\kruz18\Programs\Jdks\temurin-21.0.8\bin\jsvml.dll
0x00007ff912c90000 - 0x00007ff912ca0000 	C:\Users\kruz18\Programs\Jdks\temurin-21.0.8\bin\net.dll
0x00007ff94b5b0000 - 0x00007ff94b6d9000 	C:\WINDOWS\SYSTEM32\WINHTTP.dll
0x00007ff9521e0000 - 0x00007ff95224c000 	C:\WINDOWS\system32\mswsock.dll
0x00007ff885c30000 - 0x00007ff885c46000 	C:\Users\kruz18\Programs\Jdks\temurin-21.0.8\bin\nio.dll
0x00007ff884c20000 - 0x00007ff884c38000 	C:\Users\kruz18\Programs\Jdks\temurin-21.0.8\bin\zip.dll
0x00007ff8e70c0000 - 0x00007ff8e70c9000 	C:\Users\kruz18\Programs\Jdks\temurin-21.0.8\bin\extnet.dll
0x00007ff8a7af0000 - 0x00007ff8a7afe000 	C:\Users\kruz18\Programs\Jdks\temurin-21.0.8\bin\sunmscapi.dll
0x00007ff953760000 - 0x00007ff9538d8000 	C:\WINDOWS\System32\CRYPT32.dll
0x00007ff952770000 - 0x00007ff9527a0000 	C:\WINDOWS\SYSTEM32\ncrypt.dll
0x00007ff952720000 - 0x00007ff95275f000 	C:\WINDOWS\SYSTEM32\NTASN1.dll
0x00007ff928660000 - 0x00007ff928668000 	C:\WINDOWS\system32\wshunix.dll
0x00007ff9525e0000 - 0x00007ff9525fb000 	C:\WINDOWS\SYSTEM32\CRYPTSP.dll
0x00007ff951bf0000 - 0x00007ff951c29000 	C:\WINDOWS\system32\rsaenh.dll
0x00007ff952290000 - 0x00007ff9522c3000 	C:\WINDOWS\SYSTEM32\USERENV.dll
0x00007ff952e60000 - 0x00007ff952e8a000 	C:\WINDOWS\SYSTEM32\bcrypt.dll
0x00007ff952440000 - 0x00007ff95244c000 	C:\WINDOWS\SYSTEM32\CRYPTBASE.dll
0x00007ff951680000 - 0x00007ff9516b2000 	C:\WINDOWS\SYSTEM32\IPHLPAPI.DLL
0x00007ff9551c0000 - 0x00007ff9551ca000 	C:\WINDOWS\System32\NSI.dll
0x00007ff90e1d0000 - 0x00007ff90e1e0000 	C:\Users\kruz18\Programs\Jdks\temurin-21.0.8\bin\verify.dll
0x00007ff857020000 - 0x00007ff8571ae000 	C:\Users\kruz18\Programs\Jdks\temurin-21.0.8\bin\awt.dll
0x00007ff9507c0000 - 0x00007ff950860000 	C:\WINDOWS\SYSTEM32\apphelp.dll
0x00007ff950cc0000 - 0x00007ff950cef000 	C:\WINDOWS\system32\DWMAPI.DLL
0x00007ff9509e0000 - 0x00007ff950a8a000 	C:\WINDOWS\system32\uxtheme.dll
0x00007ff851500000 - 0x00007ff852275000 	C:\Users\kruz18\.skiko\skiko-windows-x64-3ce1b2621ce4905333064341568d0e9493efc0d4971a63b096261c774bc6e5a8\skiko-windows-x64.dll
0x00007ff956360000 - 0x00007ff9564f7000 	C:\WINDOWS\System32\ole32.dll
0x00007ff94e7f0000 - 0x00007ff94e8f6000 	C:\WINDOWS\SYSTEM32\PROPSYS.dll
0x00007ff956200000 - 0x00007ff95635c000 	C:\WINDOWS\System32\MSCTF.dll
0x00007ff94fb00000 - 0x00007ff94fd67000 	C:\WINDOWS\SYSTEM32\dwrite.dll

JVMTI agents: none

dbghelp: loaded successfully - version: 4.0.5 - missing functions: none
symbol engine: initialized successfully - sym options: 0x614 - pdb path: .;C:\Users\kruz18\Programs\Jdks\temurin-21.0.8\bin;C:\WINDOWS\SYSTEM32;C:\WINDOWS\WinSxS\amd64_microsoft.windows.common-controls_6595b64144ccf1df_6.0.26100.8457_none_3e0b2faee331e92d;C:\Users\kruz18\Programs\Jdks\temurin-21.0.8\bin\server;C:\Users\kruz18\.skiko\skiko-windows-x64-3ce1b2621ce4905333064341568d0e9493efc0d4971a63b096261c774bc6e5a8

VM Arguments:
jvm_args: -Dorg.gradle.internal.worker.tmpdir=C:\Users\kruz18\IdeaProjects\NotePen2\reflow\impl\build\tmp\jvmTest\work -Xmx512m -Dfile.encoding=UTF-8 -Duser.country=RU -Duser.language=ru -Duser.variant -ea 
java_command: worker.org.gradle.process.internal.worker.GradleWorkerMain 'Gradle Test Executor 10'
java_class_path (initial): C:\\Users\\kruz18\\.gradle\\caches\\9.5.1\\workerMain\\gradle-worker.jar;C:\\Users\\kruz18\\IdeaProjects\\NotePen2\\reflow\\impl\\build\\classes\\kotlin\\jvm\\test;C:\\Users\\kruz18\\IdeaProjects\\NotePen2\\reflow\\impl\\build\\processedResources\\jvm\\test;C:\\Users\\kruz18\\IdeaProjects\\NotePen2\\reflow\\impl\\build\\classes\\kotlin\\jvm\\main;C:\\Users\\kruz18\\IdeaProjects\\NotePen2\\reflow\\impl\\build\\processedResources\\jvm\\main;C:\\Users\\kruz18\\IdeaProjects\\NotePen2\\reflow\\api\\build\\libs\\api-jvm.jar;C:\\Users\\kruz18\\IdeaProjects\\NotePen2\\app\\byCompose\\uikit\\build\\libs\\uikit-jvm.jar;C:\\Users\\kruz18\\IdeaProjects\\NotePen2\\drawing\\api\\build\\libs\\api-jvm.jar;C:\\Users\\kruz18\\IdeaProjects\\NotePen2\\app\\byCompose\\blur\\build\\libs\\blur-jvm.jar;C:\\Users\\kruz18\\.gradle\\caches\\modules-2\\files-2.1\\org.jetbrains.kotlin\\kotlin-test-junit\\2.3.21\\f87baf7e8c276421a71f3b13d9b8a4622766025a\\kotlin-test-junit-2.3.21.jar;C:\\Users\\kruz18\\.gradle\\caches\\modules-2\\files-2.1\\org.jetbrains.kotlin\\kotlin-test\\2.3.21\\8579caa50cab9f55a3a91658c2e4db914675352f\\kotlin-test-2.3.21.jar;C:\\Users\\kruz18\\IdeaProjects\\NotePen2\\app\\byCompose\\theme\\build\\libs\\theme-jvm.jar;C:\\Users\\kruz18\\.gradle\\caches\\modules-2\\files-2.1\\org.jetbrains.compose.material3\\material3-desktop\\1.9.0\\19004c4eb3dc6618eb66a076bbe3d7e1a2e7b85\\material3-desktop-1.9.0.jar;C:\\Users\\kruz18\\.gradle\\caches\\modules-2\\files-2.1\\org.jetbrains.compose.components\\components-resources-desktop\\1.11.0\\f4eb52d87f31584dacdb816a26376f39a1802e8a\\library-desktop-1.11.0.jar;C:\\Users\\kruz18\\.gradle\\caches\\modules-2\\files-2.1\\io.github.takahirom.roborazzi\\roborazzi-compose-desktop-desktop\\1.63.0\\87966b9db242e860e7ae499fe58cb10fe60973a5\\roborazzi-compose-desktop-desktop.jar;C:\\Users\\kruz18\\.gradle\\caches\\modules-2\\files-2.1\\org.jetbrains.compose.desktop\\desktop-jvm\\1.11.0\\1fee826ff9d1fafd500b57a22facfc0236bc14c7\\desktop-jvm-1.11.0.jar;C:\\Users\\kruz18\\.gradle\\caches\\modules-2\\files-2.1\\org.jetbrains.compose.material\\material-desktop\\1.11.0\\2891a6f3a62dc4c367636a521d1b680a7d6ff6d\\material-desktop-1.11.0.jar;C:\\Users\\kruz18\\.gradle\\caches\\modules-2\\files-2.1\\org.jetbrains.compose.animation\\animation-core-desktop\\1.11.0\\1bf633ecd1a38a1cf7a41630bc56cba0da9cc25b\\animation-core-desktop-1.11.0.jar;C:\\Users\\kruz18\\.gradle\\caches\\modules-2\\files-2.1\\org.jetbrains.compose.material\\material-ripple-desktop\\1.11.0\\ae97a5eeb23bc3f461bc3e16e2a9882175405d17\\material-ripple-desktop-1.11.0.jar;C:\\Users\\kruz18\\.gradle\\caches\\modules-2\\files-2.1\\org.jetbrains.compose.animation\\animation-desktop\\1.11.0\\f873fb28f1a08d45a4dd20a0130b3da8cadf383c\\animation-desktop-1.11.0.jar;C:\\Users\\kruz18\\.gradle\\caches\\modules-2\\files-2.1\\org.jetbrains.compose.foundation\\foundation-layout-desktop\\1.11.0\\853fc5d01388da6515ce40b719798914012f6469\\foundation-layout-desktop-1.11.0.jar;C:\\Users\\kruz18\\.gradle\\caches\\modules-2\\files-2.1\\org.jetbrains.compose.foundation\\foundation-desktop\\1.11.0\\6df316e7af2c0c97f200de289925f62ca8fce53d\\foundation-desktop-1.11.0.jar;C:\\Users\\kruz18\\.gradle\\caches\\modules-2\\files-2.1\\org.jetbrains.compose.ui\\ui-test-junit4-desktop\\1.10.3\\d79788278e7d36ad808b4148a5094c0b85ae9240\\ui-test-junit4-desktop-1.10.3.jar;C:\\Users\\kruz18\\.gradle\\caches\\modules-2\\files-2.1\\org.jetbrains.compose.ui\\ui-tooling-preview-desktop\\1.11.0\\97ec578d33adc34adcaa63e9af7bb2328c6c29b7\\ui-tooling-preview-desktop-1.11.0.jar;C:\\Users\\kruz18\\.gradle\\caches\\modules-2\\files-2.1\\org.jetbrains.compose.ui\\ui-unit-desktop\\1.11.0\\f6c06f98da206d01dc40c1587c6bc4c40cbef623\\ui-unit-desktop-1.11.0.jar;C:\\Users\\kruz18\\.gradle\\caches\\modules-2\\files-2.1\\org.jetbrains.compose.ui\\ui-graphics-desktop\\1.11.0\\6ea106d02adf29694eedf12fdfb621947d3621bf\\ui-graphics-desktop-1.11.0.jar;C:\\Users\\kruz18\\.gradle\\caches\\modules-2\\files-2.1\\org.jetbrains.compose.ui\\ui-geometry-desktop\\1.11.0\\5e430152487375359973ac9874653d335dcc220\\ui-geometry-desktop-1.11.0.jar;C:\\Users\\kruz18\\.gradle\\caches\\modules-2\\files-2.1\\org.jetbrains.compose.ui\\ui-backhandler-desktop\\1.11.0\\bd3540bb1d6abd60c5e58f32663b2f3e89406cd1\\ui-backhandler-desktop-1.11.0.jar;C:\\Users\\kruz18\\.gradle\\caches\\modules-2\\files-2.1\\org.jetbrains.compose.ui\\ui-util-desktop\\1.11.0\\4302c582878b82ab24e1f34e6e90f967f7b416ed\\ui-util-desktop-1.11.0.jar;C:\\Users\\kruz18\\.gradle\\caches\\modules-2\\files-2.1\\org.jetbrains.compose.ui\\ui-text-desktop\\1.11.0\\6ded685e2601260d6231c859a849b96ee6c60368\\ui-text-desktop-1.11.0.jar;C:\\Users\\kruz18\\.gradle\\caches\\modules-2\\files-2.1\\org.jetbrains.compose.ui\\ui-test-desktop\\1.11.0\\af9676309d288e6786fcd931c15274a4d9a8fabe\\ui-test-desktop-1.11.0.jar;C:\\Users\\kruz18\\.gradle\\caches\\modules-2\\files-2.1\\org.jetbrains.compose.ui\\ui-desktop\\1.11.0\\25db30fe824f0e7455ccf7a9455a69ce6f609e6c\\ui-desktop-1.11.0.jar;C:\\Users\\kruz18\\.gradle\\caches\\modules-2\\files-2.1\\androidx.navigationevent\\navigationevent-desktop\\1.0.1\\ddb1e7fe97ed51c3d35bba493f97fcf12398719\\navigationevent-desktop-1.0.1.jar;C:\\Users\\kruz18\\.gradle\\caches\\modules-2\\files-2.1\\org.jetbrains.compose.runtime\\runtime-saveable-desktop\\1.11.0\\b7c8a8ed985a0f15b4d8d206de1fc6125b499388\\runtime-saveable-desktop-1.11.0.jar;C:\\Users\\kruz18\\.gradle\\caches\\modules-2\\files-2.1\\androidx.compose.runtime\\runtime-saveable-desktop\\1.11.1\\1618fae89791692a224fe7aa79edbd7a8f5b7522\\runtime-saveable-desktop-1.11.1.jar;C:\\Users\\kruz18\\.gradle\\caches\\modules-2\\files-2.1\\androidx.compose.runtime\\runtime-annotation-jvm\\1.11.1\\db4aa964627ac96331b72e231b9ad54318d112f4\\runtime-annotation-jvm-1.11.1.jar;C:\\Users\\kruz18\\.gradle\\caches\\modules-2\\files-2.1\\androidx.compose.runtime\\runtime-retain-desktop\\1.11.1\\3aa3ec26ef2a3d26bc556b51b33d09efc1a198e8\\runtime-retain-desktop-1.11.1.jar;C:\\Users\\kruz18\\.gradle\\caches\\modules-2\\files-2.1\\org.jetbrains.androidx.savedstate\\savedstate-compose-desktop\\1.3.6\\63692375ffe667f12cb3ea8aa1e605d659ed2add\\savedstate-compose-desktop-1.3.6.jar;C:\\Users\\kruz18\\.gradle\\caches\\modules-2\\files-2.1\\org.jetbrains.androidx.lifecycle\\lifecycle-runtime-compose-desktop\\2.9.6\\7b6b6793f3c4c5996b20d1d99cf728e5fac00364\\lifecycle-runtime-compose-desktop-2.9.6.jar;C:\\Users\\kruz18\\.gradle\\caches\\modules-2\\files-2.1\\androidx.lifecycle\\lifecycle-runtime-desktop\\2.9.4\\1cc820319ec0139e76b8a2fe4be0b356b4e624c4\\lifecycle-runtime-desktop-2.9.4.jar;C:\\Users\\kruz18\\.gradle\\caches\\modules-2\\files-2.1\\androidx.lifecycle\\lifecycle-common-jvm\\2.9.4\\ab739bccdb3541983385af169565c7c035d897e7\\lifecycle-common-jvm-2.9.4.jar;C:\\Users\\kruz18\\.gradle\\caches\\modules-2\\files-2.1\\androidx.lifecycle\\lifecycle-runtime-compose-desktop\\2.9.4\\86a4ffec845d4e488078118a0b5095bd1fabcafe\\lifecycle-runtime-compose-desktop-2.9.4.jar;C:\\Users\\kruz18\\.gradle\\caches\\modules-2\\files-2.1\\androidx.lifecycle\\lifecycle-viewmodel-desktop\\2.9.4\\93fee6d78f0df0e38f36e0fa2eff74f8da6d5481\\lifecycle-viewmodel-desktop-2.9.4.jar;C:\\Users\\kruz18\\.gradle\\caches\\modules-2\\files-2.1\\androidx.lifecycle\\lifecycle-viewmodel-savedstate-desktop\\2.9.4\\72a1919b08c5a4da224d8a65ce1589aa69934e8a\\lifecycle-viewmodel-savedstate-desktop-2.9.4.jar;C:\\Users\\kruz18\\.gradle\\caches\\modules-2\\files-2.1\\androidx.savedstate\\savedstate-desktop\\1.4.0\\3b049a0f81643d6b4b900de95bc23efc085c32d5\\savedstate-desktop-1.4.0.jar;C:\\Users\\kruz18\\.gradle\\caches\\modules-2\\files-2.1\\androidx.savedstate\\savedstate-compose-desktop\\1.4.0\\d3d6e0e2108528eb6080dc250da925a572be4202\\savedstate-compose-desktop-1.4.0.jar;C:\\Users\\kruz18\\.gradle\\caches\\modules-2\\files-2.1\\androidx.compose.runtime\\runtime-desktop\\1.11.1\\d778cba765eaed705d37ddd06542a01369fcbb16\\runtime-desktop-1.11.1.jar;C:\\Users\\kruz18\\.gradle\\caches\\modules-2\\files-2.1\\org.jetbrains.compose.runtime\\runtime-desktop\\1.11.0\\1941336b045aac4b87cc3be81d9fdb9977c88c61\\runtime-desktop-1.11.0.jar;C:\\Users\\kruz18\\.gradle\\caches\\modules-2\\files-2.1\\io.github.oshai\\kotlin-logging-jvm\\7.0.13\\59500693668b6c70e9580c651298734054d20284\\kotlin-logging-jvm-7.0.13.jar;C:\\Users\\kruz18\\.gradle\\caches\\modules-2\\files-2.1\\org.jetbrains.kotlinx\\kotlinx-coroutines-test-jvm\\1.10.2\\deb87732ba15dc455f08af4b120fca0d96d6cb5f\\kotlinx-coroutines-test-jvm-1.10.2.jar;C:\\Users\\kruz18\\.gradle\\caches\\modules-2\\files-2.1\\org.jetbrains.skiko\\skiko-awt-runtime-windows-x64\\0.144.6\\6f04ac6776aa0cba95b4232e8e174bea5051c4fd\\skiko-awt-runtime-windows-x64-0.144.6.jar;C:\\Users\\kruz18\\.gradle\\caches\\modules-2\\files-2.1\\org.jetbrains.skiko\\skiko-awt-runtime-macos-arm64\\0.144.6\\fa12044f1775530103fd37e71f7bf5398a1d735d\\skiko-awt-runtime-macos-arm64-0.144.6.jar;C:\\Users\\kruz18\\.gradle\\caches\\modules-2\\files-2.1\\org.jetbrains.skiko\\skiko-awt\\0.144.6\\c9bec39e3c517ed5591c71c7db0cbbe64b6be849\\skiko-awt-0.144.6.jar;C:\\Users\\kruz18\\.gradle\\caches\\modules-2\\files-2.1\\org.jetbrains.kotlinx\\kotlinx-coroutines-core-jvm\\1.10.2\\4a9f78ef49483748e2c129f3d124b8fa249dafbf\\kotlinx-coroutines-core-jvm-1.10.2.jar;C:\\Users\\kruz18\\.gradle\\caches\\modules-2\\files-2.1\\io.github.takahirom.roborazzi\\roborazzi-painter-jvm\\1.63.0\\bf3fa7f7b72ec80d60e16ca5080c7c097fa23883\\roborazzi-painter-jvm.jar;C:\\Users\\kruz18\\.gradle\\caches\\modules-2\\files-2.1\\io.github.takahirom.roborazzi\\roborazzi-core-jvm\\1.63.0\\d0bd28cc417e24f02708b60743591c7b025fdbb\\roborazzi-core-jvm.jar;C:\\Users\\kruz18\\.gradle\\caches\\modules-2\\files-2.1\\org.jetbrains.kotlinx\\kotlinx-serialization-json-jvm\\1.7.3\\6701e8c68d9e82387ce72ee96e8ddf058208d58f\\kotlinx-serialization-json-jvm-1.7.3.jar;C:\\Users\\kruz18\\.gradle\\caches\\modules-2\\files-2.1\\org.jetbrains.kotlinx\\kotlinx-serialization-core-jvm\\1.7.3\\1f226780b845ff9206474c05159245d861556249\\kotlinx-serialization-core-jvm-1.7.3.jar;C:\\Users\\kruz18\\.gradle\\caches\\modules-2\\files-2.1\\org.jetbrains.compose.components\\components-ui-tooling-preview-desktop\\1.11.0\\b1cf782605b572c79f636e7ccc36393d1be8db49\\library-desktop-1.11.0.jar;C:\\Users\\kruz18\\.gradle\\caches\\modules-2\\files-2.1\\androidx.collection\\collection-jvm\\1.5.0\\7ba2c69414d46ebc2dd76598bdd0a75c54281a57\\collection-jvm-1.5.0.jar;C:\\Users\\kruz18\\.gradle\\caches\\modules-2\\files-2.1\\org.jetbrains.kotlinx\\atomicfu-jvm\\0.28.0\\6a9ac536f4b2144e57c176fd4e26821eb12084f4\\atomicfu-jvm-0.28.0.jar;C:\\Users\\kruz18\\.gradle\\caches\\modules-2\\files-2.1\\androidx.arch.core\\core-common\\2.2.0\\5e1b8b81dfd5f52c56a8d53b18ca759c19a301f3\\core-common-2.2.0.jar;C:\\Users\\kruz18\\.gradle\\caches\\modules-2\\files-2.1\\androidx.annotation\\annotation-jvm\\1.9.1\\b17951747e38bf3986a24431b9ba0d039958aa5f\\annotation-jvm-1.9.1.jar;C:\\Users\\kruz18\\.gradle\\caches\\modules-2\\files-2.1\\org.jetbrains.kotlinx\\kotlinx-datetime-jvm\\0.7.1\\81c2e0246bd28cc2dcbdf0ab53628322e66a9de9\\kotlinx-datetime-jvm-0.7.1.jar;C:\\Users\\kruz18\\.gradle\\caches\\modules-2\\files-2.1\\com.dropbox.differ\\differ-jvm\\0.3.0\\1fc0656a44bf48b466414a6167c675a1e84e4703\\differ-jvm-0.3.0.jar;C:\\Users\\kruz18\\.gradle\\caches\\modules-2\\files-2.1\\org.jetbrains.kotlinx\\kotlinx-io-core-jvm\\0.3.3\\66d09333cd60ba1c48c9b906b3a888112653d252\\kotlinx-io-core-jvm-0.3.3.jar;C:\\Users\\kruz18\\.gradle\\caches\\modules-2\\files-2.1\\org.jetbrains.kotlinx\\kotlinx-io-bytestring-jvm\\0.3.3\\aaa11306c241f7ab75346f03c3849cf5f5c308f5\\kotlinx-io-bytestring-jvm-0.3.3.jar;C:\\Users\\kruz18\\.gradle\\caches\\modules-2\\files-2.1\\org.jetbrains.kotlin\\kotlin-stdlib\\2.3.21\\a2ee2c4e220fee522f0451b723bab2a43f3481a7\\kotlin-stdlib-2.3.21.jar;C:\\Users\\kruz18\\.gradle\\caches\\modules-2\\files-2.1\\org.slf4j\\slf4j-simple\\2.0.17\\9872a3fd794ffe7b18d17747926a64d61526ca96\\slf4j-simple-2.0.17.jar;C:\\Users\\kruz18\\.gradle\\caches\\modules-2\\files-2.1\\org.slf4j\\slf4j-api\\2.0.17\\d9e58ac9c7779ba3bf8142aff6c830617a7fe60f\\slf4j-api-2.0.17.jar;C:\\Users\\kruz18\\.gradle\\caches\\modules-2\\files-2.1\\org.apache.pdfbox\\pdfbox\\3.0.5\\c34109061c3a0d85d871d9edc469ac0682f81856\\pdfbox-3.0.5.jar;C:\\Users\\kruz18\\.gradle\\caches\\modules-2\\files-2.1\\org.jetbrains\\annotations\\23.0.0\\8cc20c07506ec18e0834947b84a864bfc094484e\\annotations-23.0.0.jar;C:\\Users\\kruz18\\.gradle\\caches\\modules-2\\files-2.1\\org.apache.pdfbox\\fontbox\\3.0.5\\b4a068e1dba2b9832a108cdf6e9a3249680e3ce8\\fontbox-3.0.5.jar;C:\\Users\\kruz18\\.gradle\\caches\\modules-2\\files-2.1\\org.apache.pdfbox\\pdfbox-io\\3.0.5\\402151a8d1aa427ea879cc7160e9227e9f5088ba\\pdfbox-io-3.0.5.jar;C:\\Users\\kruz18\\.gradle\\caches\\modules-2\\files-2.1\\commons-logging\\commons-logging\\1.3.5\\a3fcc5d3c29b2b03433aa2d2f2d2c1b1638924a1\\commons-logging-1.3.5.jar;C:\\Users\\kruz18\\.gradle\\caches\\modules-2\\files-2.1\\org.jetbrains.runtime\\jbr-api\\1.9.0\\2bc161f5472b5fd5610740e4d6ebe896c811cb0e\\jbr-api-1.9.0.jar;C:\\Users\\kruz18\\.gradle\\caches\\modules-2\\files-2.1\\com.google.truth\\truth\\1.0.1\\361459309085bd9441cb97b62f160e8b353a93c0\\truth-1.0.1.jar;C:\\Users\\kruz18\\.gradle\\caches\\modules-2\\files-2.1\\junit\\junit\\4.13.2\\8ac9e16d933b6fb43bc7f576336b8f4d7eb5ba12\\junit-4.13.2.jar;C:\\Users\\kruz18\\.gradle\\caches\\modules-2\\files-2.1\\org.hamcrest\\hamcrest-core\\1.3\\42a25dc3219429f0e5d060061f71acb49bf010a0\\hamcrest-core-1.3.jar;C:\\Users\\kruz18\\.gradle\\caches\\modules-2\\files-2.1\\com.google.guava\\guava\\28.1-android\\c2526f8fad32a65a6d7032dd8e9524eb276b108b\\guava-28.1-android.jar;C:\\Users\\kruz18\\.gradle\\caches\\modules-2\\files-2.1\\org.checkerframework\\checker-compat-qual\\2.5.5\\435dc33e3019c9f019e15f01aa111de9d6b2b79c\\checker-compat-qual-2.5.5.jar;C:\\Users\\kruz18\\.gradle\\caches\\modules-2\\files-2.1\\com.googlecode.java-diff-utils\\diffutils\\1.3.0\\7e060dd5b19431e6d198e91ff670644372f60fbd\\diffutils-1.3.0.jar;C:\\Users\\kruz18\\.gradle\\caches\\modules-2\\files-2.1\\com.google.auto.value\\auto-value-annotations\\1.6.3\\b88c1bb7f149f6d2cc03898359283e57b08f39cc\\auto-value-annotations-1.6.3.jar;C:\\Users\\kruz18\\.gradle\\caches\\modules-2\\files-2.1\\com.google.errorprone\\error_prone_annotations\\2.3.3\\42aa5155a54a87d70af32d4b0d06bf43779de0e2\\error_prone_annotations-2.3.3.jar;C:\\Users\\kruz18\\.gradle\\caches\\modules-2\\files-2.1\\com.google.guava\\failureaccess\\1.0.1\\1dcf1de382a0bf95a3d8b0849546c88bac1292c9\\failureaccess-1.0.1.jar;C:\\Users\\kruz18\\.gradle\\caches\\modules-2\\files-2.1\\com.google.guava\\listenablefuture\\9999.0-empty-to-avoid-conflict-with-guava\\b421526c5f297295adef1c886e5246c39d4ac629\\listenablefuture-9999.0-empty-to-avoid-conflict-with-guava.jar;C:\\Users\\kruz18\\.gradle\\caches\\modules-2\\files-2.1\\com.google.code.findbugs\\jsr305\\3.0.2\\25ea2e8b0c338a877313bd4672d3fe056ea78f0d\\jsr305-3.0.2.jar;C:\\Users\\kruz18\\.gradle\\caches\\modules-2\\files-2.1\\com.google.j2objc\\j2objc-annotations\\1.3\\ba035118bc8bac37d7eff77700720999acd9986d\\j2objc-annotations-1.3.jar;C:\\Users\\kruz18\\.gradle\\caches\\modules-2\\files-2.1\\org.codehaus.mojo\\animal-sniffer-annotations\\1.18\\f7aa683ea79dc6681ee9fb95756c999acbb62f5d\\animal-sniffer-annotations-1.18.jar;C:\\Users\\kruz18\\.gradle\\caches\\modules-2\\files-2.1\\org.jspecify\\jspecify\\1.0.0\\7425a601c1c7ec76645a78d22b8c6a627edee507\\jspecify-1.0.0.jar
Launcher Type: SUN_STANDARD

[Global flags]
     intx CICompilerCount                          = 12                                        {product} {ergonomic}
     uint ConcGCThreads                            = 3                                         {product} {ergonomic}
     uint G1ConcRefinementThreads                  = 13                                        {product} {ergonomic}
   size_t G1HeapRegionSize                         = 1048576                                   {product} {ergonomic}
    uintx GCDrainStackTargetSize                   = 64                                        {product} {ergonomic}
   size_t InitialHeapSize                          = 536870912                                 {product} {ergonomic}
   size_t MarkStackSize                            = 4194304                                   {product} {ergonomic}
   size_t MaxHeapSize                              = 536870912                                 {product} {command line}
   size_t MaxNewSize                               = 321912832                                 {product} {ergonomic}
   size_t MinHeapDeltaBytes                        = 1048576                                   {product} {ergonomic}
   size_t MinHeapSize                              = 8388608                                   {product} {ergonomic}
    uintx NonNMethodCodeHeapSize                   = 7602480                                {pd product} {ergonomic}
    uintx NonProfiledCodeHeapSize                  = 122027880                              {pd product} {ergonomic}
    uintx ProfiledCodeHeapSize                     = 122027880                              {pd product} {ergonomic}
    uintx ReservedCodeCacheSize                    = 251658240                              {pd product} {ergonomic}
     bool SegmentedCodeCache                       = true                                      {product} {ergonomic}
   size_t SoftMaxHeapSize                          = 536870912                              {manageable} {ergonomic}
     bool UseCompressedOops                        = true                           {product lp64_product} {ergonomic}
     bool UseG1GC                                  = true                                      {product} {ergonomic}
     bool UseLargePagesIndividualAllocation        = false                                  {pd product} {ergonomic}

Logging:
Log output configuration:
 #0: stdout all=warning uptime,level,tags foldmultilines=false
 #1: stderr all=off uptime,level,tags foldmultilines=false

Environment Variables:
JAVA_HOME=C:\Users\kruz18\Programs\Jdks\temurin-21.0.8
PATH=C:\Program Files\WindowsApps\Microsoft.PowerShell_7.6.2.0_x64__8wekyb3d8bbwe;C:\WINDOWS\system32;C:\WINDOWS;C:\WINDOWS\System32\Wbem;C:\WINDOWS\System32\WindowsPowerShell\v1.0\;C:\WINDOWS\System32\OpenSSH\;C:\Program Files\WireGuard\;C:\Program Files\Docker\Docker\resources\bin;C:\Program Files\nodejs\;C:\Program Files\GitHub CLI\;C:\Program Files\dotnet\;C:\Users\kruz18\AppData\Local\Programs\Python\Python312\Scripts\;C:\Users\kruz18\AppData\Local\Programs\Python\Python312\;C:\Users\kruz18\AppData\Local\Programs\Python\Launcher\;C:\Users\kruz18\.local\bin;C:\Users\kruz18\AppData\Local\Microsoft\WindowsApps;C:\Users\kruz18\AppData\Local\JetBrains\Toolbox\scripts;C:\Users\kruz18\Programs\Jdks\temurin-21.0.8\bin;C:\Users\kruz18\Programs\Gradle\gradle-9.0.0\bin;C:\Users\kruz18\AppData\Local\Programs\Git\cmd;C:\Users\kruz18\Programs\VScode\Microsoft VS Code\bin;C:\Users\kruz18\AppData\Local\PowerToys\DSCModules\;C:\Users\kruz18\AppData\Local\Programs\Ollama;C:\Users\kruz18\AppData\Roaming\npm;C:\Users\kruz18\AppData\Local\Programs\cursor\resources\app\bin;C:\Users\kruz18\AppData\Local\Programs\Windsurf\bin;C:\Users\kruz18\AppData\Local\Microsoft\WinGet\Packages\astral-sh.ruff_Microsoft.Winget.Source_8wekyb3d8bbwe;C:\Users\kruz18\AppData\Local\Microsoft\WinGet\Packages\astral-sh.uv_Microsoft.Winget.Source_8wekyb3d8bbwe;C:\Users\kruz18\AppData\Local\Programs\Zed\bin;C:\Users\kruz18\AppData\Local\Pandoc\;C:\Users\kruz18\AppData\Local\Microsoft\WinGet\Packages\Typst.Typst_Microsoft.Winget.Source_8wekyb3d8bbwe\typst-x86_64-pc-windows-msvc;C:\Users\kruz18\AppData\Local\Programs\MiKTeX\miktex\bin\x64\;C:\Users\kruz18\AppData\Local\Programs\MiKTeX2\miktex\bin\x64\;C:\Users\kruz18\AppData\Local\Microsoft\WinGet\Packages\BurntSushi.ripgrep.MSVC_Microsoft.Winget.Source_8wekyb3d8bbwe\ripgrep-15.1.0-x86_64-pc-windows-msvc;C:\Users\kruz18\AppData\Local\Programs\Python\Python312;C:\Program Files\nodejs;C:\Users\kruz18\AppData\Local\Programs\Git\mingw64\bin
USERNAME=kruz18
OS=Windows_NT
PROCESSOR_IDENTIFIER=AMD64 Family 25 Model 33 Stepping 2, AuthenticAMD
TMP=C:\Users\kruz18\AppData\Local\Temp
TEMP=C:\Users\kruz18\AppData\Local\Temp




Periodic native trim disabled

---------------  S Y S T E M  ---------------

OS:
 Windows 11 , 64 bit Build 26100 (10.0.26100.8328)
OS uptime: 0 days 11:03 hours
Hyper-V role detected

CPU: total 16 (initial active 16) (16 cores per cpu, 2 threads per core) family 25 model 33 stepping 2 microcode 0xa20120e, cx8, cmov, fxsr, ht, mmx, 3dnowpref, sse, sse2, sse3, ssse3, sse4a, sse4.1, sse4.2, popcnt, lzcnt, tsc, tscinvbit, avx, avx2, aes, erms, clmul, bmi1, bmi2, adx, sha, fma, vzeroupper, clflush, clflushopt, hv, rdtscp, rdpid, fsrm, f16c, cet_ss
Processor Information for the first 16 processors :
  Max Mhz: 3401, Current Mhz: 3401, Mhz Limit: 3401

Memory: 4k page, system-wide physical 65455M (40529M free)
TotalPageFile size 69551M (AvailPageFile size 41499M)
current process WorkingSet (physical memory assigned to process): 788M, peak: 788M
current process commit charge ("private bytes"): 834M, peak: 834M

vm_info: OpenJDK 64-Bit Server VM (21.0.8+9-LTS) for windows-amd64 JRE (21.0.8+9-LTS), built on 2025-07-15T00:00:00Z by "admin" with MS VC++ 17.7 (VS2022)

END.
